Zolt zkVM Prover
================

Loading ELF: examples/fibonacci.elf
  Entry point: 0x80000000
  Code size: 104 bytes
  Trace length: 1024

[1/4] Preprocessing...
  SRS degree: 1280
  Max trace length: 1024
  Time: 227.89 ms

[2/4] Initializing prover...
  Prover initialized with proving key
  Time: 0.00 ms

[3/4] Generating proof...
  Running 6-stage multi-sumcheck protocol
  Components: HyperKZG, Lasso lookups, 24 tables
[TRACE] Detected infinite loop at PC 0x80000010, cycle 54
[TRACE] Terminated via infinite loop at PC 0x80000010, cycle 54
[TRACE] Last instruction: 0x0000006f at PC 0x80000010
[TRACE] Recorded synthetic termination write: addr=0x000000007fffc008, cycle=54, pre=0, post=1
[PADDING] Padding trace from 54 to 256 cycles

[PROVER] ========================================
[PROVER] Starting multi-stage proof
[PROVER]   log_t=8, log_k=16, trace_len=256
[PROVER] ========================================

[PROVER STAGE 1] Starting Outer Spartan sumcheck
[PROVER STAGE 1]   num_cycles=256, log_constraints=13, padded=8192
[PROVER STAGE 1]   witness_size=11009
[PROVER STAGE 1]   getting 13 tau challenges
[PROVER STAGE 1]     tau[0] = 2e5ecd63d5467abbc704bf8fe56ac308560634cb61827be820b17dadd2c01365
[PROVER STAGE 1]     tau[1] = 2a35736ef451379edc2f1b95d84ad504d4eb2276d31dc599d12982a1203475cc
[PROVER STAGE 1]     tau[2] = 2d9717ef6c42c6c3377c92c96d3864480c3bca64c1e2e538d4f009ba524dec24
[PROVER STAGE 1]     tau[3] = 1fc3980f15788ae9d2a026253912a658b2848127767a1a5f607cc789d4d8839b
[PROVER STAGE 1]     tau[4] = 29e954fb18bad1d75566bf61d973bdad30d5a4436ac2fbd6bf27dab3004d1f7a
[PROVER STAGE 1]     tau[5] = 2d58d1fe77314ae94430d2e9f3c6f2b6e4f6159db9ac494d0419c7ce42603ab2
[PROVER STAGE 1]     tau[6] = 1df4096c3b4d167f435cf0fe68c5d52bb70d3b0263cd367137c0a72b8c7070fc
[PROVER STAGE 1]     tau[7] = 1028c32fee2363275058c349f15da01ffb855e2b2d9808beaa264f8c1608514a
[PROVER STAGE 1]     tau[8] = 20085a74a0c1ad2abc7a7a0b9495ed91b005bc324a0d67e48e0d7c6145feb21f
[PROVER STAGE 1]     tau[9] = 21b69b260340a7da8019598bca29cd2c8f1a58fe4ad1390d6cc005d24b7fefa0
[PROVER STAGE 1]     tau[10] = 19458f54d64eee4aec8ef251645e0670003eca73d38f304cc13041770d1efcaf
[PROVER STAGE 1]     tau[11] = 27beff9cadb72c105ec0affd434292daa223d8e3658bf313946727adfa1b0510
[PROVER STAGE 1]     tau[12] = 1f7e3d71bafdcac8e401bc7de73710e8d631337232ee020563dc5f2d0461f1b1

[JOLT SPARTAN] =====================================
[JOLT SPARTAN] JoltSpartanInterface.init
[JOLT SPARTAN] num_cycles = 256
[JOLT SPARTAN] padded_num_constraints = 8192
[JOLT SPARTAN] log_num_constraints = 13
[JOLT SPARTAN] witness.len = 11009
[JOLT SPARTAN] tau.len = 13
[JOLT SPARTAN] tau[0] = 2e5ecd63d5467abbc704bf8fe56ac308560634cb61827be820b17dadd2c01365
[JOLT SPARTAN] tau[1] = 2a35736ef451379edc2f1b95d84ad504d4eb2276d31dc599d12982a1203475cc
[JOLT SPARTAN] tau[2] = 2d9717ef6c42c6c3377c92c96d3864480c3bca64c1e2e538d4f009ba524dec24
[JOLT SPARTAN] tau[3] = 1fc3980f15788ae9d2a026253912a658b2848127767a1a5f607cc789d4d8839b
[JOLT SPARTAN] tau[4] = 29e954fb18bad1d75566bf61d973bdad30d5a4436ac2fbd6bf27dab3004d1f7a
[JOLT SPARTAN] tau[5] = 2d58d1fe77314ae94430d2e9f3c6f2b6e4f6159db9ac494d0419c7ce42603ab2
[JOLT SPARTAN] tau[6] = 1df4096c3b4d167f435cf0fe68c5d52bb70d3b0263cd367137c0a72b8c7070fc
[JOLT SPARTAN] tau[7] = 1028c32fee2363275058c349f15da01ffb855e2b2d9808beaa264f8c1608514a
[JOLT SPARTAN] tau[8] = 20085a74a0c1ad2abc7a7a0b9495ed91b005bc324a0d67e48e0d7c6145feb21f
[JOLT SPARTAN] tau[9] = 21b69b260340a7da8019598bca29cd2c8f1a58fe4ad1390d6cc005d24b7fefa0
[JOLT SPARTAN] tau[10] = 19458f54d64eee4aec8ef251645e0670003eca73d38f304cc13041770d1efcaf
[JOLT SPARTAN] tau[11] = 27beff9cadb72c105ec0affd434292daa223d8e3658bf313946727adfa1b0510
[JOLT SPARTAN] tau[12] = 1f7e3d71bafdcac8e401bc7de73710e8d631337232ee020563dc5f2d0461f1b1
[JOLT SPARTAN] Az.len = 8192, Bz.len = 8192, Cz.len = 8192
[JOLT SPARTAN] Az[0] = 0000000000000000000000000000000000000000000000000000000000000000
[JOLT SPARTAN] Bz[0] = 1190d5afe788da4a33a5722544dec86aec94541884c3fcf21a36c27dc002a524
[JOLT SPARTAN] Az[1] = 0e0a77c19a07df2f666ea36f7879462e36fc76959f60cd29ac96341c4ffffffb
[JOLT SPARTAN] Bz[1] = 0000000000000000000000000000000000000000000000000000000000000000
[JOLT SPARTAN] Az[2] = 0000000000000000000000000000000000000000000000000000000000000000
[JOLT SPARTAN] Bz[2] = 0000000000000000000000000000000000000000000000000000000000000000
[JOLT SPARTAN] Az[3] = 0000000000000000000000000000000000000000000000000000000000000000
[JOLT SPARTAN] Bz[3] = 1190d5afe788da4a33a5722544dec86aec94541884c3fcf21a36c27dc002a524
[JOLT SPARTAN] Az[4] = 0000000000000000000000000000000000000000000000000000000000000000
[JOLT SPARTAN] Bz[4] = 0000000000000000000000000000000000000000000000000000000000000000
[JOLT SPARTAN] Az[5] = 0e0a77c19a07df2f666ea36f7879462e36fc76959f60cd29ac96341c4ffffffb
[JOLT SPARTAN] Bz[5] = 0000000000000000000000000000000000000000000000000000000000000000
[JOLT SPARTAN] Az[6] = 0000000000000000000000000000000000000000000000000000000000000000
[JOLT SPARTAN] Bz[6] = 0000000000000000000000000000000000000000000000000000000000000000
[JOLT SPARTAN] Az[7] = 0e0a77c19a07df2f666ea36f7879462e36fc76959f60cd29ac96341c4ffffffb
[JOLT SPARTAN] Bz[7] = 0000000000000000000000000000000000000000000000000000000000000000
[JOLT SPARTAN] eq_evals.len = 8192
[JOLT SPARTAN] combined[0] = 0000000000000000000000000000000000000000000000000000000000000000
[JOLT SPARTAN] combined[1] = 0000000000000000000000000000000000000000000000000000000000000000
[JOLT SPARTAN] combined[2] = 0000000000000000000000000000000000000000000000000000000000000000
[JOLT SPARTAN] combined[3] = 0000000000000000000000000000000000000000000000000000000000000000
[JOLT SPARTAN] combined[4] = 0000000000000000000000000000000000000000000000000000000000000000
[JOLT SPARTAN] combined[5] = 0000000000000000000000000000000000000000000000000000000000000000
[JOLT SPARTAN] combined[6] = 0000000000000000000000000000000000000000000000000000000000000000
[JOLT SPARTAN] combined[7] = 0000000000000000000000000000000000000000000000000000000000000000
[JOLT SPARTAN] =====================================

[JOLT SPARTAN] initialClaim = 0000000000000000000000000000000000000000000000000000000000000000
[JOLT SPARTAN] current_len = 8192
[PROVER STAGE 1]   initial_claim = 0000000000000000000000000000000000000000000000000000000000000000
[PROVER STAGE 1]   --- Round 0/13 ---

[JOLT SPARTAN] computeRoundPolynomial round=0
[JOLT SPARTAN] current_len = 8192
[JOLT SPARTAN] p(0) = 0000000000000000000000000000000000000000000000000000000000000000
[JOLT SPARTAN] p(1) = 0000000000000000000000000000000000000000000000000000000000000000
[JOLT SPARTAN] p(2) = 0000000000000000000000000000000000000000000000000000000000000000
[JOLT SPARTAN] p(0)+p(1) = 0000000000000000000000000000000000000000000000000000000000000000
[PROVER STAGE 1]     p(0) = 0000000000000000000000000000000000000000000000000000000000000000
[PROVER STAGE 1]     p(1) = 0000000000000000000000000000000000000000000000000000000000000000
[PROVER STAGE 1]     p(2) = 0000000000000000000000000000000000000000000000000000000000000000
[PROVER STAGE 1]     p(0)+p(1) = 0000000000000000000000000000000000000000000000000000000000000000
[PROVER STAGE 1]     challenge=0xb169c4699b151d26

[JOLT SPARTAN] bindChallenge round=0
[JOLT SPARTAN] challenge = 0b4be9309669c494473b3ca11497c113326a9b8538916094b169c4699b151d26
[JOLT SPARTAN] current_len (before) = 8192
[JOLT SPARTAN] current_len (after) = 4096
[JOLT SPARTAN] new_claim (sum of folded) = 0000000000000000000000000000000000000000000000000000000000000000
[PROVER STAGE 1]   --- Round 1/13 ---

[JOLT SPARTAN] computeRoundPolynomial round=1
[JOLT SPARTAN] current_len = 4096
[JOLT SPARTAN] p(0) = 0000000000000000000000000000000000000000000000000000000000000000
[JOLT SPARTAN] p(1) = 0000000000000000000000000000000000000000000000000000000000000000
[JOLT SPARTAN] p(2) = 0000000000000000000000000000000000000000000000000000000000000000
[JOLT SPARTAN] p(0)+p(1) = 0000000000000000000000000000000000000000000000000000000000000000
[PROVER STAGE 1]     p(0) = 0000000000000000000000000000000000000000000000000000000000000000
[PROVER STAGE 1]     p(1) = 0000000000000000000000000000000000000000000000000000000000000000
[PROVER STAGE 1]     p(2) = 0000000000000000000000000000000000000000000000000000000000000000
[PROVER STAGE 1]     p(0)+p(1) = 0000000000000000000000000000000000000000000000000000000000000000
[PROVER STAGE 1]     challenge=0x57853471d98e0fa

[JOLT SPARTAN] bindChallenge round=1
[JOLT SPARTAN] challenge = 0fd3768c4e5ea9c3c931f4bd84b5a9710491a4bce1e53260057853471d98e0fa
[JOLT SPARTAN] current_len (before) = 4096
[JOLT SPARTAN] current_len (after) = 2048
[JOLT SPARTAN] new_claim (sum of folded) = 0000000000000000000000000000000000000000000000000000000000000000
[PROVER STAGE 1]   --- Round 2/13 ---

[JOLT SPARTAN] computeRoundPolynomial round=2
[JOLT SPARTAN] current_len = 2048
[JOLT SPARTAN] p(0) = 0000000000000000000000000000000000000000000000000000000000000000
[JOLT SPARTAN] p(1) = 0000000000000000000000000000000000000000000000000000000000000000
[JOLT SPARTAN] p(2) = 0000000000000000000000000000000000000000000000000000000000000000
[JOLT SPARTAN] p(0)+p(1) = 0000000000000000000000000000000000000000000000000000000000000000
[PROVER STAGE 1]     p(0) = 0000000000000000000000000000000000000000000000000000000000000000
[PROVER STAGE 1]     p(1) = 0000000000000000000000000000000000000000000000000000000000000000
[PROVER STAGE 1]     p(2) = 0000000000000000000000000000000000000000000000000000000000000000
[PROVER STAGE 1]     p(0)+p(1) = 0000000000000000000000000000000000000000000000000000000000000000
[PROVER STAGE 1]     challenge=0xff55f8326bc717ec

[JOLT SPARTAN] bindChallenge round=2
[JOLT SPARTAN] challenge = 00c7f49b0ccb27f9bfde2dd05a750b4edcaf3e1941f0c9bfff55f8326bc717ec
[JOLT SPARTAN] current_len (before) = 2048
[JOLT SPARTAN] current_len (after) = 1024
[JOLT SPARTAN] new_claim (sum of folded) = 0000000000000000000000000000000000000000000000000000000000000000
[PROVER STAGE 1]   --- Round 3/13 ---

[JOLT SPARTAN] computeRoundPolynomial round=3
[JOLT SPARTAN] current_len = 1024
[JOLT SPARTAN] p(0) = 0000000000000000000000000000000000000000000000000000000000000000
[JOLT SPARTAN] p(1) = 0000000000000000000000000000000000000000000000000000000000000000
[JOLT SPARTAN] p(2) = 0000000000000000000000000000000000000000000000000000000000000000
[JOLT SPARTAN] p(0)+p(1) = 0000000000000000000000000000000000000000000000000000000000000000
[PROVER STAGE 1]     p(0) = 0000000000000000000000000000000000000000000000000000000000000000
[PROVER STAGE 1]     p(1) = 0000000000000000000000000000000000000000000000000000000000000000
[PROVER STAGE 1]     p(2) = 0000000000000000000000000000000000000000000000000000000000000000
[PROVER STAGE 1]     p(0)+p(1) = 0000000000000000000000000000000000000000000000000000000000000000
[PROVER STAGE 1]     challenge=0x9d587faaa5b4eb82

[JOLT SPARTAN] bindChallenge round=3
[JOLT SPARTAN] challenge = 193b96845ae6f67af5b87068a264d84d540498805e2f2bd99d587faaa5b4eb82
[JOLT SPARTAN] current_len (before) = 1024
[JOLT SPARTAN] current_len (after) = 512
[JOLT SPARTAN] new_claim (sum of folded) = 0000000000000000000000000000000000000000000000000000000000000000
[PROVER STAGE 1]   --- Round 4/13 ---

[JOLT SPARTAN] computeRoundPolynomial round=4
[JOLT SPARTAN] current_len = 512
[JOLT SPARTAN] p(0) = 0000000000000000000000000000000000000000000000000000000000000000
[JOLT SPARTAN] p(1) = 0000000000000000000000000000000000000000000000000000000000000000
[JOLT SPARTAN] p(2) = 0000000000000000000000000000000000000000000000000000000000000000
[JOLT SPARTAN] p(0)+p(1) = 0000000000000000000000000000000000000000000000000000000000000000
[PROVER STAGE 1]     p(0) = 0000000000000000000000000000000000000000000000000000000000000000
[PROVER STAGE 1]     p(1) = 0000000000000000000000000000000000000000000000000000000000000000
[PROVER STAGE 1]     p(2) = 0000000000000000000000000000000000000000000000000000000000000000
[PROVER STAGE 1]     p(0)+p(1) = 0000000000000000000000000000000000000000000000000000000000000000
[PROVER STAGE 1]     challenge=0xde3a043e36073422

[JOLT SPARTAN] bindChallenge round=4
[JOLT SPARTAN] challenge = 14a4e28b9c52a9f0009ebcfe38c1087fa52ff5a8af8de18ede3a043e36073422
[JOLT SPARTAN] current_len (before) = 512
[JOLT SPARTAN] current_len (after) = 256
[JOLT SPARTAN] new_claim (sum of folded) = 0000000000000000000000000000000000000000000000000000000000000000
[PROVER STAGE 1]   --- Round 5/13 ---

[JOLT SPARTAN] computeRoundPolynomial round=5
[JOLT SPARTAN] current_len = 256
[JOLT SPARTAN] p(0) = 0000000000000000000000000000000000000000000000000000000000000000
[JOLT SPARTAN] p(1) = 0000000000000000000000000000000000000000000000000000000000000000
[JOLT SPARTAN] p(2) = 0000000000000000000000000000000000000000000000000000000000000000
[JOLT SPARTAN] p(0)+p(1) = 0000000000000000000000000000000000000000000000000000000000000000
[PROVER STAGE 1]     p(0) = 0000000000000000000000000000000000000000000000000000000000000000
[PROVER STAGE 1]     p(1) = 0000000000000000000000000000000000000000000000000000000000000000
[PROVER STAGE 1]     p(2) = 0000000000000000000000000000000000000000000000000000000000000000
[PROVER STAGE 1]     p(0)+p(1) = 0000000000000000000000000000000000000000000000000000000000000000
[PROVER STAGE 1]     challenge=0x6e0822b9e24b6a9e

[JOLT SPARTAN] bindChallenge round=5
[JOLT SPARTAN] challenge = 1ffa2d31c2a3cf84589658095ca951e15ac9a6e330965c4f6e0822b9e24b6a9e
[JOLT SPARTAN] current_len (before) = 256
[JOLT SPARTAN] current_len (after) = 128
[JOLT SPARTAN] new_claim (sum of folded) = 0000000000000000000000000000000000000000000000000000000000000000
[PROVER STAGE 1]   --- Round 6/13 ---

[JOLT SPARTAN] computeRoundPolynomial round=6
[JOLT SPARTAN] current_len = 128
[JOLT SPARTAN] p(0) = 0000000000000000000000000000000000000000000000000000000000000000
[JOLT SPARTAN] p(1) = 0000000000000000000000000000000000000000000000000000000000000000
[JOLT SPARTAN] p(2) = 0000000000000000000000000000000000000000000000000000000000000000
[JOLT SPARTAN] p(0)+p(1) = 0000000000000000000000000000000000000000000000000000000000000000
[PROVER STAGE 1]     p(0) = 0000000000000000000000000000000000000000000000000000000000000000
[PROVER STAGE 1]     p(1) = 0000000000000000000000000000000000000000000000000000000000000000
[PROVER STAGE 1]     p(2) = 0000000000000000000000000000000000000000000000000000000000000000
[PROVER STAGE 1]     p(0)+p(1) = 0000000000000000000000000000000000000000000000000000000000000000
[PROVER STAGE 1]     challenge=0x3281ed8b81e2f63d

[JOLT SPARTAN] bindChallenge round=6
[JOLT SPARTAN] challenge = 09e8fd1f0acd1f7a735e48f2d91fa7b93faa8265812ba09d3281ed8b81e2f63d
[JOLT SPARTAN] current_len (before) = 128
[JOLT SPARTAN] current_len (after) = 64
[JOLT SPARTAN] new_claim (sum of folded) = 0000000000000000000000000000000000000000000000000000000000000000
[PROVER STAGE 1]   --- Round 7/13 ---

[JOLT SPARTAN] computeRoundPolynomial round=7
[JOLT SPARTAN] current_len = 64
[JOLT SPARTAN] p(0) = 0000000000000000000000000000000000000000000000000000000000000000
[JOLT SPARTAN] p(1) = 0000000000000000000000000000000000000000000000000000000000000000
[JOLT SPARTAN] p(2) = 0000000000000000000000000000000000000000000000000000000000000000
[JOLT SPARTAN] p(0)+p(1) = 0000000000000000000000000000000000000000000000000000000000000000
[PROVER STAGE 1]     p(0) = 0000000000000000000000000000000000000000000000000000000000000000
[PROVER STAGE 1]     p(1) = 0000000000000000000000000000000000000000000000000000000000000000
[PROVER STAGE 1]     p(2) = 0000000000000000000000000000000000000000000000000000000000000000
[PROVER STAGE 1]     p(0)+p(1) = 0000000000000000000000000000000000000000000000000000000000000000
[PROVER STAGE 1]     challenge=0x611cac3a0c705eff

[JOLT SPARTAN] bindChallenge round=7
[JOLT SPARTAN] challenge = 15e20170faf4513d78d73dca0303ddc71d934c1c3bcad75b611cac3a0c705eff
[JOLT SPARTAN] current_len (before) = 64
[JOLT SPARTAN] current_len (after) = 32
[JOLT SPARTAN] new_claim (sum of folded) = 0000000000000000000000000000000000000000000000000000000000000000
[PROVER STAGE 1]   --- Round 8/13 ---

[JOLT SPARTAN] computeRoundPolynomial round=8
[JOLT SPARTAN] current_len = 32
[JOLT SPARTAN] p(0) = 0000000000000000000000000000000000000000000000000000000000000000
[JOLT SPARTAN] p(1) = 0000000000000000000000000000000000000000000000000000000000000000
[JOLT SPARTAN] p(2) = 0000000000000000000000000000000000000000000000000000000000000000
[JOLT SPARTAN] p(0)+p(1) = 0000000000000000000000000000000000000000000000000000000000000000
[PROVER STAGE 1]     p(0) = 0000000000000000000000000000000000000000000000000000000000000000
[PROVER STAGE 1]     p(1) = 0000000000000000000000000000000000000000000000000000000000000000
[PROVER STAGE 1]     p(2) = 0000000000000000000000000000000000000000000000000000000000000000
[PROVER STAGE 1]     p(0)+p(1) = 0000000000000000000000000000000000000000000000000000000000000000
[PROVER STAGE 1]     challenge=0xb86114e1892380ce

[JOLT SPARTAN] bindChallenge round=8
[JOLT SPARTAN] challenge = 145d094b8e42869e5ac934b06e426b9befb84d17af6982f4b86114e1892380ce
[JOLT SPARTAN] current_len (before) = 32
[JOLT SPARTAN] current_len (after) = 16
[JOLT SPARTAN] new_claim (sum of folded) = 0000000000000000000000000000000000000000000000000000000000000000
[PROVER STAGE 1]   --- Round 9/13 ---

[JOLT SPARTAN] computeRoundPolynomial round=9
[JOLT SPARTAN] current_len = 16
[JOLT SPARTAN] p(0) = 0000000000000000000000000000000000000000000000000000000000000000
[JOLT SPARTAN] p(1) = 0000000000000000000000000000000000000000000000000000000000000000
[JOLT SPARTAN] p(2) = 0000000000000000000000000000000000000000000000000000000000000000
[JOLT SPARTAN] p(0)+p(1) = 0000000000000000000000000000000000000000000000000000000000000000
[PROVER STAGE 1]     p(0) = 0000000000000000000000000000000000000000000000000000000000000000
[PROVER STAGE 1]     p(1) = 0000000000000000000000000000000000000000000000000000000000000000
[PROVER STAGE 1]     p(2) = 0000000000000000000000000000000000000000000000000000000000000000
[PROVER STAGE 1]     p(0)+p(1) = 0000000000000000000000000000000000000000000000000000000000000000
[PROVER STAGE 1]     challenge=0x43c2a56448f4834

[JOLT SPARTAN] bindChallenge round=9
[JOLT SPARTAN] challenge = 1f65950410896803318c20bb6c4e3b5183ae8cbc1e4e00c2043c2a56448f4834
[JOLT SPARTAN] current_len (before) = 16
[JOLT SPARTAN] current_len (after) = 8
[JOLT SPARTAN] new_claim (sum of folded) = 0000000000000000000000000000000000000000000000000000000000000000
[PROVER STAGE 1]   --- Round 10/13 ---

[JOLT SPARTAN] computeRoundPolynomial round=10
[JOLT SPARTAN] current_len = 8
[JOLT SPARTAN] p(0) = 0000000000000000000000000000000000000000000000000000000000000000
[JOLT SPARTAN] p(1) = 0000000000000000000000000000000000000000000000000000000000000000
[JOLT SPARTAN] p(2) = 0000000000000000000000000000000000000000000000000000000000000000
[JOLT SPARTAN] p(0)+p(1) = 0000000000000000000000000000000000000000000000000000000000000000
[PROVER STAGE 1]     p(0) = 0000000000000000000000000000000000000000000000000000000000000000
[PROVER STAGE 1]     p(1) = 0000000000000000000000000000000000000000000000000000000000000000
[PROVER STAGE 1]     p(2) = 0000000000000000000000000000000000000000000000000000000000000000
[PROVER STAGE 1]     p(0)+p(1) = 0000000000000000000000000000000000000000000000000000000000000000
[PROVER STAGE 1]     challenge=0xe0807e1f0d57af6b

[JOLT SPARTAN] bindChallenge round=10
[JOLT SPARTAN] challenge = 25eac15d9205ebebf8f73f8a4503083a9a617b4fb015f04de0807e1f0d57af6b
[JOLT SPARTAN] current_len (before) = 8
[JOLT SPARTAN] current_len (after) = 4
[JOLT SPARTAN] new_claim (sum of folded) = 0000000000000000000000000000000000000000000000000000000000000000
[PROVER STAGE 1]   --- Round 11/13 ---

[JOLT SPARTAN] computeRoundPolynomial round=11
[JOLT SPARTAN] current_len = 4
[JOLT SPARTAN] p(0) = 0000000000000000000000000000000000000000000000000000000000000000
[JOLT SPARTAN] p(1) = 0000000000000000000000000000000000000000000000000000000000000000
[JOLT SPARTAN] p(2) = 0000000000000000000000000000000000000000000000000000000000000000
[JOLT SPARTAN] p(0)+p(1) = 0000000000000000000000000000000000000000000000000000000000000000
[PROVER STAGE 1]     p(0) = 0000000000000000000000000000000000000000000000000000000000000000
[PROVER STAGE 1]     p(1) = 0000000000000000000000000000000000000000000000000000000000000000
[PROVER STAGE 1]     p(2) = 0000000000000000000000000000000000000000000000000000000000000000
[PROVER STAGE 1]     p(0)+p(1) = 0000000000000000000000000000000000000000000000000000000000000000
[PROVER STAGE 1]     challenge=0x5c93426a318e8e59

[JOLT SPARTAN] bindChallenge round=11
[JOLT SPARTAN] challenge = 135451a306dcbaa83e3cbb7dff1d389ec0aa0b0782815d435c93426a318e8e59
[JOLT SPARTAN] current_len (before) = 4
[JOLT SPARTAN] current_len (after) = 2
[JOLT SPARTAN] new_claim (sum of folded) = 0000000000000000000000000000000000000000000000000000000000000000
[PROVER STAGE 1]   --- Round 12/13 ---

[JOLT SPARTAN] computeRoundPolynomial round=12
[JOLT SPARTAN] current_len = 2
[JOLT SPARTAN] p(0) = 0000000000000000000000000000000000000000000000000000000000000000
[JOLT SPARTAN] p(1) = 0000000000000000000000000000000000000000000000000000000000000000
[JOLT SPARTAN] p(2) = 0000000000000000000000000000000000000000000000000000000000000000
[JOLT SPARTAN] p(0)+p(1) = 0000000000000000000000000000000000000000000000000000000000000000
[PROVER STAGE 1]     p(0) = 0000000000000000000000000000000000000000000000000000000000000000
[PROVER STAGE 1]     p(1) = 0000000000000000000000000000000000000000000000000000000000000000
[PROVER STAGE 1]     p(2) = 0000000000000000000000000000000000000000000000000000000000000000
[PROVER STAGE 1]     p(0)+p(1) = 0000000000000000000000000000000000000000000000000000000000000000
[PROVER STAGE 1]     challenge=0x6226c9cf87df2f81

[JOLT SPARTAN] bindChallenge round=12
[JOLT SPARTAN] challenge = 1436dce4bdcf27ac819e4b5c5681dcc57ccc4d8a6346ebd66226c9cf87df2f81
[JOLT SPARTAN] current_len (before) = 2
[JOLT SPARTAN] current_len (after) = 1
[JOLT SPARTAN] new_claim (sum of folded) = 0000000000000000000000000000000000000000000000000000000000000000
[PROVER STAGE 1]   final_eval=0x0
[PROVER STAGE 1]   eval_claims: A(r)=0xe21b513915e5427b, B(r)=0xb724021481d78a2e, C(r)=0x0

[PROVER] Stage 1 complete

[PROVER STAGE 2] Starting RAM RAF evaluation
[PROVER STAGE 2]   getting 8 r_cycle challenges
[PROVER STAGE 2]     r_cycle[0]=0x58525445ed0a0c14
[PROVER STAGE 2]     r_cycle[1]=0xd754bc79e242056
[PROVER STAGE 2]     r_cycle[2]=0x25cccfb4be7dece2
[PROVER STAGE 2]     r_cycle[3]=0x1d50aa7444acb56d
[PROVER STAGE 2]     r_cycle[4]=0x58716b12a8853c84
[PROVER STAGE 2]     r_cycle[5]=0xf9a05a94c823915b
[PROVER STAGE 2]     r_cycle[6]=0x40184c6b10061511
[PROVER STAGE 2]     r_cycle[7]=0x9f1c5d40977e43f5
[RA INIT] k_size=65536, non_zero_evals=0, evals[0]={ 0, 0, 0, 0, 0, 0, 0, 0, 0, 0, 0, 0, 0, 0, 0, 0, 0, 0, 0, 0, 0, 0, 0, 0, 0, 0, 0, 0, 0, 0, 0, 0 }
[RA INIT] k_size=65536, non_zero_evals=0, evals[0]={ 0, 0, 0, 0, 0, 0, 0, 0, 0, 0, 0, 0, 0, 0, 0, 0, 0, 0, 0, 0, 0, 0, 0, 0, 0, 0, 0, 0, 0, 0, 0, 0 }
[PROVER STAGE 2]   initial_claim=0x0
[PROVER STAGE 2]   num_rounds=16
[PROVER STAGE 2]   --- Round 0/16 ---
[PROVER STAGE 2]     s(0)=0x0, s(1)=0x0
[PROVER STAGE 2]     challenge=0x5fc03922db4ce15e
[PROVER STAGE 2]   --- Round 1/16 ---
[PROVER STAGE 2]     s(0)=0x0, s(1)=0x0
[PROVER STAGE 2]     challenge=0xaba30b9d7ca821f3
[PROVER STAGE 2]   --- Round 2/16 ---
[PROVER STAGE 2]     s(0)=0x0, s(1)=0x0
[PROVER STAGE 2]     challenge=0xc322675f3a8b17d5
[PROVER STAGE 2]   --- Round 3/16 ---
[PROVER STAGE 2]     s(0)=0x0, s(1)=0x0
[PROVER STAGE 2]     challenge=0x2cc71d5572683bc0
[PROVER STAGE 2]   --- Round 4/16 ---
[PROVER STAGE 2]     s(0)=0x0, s(1)=0x0
[PROVER STAGE 2]     challenge=0xfb2accc0618a6c1c
[PROVER STAGE 2]   --- Round 5/16 ---
[PROVER STAGE 2]     s(0)=0x0, s(1)=0x0
[PROVER STAGE 2]     challenge=0x7571035e1e2aff30
[PROVER STAGE 2]   --- Round 6/16 ---
[PROVER STAGE 2]     s(0)=0x0, s(1)=0x0
[PROVER STAGE 2]     challenge=0xc7376320c0165201
[PROVER STAGE 2]   --- Round 7/16 ---
[PROVER STAGE 2]     s(0)=0x0, s(1)=0x0
[PROVER STAGE 2]     challenge=0xf684ac457b0b2693
[PROVER STAGE 2]   --- Round 8/16 ---
[PROVER STAGE 2]     s(0)=0x0, s(1)=0x0
[PROVER STAGE 2]     challenge=0xd4fc8fc5ee932a25
[PROVER STAGE 2]   --- Round 9/16 ---
[PROVER STAGE 2]     s(0)=0x0, s(1)=0x0
[PROVER STAGE 2]     challenge=0xfbc1b55d077379df
[PROVER STAGE 2]   --- Round 10/16 ---
[PROVER STAGE 2]     s(0)=0x0, s(1)=0x0
[PROVER STAGE 2]     challenge=0xc21df1389a5b4708
[PROVER STAGE 2]   --- Round 11/16 ---
[PROVER STAGE 2]     s(0)=0x0, s(1)=0x0
[PROVER STAGE 2]     challenge=0x4d730d91f748078d
[PROVER STAGE 2]   --- Round 12/16 ---
[PROVER STAGE 2]     s(0)=0x0, s(1)=0x0
[PROVER STAGE 2]     challenge=0x20e3499abc93908d
[PROVER STAGE 2]   --- Round 13/16 ---
[PROVER STAGE 2]     s(0)=0x0, s(1)=0x0
[PROVER STAGE 2]     challenge=0xcb2c10803d2ce472
[PROVER STAGE 2]   --- Round 14/16 ---
[PROVER STAGE 2]     s(0)=0x0, s(1)=0x0
[PROVER STAGE 2]     challenge=0x919aeece921ae0a2
[PROVER STAGE 2]   --- Round 15/16 ---
[PROVER STAGE 2]     s(0)=0x0, s(1)=0x0
[PROVER STAGE 2]     challenge=0x76745405ecfe8263
[RA DEBUG] finalClaim: num_vars=0, active_len=1, evals[0]={ 0, 0, 0, 0, 0, 0, 0, 0, 0, 0, 0, 0, 0, 0, 0, 0, 0, 0, 0, 0, 0, 0, 0, 0, 0, 0, 0, 0, 0, 0, 0, 0 }
[PROVER STAGE 2]   final_claim=0x0

[PROVER] Stage 2 complete

[PROVER STAGE 3] Starting Lasso instruction lookup
[PROVER STAGE 3]   gamma=0xfd0ea5e18f96f5d8
[PROVER STAGE 3]   num_lookup_entries=44
[PROVER STAGE 3]   getting 8 r_reduction challenges
[PROVER STAGE 3]     r_reduction[0]=0x5543d98110dbbfda
[PROVER STAGE 3]     r_reduction[1]=0x3d837e15614cd7c6
[PROVER STAGE 3]     r_reduction[2]=0x71dd3479ec8793dc
[PROVER STAGE 3]     r_reduction[3]=0xd2c3004562ea07c7
[PROVER STAGE 3]     r_reduction[4]=0x8dd14d2d91b37ccf
[PROVER STAGE 3]     r_reduction[5]=0xa4c09452fe40a19e
[PROVER STAGE 3]     r_reduction[6]=0x338ab6b5c690be4c
[PROVER STAGE 3]     r_reduction[7]=0x4c9d30a55203941a
[PROVER STAGE 3]   log_K=16, log_T=8, total_rounds=24
[PROVER STAGE 3]   initial_claim=0xc1f17492950f3c6b
[PROVER STAGE 3]   --- Round 0/24 (ADDR) ---

[LASSO PROVER] computeRoundPolynomial round=0 phase=address
[LASSO PROVER] current_claim = 2865db2b75d2e66572ac9a741ab8f3cefb9636bef1e14b2dc1f17492950f3c6b
[LASSO PROVER] round_poly coeffs:
[LASSO PROVER]   c[0] = 082992d888b10e45ede6b488eb5541e7b79c723d656cd4b001a333e74b8addf4
[LASSO PROVER]   c[1] = 1812b57a6470c9d996df3162440e6fff8c5d52442707a1cdbeab0cc3fdf98083
[LASSO PROVER]   c[2] = 0000000000000000000000000000000000000000000000000000000000000000
[LASSO PROVER] p(0) = 082992d888b10e45ede6b488eb5541e7b79c723d656cd4b001a333e74b8addf4
[LASSO PROVER] p(1) = 203c4852ed21d81f84c5e5eb2f63b1e743f9c4818c74767dc04e40ab49845e77
[LASSO PROVER] p(0)+p(1) = 2865db2b75d2e66572ac9a741ab8f3cefb9636bef1e14b2dc1f17492950f3c6b
[LASSO PROVER] claim     = 2865db2b75d2e66572ac9a741ab8f3cefb9636bef1e14b2dc1f17492950f3c6b
[LASSO PROVER] sumcheck_ok = true
[PROVER STAGE 3]     coeffs: c0=0x1a333e74b8addf4, c1=0xbeab0cc3fdf98083, c2=0x0
[PROVER STAGE 3]     challenge=0x4a5cab7070af0f22

[LASSO PROVER] receiveChallenge round=0 phase=address
[LASSO PROVER] challenge = 068f0af6c7fd644492d1e76a2bac9fc9b2e8b1e75881cd784a5cab7070af0f22
[LASSO PROVER] current_claim (before) = 2865db2b75d2e66572ac9a741ab8f3cefb9636bef1e14b2dc1f17492950f3c6b
[LASSO PROVER] Address phase: binding bit 0
[LASSO PROVER] current_claim (after) = 0a158b8e14e2d82f5d30fc1d105e6b2faea86df90f26f847208255e77f659f22
[PROVER STAGE 3]     new_claim=0x208255e77f659f22
[PROVER STAGE 3]   --- Round 1/24 (ADDR) ---

[LASSO PROVER] computeRoundPolynomial round=1 phase=address
[LASSO PROVER] current_claim = 0a158b8e14e2d82f5d30fc1d105e6b2faea86df90f26f847208255e77f659f22
[LASSO PROVER] round_poly coeffs:
[LASSO PROVER]   c[0] = 1d5b1097847e91353f8f7851146a6aa4e84d4953ea66b098ea9f64d75784497f
[LASSO PROVER]   c[1] = 30280744ce48f6184eb296e7ea8c46a02e75abe22dcc7837d3077760b05d0c26
[LASSO PROVER]   c[2] = 0000000000000000000000000000000000000000000000000000000000000000
[LASSO PROVER] p(0) = 1d5b1097847e91353f8f7851146a6aa4e84d4953ea66b098ea9f64d75784497f
[LASSO PROVER] p(1) = 1d1ec9697195e723d5f1c9827d7558e7ee8f0ced9e79b83f79c4e6a417e155a4
[LASSO PROVER] p(0)+p(1) = 0a158b8e14e2d82f5d30fc1d105e6b2faea86df90f26f847208255e77f659f22
[LASSO PROVER] claim     = 0a158b8e14e2d82f5d30fc1d105e6b2faea86df90f26f847208255e77f659f22
[LASSO PROVER] sumcheck_ok = true
[PROVER STAGE 3]     coeffs: c0=0xea9f64d75784497f, c1=0xd3077760b05d0c26, c2=0x0
[PROVER STAGE 3]     challenge=0x7a012c7c1e859ad7

[LASSO PROVER] receiveChallenge round=1 phase=address
[LASSO PROVER] challenge = 2b46862ccd01fcd97da2d07464b9f8754a296f9a65387a697a012c7c1e859ad7
[LASSO PROVER] current_claim (before) = 0a158b8e14e2d82f5d30fc1d105e6b2faea86df90f26f847208255e77f659f22
[LASSO PROVER] Address phase: binding bit 1
[LASSO PROVER] current_claim (after) = 22cc043c55827ef3eaa4733f9db0ff37588680e1b7cf39c1d38141050b9c8096
[PROVER STAGE 3]     new_claim=0xd38141050b9c8096
[PROVER STAGE 3]   --- Round 2/24 (ADDR) ---

[LASSO PROVER] computeRoundPolynomial round=2 phase=address
[LASSO PROVER] current_claim = 22cc043c55827ef3eaa4733f9db0ff37588680e1b7cf39c1d38141050b9c8096
[LASSO PROVER] round_poly coeffs:
[LASSO PROVER]   c[0] = 268ae7493b2401e4c634ffcbb671673612a6bfaebef3cf0b9e48acf5c11cbf98
[LASSO PROVER]   c[1] = 061a841cc06c1b54168ab95eb24f89285b6ce9ccb3a10c3bdad1dcad79630167
[LASSO PROVER]   c[2] = 0000000000000000000000000000000000000000000000000000000000000000
[LASSO PROVER] p(0) = 268ae7493b2401e4c634ffcbb671673612a6bfaebef3cf0b9e48acf5c11cbf98
[LASSO PROVER] p(1) = 2ca56b65fb901d38dcbfb92a68c0f05e6e13a97b7294db47791a89a33a7fc0ff
[LASSO PROVER] p(0)+p(1) = 22cc043c55827ef3eaa4733f9db0ff37588680e1b7cf39c1d38141050b9c8096
[LASSO PROVER] claim     = 22cc043c55827ef3eaa4733f9db0ff37588680e1b7cf39c1d38141050b9c8096
[LASSO PROVER] sumcheck_ok = true
[PROVER STAGE 3]     coeffs: c0=0x9e48acf5c11cbf98, c1=0xdad1dcad79630167, c2=0x0
[PROVER STAGE 3]     challenge=0x969fbc27e68b6ccc

[LASSO PROVER] receiveChallenge round=2 phase=address
[LASSO PROVER] challenge = 0c252c35c1ccfb7bc65904087680671d757944fc4ffb2fdd969fbc27e68b6ccc
[LASSO PROVER] current_claim (before) = 22cc043c55827ef3eaa4733f9db0ff37588680e1b7cf39c1d38141050b9c8096
[LASSO PROVER] Address phase: binding bit 2
[LASSO PROVER] current_claim (after) = 1b18f106daf7d8a95bd144653b10fabf8f36437d7f3118e992a0476f94715243
[PROVER STAGE 3]     new_claim=0x92a0476f94715243
[PROVER STAGE 3]   --- Round 3/24 (ADDR) ---

[LASSO PROVER] computeRoundPolynomial round=3 phase=address
[LASSO PROVER] current_claim = 1b18f106daf7d8a95bd144653b10fabf8f36437d7f3118e992a0476f94715243
[LASSO PROVER] round_poly coeffs:
[LASSO PROVER]   c[0] = 1057445781b045734652adedeae9e78e46ae079264ff670ff8eb1e124f972a6d
[LASSO PROVER]   c[1] = 2aceb6cab8c8edec877c2e3fe6be84002a0e1ca12eebbb5ae4ac00dee542fd6a
[LASSO PROVER]   c[2] = 0000000000000000000000000000000000000000000000000000000000000000
[LASSO PROVER] p(0) = 1057445781b045734652adedeae9e78e46ae079264ff670ff8eb1e124f972a6d
[LASSO PROVER] p(1) = 0ac1acaf59479336157e96775027133148883beb1a31b1d999b5295d44da27d6
[LASSO PROVER] p(0)+p(1) = 1b18f106daf7d8a95bd144653b10fabf8f36437d7f3118e992a0476f94715243
[LASSO PROVER] claim     = 1b18f106daf7d8a95bd144653b10fabf8f36437d7f3118e992a0476f94715243
[LASSO PROVER] sumcheck_ok = true
[PROVER STAGE 3]     coeffs: c0=0xf8eb1e124f972a6d, c1=0xe4ac00dee542fd6a, c2=0x0
[PROVER STAGE 3]     challenge=0x96be20d038b9bd34

[LASSO PROVER] receiveChallenge round=3 phase=address
[LASSO PROVER] challenge = 2bdf8914090ecca72514210cdb2324e8916b8123ef48cd4996be20d038b9bd34
[LASSO PROVER] current_claim (before) = 1b18f106daf7d8a95bd144653b10fabf8f36437d7f3118e992a0476f94715243
[LASSO PROVER] Address phase: binding bit 3
[LASSO PROVER] current_claim (after) = 1736d16ae74737df980e72183dc3483b4c9bc48e836be2c7d258329539237811
[PROVER STAGE 3]     new_claim=0xd258329539237811
[PROVER STAGE 3]   --- Round 4/24 (ADDR) ---

[LASSO PROVER] computeRoundPolynomial round=4 phase=address
[LASSO PROVER] current_claim = 1736d16ae74737df980e72183dc3483b4c9bc48e836be2c7d258329539237811
[LASSO PROVER] round_poly coeffs:
[LASSO PROVER]   c[0] = 049f80bd0e0a507e220ad486da26e32cd6e006a18b89c7e3211d81452916d3f8
[LASSO PROVER]   c[1] = 0df7cff0cb3296e353f8c90a897581e19edbb74b6c585301901d300ae6f5d021
[LASSO PROVER]   c[2] = 0000000000000000000000000000000000000000000000000000000000000000
[LASSO PROVER] p(0) = 049f80bd0e0a507e220ad486da26e32cd6e006a18b89c7e3211d81452916d3f8
[LASSO PROVER] p(1) = 129750add93ce76176039d91639c650e75bbbdecf7e21ae4b13ab150100ca419
[LASSO PROVER] p(0)+p(1) = 1736d16ae74737df980e72183dc3483b4c9bc48e836be2c7d258329539237811
[LASSO PROVER] claim     = 1736d16ae74737df980e72183dc3483b4c9bc48e836be2c7d258329539237811
[LASSO PROVER] sumcheck_ok = true
[PROVER STAGE 3]     coeffs: c0=0x211d81452916d3f8, c1=0x901d300ae6f5d021, c2=0x0
[PROVER STAGE 3]     challenge=0xecd58532931feb37

[LASSO PROVER] receiveChallenge round=4 phase=address
[LASSO PROVER] challenge = 260b11bd949307033c338c2c28b17545704d77a3b53d2c5fecd58532931feb37
[LASSO PROVER] current_claim (before) = 1736d16ae74737df980e72183dc3483b4c9bc48e836be2c7d258329539237811
[LASSO PROVER] Address phase: binding bit 4
[LASSO PROVER] current_claim (after) = 18d211fb39c9eb6bf8f2e52ab76943ef4a8e6d62fe2d784071ecf4d46fe19c3a
[PROVER STAGE 3]     new_claim=0x71ecf4d46fe19c3a
[PROVER STAGE 3]   --- Round 5/24 (ADDR) ---

[LASSO PROVER] computeRoundPolynomial round=5 phase=address
[LASSO PROVER] current_claim = 18d211fb39c9eb6bf8f2e52ab76943ef4a8e6d62fe2d784071ecf4d46fe19c3a
[LASSO PROVER] round_poly coeffs:
[LASSO PROVER]   c[0] = 027c28c2de0a502d84980870835c85274ff732c5aac4dc6cf7517dc3a5f2be1d
[LASSO PROVER]   c[1] = 13d9c0757db54b10efc2d449b0b039a0aaa007d7a8a3bf668349f94d23fc2000
[LASSO PROVER]   c[2] = 0000000000000000000000000000000000000000000000000000000000000000
[LASSO PROVER] p(0) = 027c28c2de0a502d84980870835c85274ff732c5aac4dc6cf7517dc3a5f2be1d
[LASSO PROVER] p(1) = 1655e9385bbf9b3e745adcba340cbec7fa973a9d53689bd37a9b7710c9eede1d
[LASSO PROVER] p(0)+p(1) = 18d211fb39c9eb6bf8f2e52ab76943ef4a8e6d62fe2d784071ecf4d46fe19c3a
[LASSO PROVER] claim     = 18d211fb39c9eb6bf8f2e52ab76943ef4a8e6d62fe2d784071ecf4d46fe19c3a
[LASSO PROVER] sumcheck_ok = true
[PROVER STAGE 3]     coeffs: c0=0xf7517dc3a5f2be1d, c1=0x8349f94d23fc2000, c2=0x0
[PROVER STAGE 3]     challenge=0x4250ae01b7057c68

[LASSO PROVER] receiveChallenge round=5 phase=address
[LASSO PROVER] challenge = 11c5465f4ef5b6cb81d27278ca66d016534efda8fb8e85c94250ae01b7057c68
[LASSO PROVER] current_claim (before) = 18d211fb39c9eb6bf8f2e52ab76943ef4a8e6d62fe2d784071ecf4d46fe19c3a
[LASSO PROVER] Address phase: binding bit 5
[LASSO PROVER] current_claim (after) = 16f5d82b516b62392417d69b2781cf3a7c890c863f7653bbdfb7aee3968caf6c
[PROVER STAGE 3]     new_claim=0xdfb7aee3968caf6c
[PROVER STAGE 3]   --- Round 6/24 (ADDR) ---

[LASSO PROVER] computeRoundPolynomial round=6 phase=address
[LASSO PROVER] current_claim = 16f5d82b516b62392417d69b2781cf3a7c890c863f7653bbdfb7aee3968caf6c
[LASSO PROVER] round_poly coeffs:
[LASSO PROVER]   c[0] = 25362cf2885ac2d87932219063c52487176fd5294bebcbd4a4f1efd59d5645c7
[LASSO PROVER]   c[1] = 2d521b2c03191cdba2541ee762fa36e69e1132c49b119d351d97ba603be023e0
[LASSO PROVER]   c[2] = 0000000000000000000000000000000000000000000000000000000000000000
[LASSO PROVER] p(0) = 25362cf2885ac2d87932219063c52487176fd5294bebcbd4a4f1efd59d5645c7
[LASSO PROVER] p(1) = 2223f9abaa423f8a6335fac1453e03108d4d1fa56d43f8787ea7b4a1e93669a6
[LASSO PROVER] p(0)+p(1) = 16f5d82b516b62392417d69b2781cf3a7c890c863f7653bbdfb7aee3968caf6c
[LASSO PROVER] claim     = 16f5d82b516b62392417d69b2781cf3a7c890c863f7653bbdfb7aee3968caf6c
[LASSO PROVER] sumcheck_ok = true
[PROVER STAGE 3]     coeffs: c0=0xa4f1efd59d5645c7, c1=0x1d97ba603be023e0, c2=0x0
[PROVER STAGE 3]     challenge=0x602c6ab1f6b5a441

[LASSO PROVER] receiveChallenge round=6 phase=address
[LASSO PROVER] challenge = 0a55e568b7ba8c9d3bc2652d8ca193302e8a9ee700658710602c6ab1f6b5a441
[LASSO PROVER] current_claim (before) = 16f5d82b516b62392417d69b2781cf3a7c890c863f7653bbdfb7aee3968caf6c
[LASSO PROVER] Address phase: binding bit 6
[LASSO PROVER] current_claim (after) = 16548beacc65a6e62192cd2dedeea81822c3860bb4969b163c7dc4107bf7a669
[PROVER STAGE 3]     new_claim=0x3c7dc4107bf7a669
[PROVER STAGE 3]   --- Round 7/24 (ADDR) ---

[LASSO PROVER] computeRoundPolynomial round=7 phase=address
[LASSO PROVER] current_claim = 16548beacc65a6e62192cd2dedeea81822c3860bb4969b163c7dc4107bf7a669
[LASSO PROVER] round_poly coeffs:
[LASSO PROVER]   c[0] = 11084b584018501809538db0aba163fdc042f959a2e7419c0004297e84c814e2
[LASSO PROVER]   c[1] = 24a843ad2d66a6dfc73bf783182d3879ca717ba0e881886f805766a762677ca6
[LASSO PROVER]   c[2] = 0000000000000000000000000000000000000000000000000000000000000000
[LASSO PROVER] p(0) = 11084b584018501809538db0aba163fdc042f959a2e7419c0004297e84c814e2
[LASSO PROVER] p(1) = 054c40928c4d56ce183f3f7d424d441a62808cb211af597a3c799a91f72f9187
[LASSO PROVER] p(0)+p(1) = 16548beacc65a6e62192cd2dedeea81822c3860bb4969b163c7dc4107bf7a669
[LASSO PROVER] claim     = 16548beacc65a6e62192cd2dedeea81822c3860bb4969b163c7dc4107bf7a669
[LASSO PROVER] sumcheck_ok = true
[PROVER STAGE 3]     coeffs: c0=0x4297e84c814e2, c1=0x805766a762677ca6, c2=0x0
[PROVER STAGE 3]     challenge=0x60ee2118dba29942

[LASSO PROVER] receiveChallenge round=7 phase=address
[LASSO PROVER] challenge = 1e3b5882eef6de63c51ff78667277f072f7140e5f4d5e05a60ee2118dba29942
[LASSO PROVER] current_claim (before) = 16548beacc65a6e62192cd2dedeea81822c3860bb4969b163c7dc4107bf7a669
[LASSO PROVER] Address phase: binding bit 7
[LASSO PROVER] current_claim (after) = 2f0e793d4daf9900f2d5e068e52ae5121c04af48726c8c6a0f0eb567d0c09b57
[PROVER STAGE 3]     new_claim=0xf0eb567d0c09b57
[PROVER STAGE 3]   --- Round 8/24 (ADDR) ---

[LASSO PROVER] computeRoundPolynomial round=8 phase=address
[LASSO PROVER] current_claim = 2f0e793d4daf9900f2d5e068e52ae5121c04af48726c8c6a0f0eb567d0c09b57
[LASSO PROVER] round_poly coeffs:
[LASSO PROVER]   c[0] = 2872beaa6bc314dbffd98a15f237f2203e38e224518cca2d22a551d00552a885
[LASSO PROVER]   c[1] = 0e8d4a5b575b0f72ab7311f3823c592ec7c6d348490c68a10da6075bb61b4a4e
[LASSO PROVER]   c[2] = 0000000000000000000000000000000000000000000000000000000000000000
[LASSO PROVER] p(0) = 2872beaa6bc314dbffd98a15f237f2203e38e224518cca2d22a551d00552a885
[LASSO PROVER] p(1) = 069bba92e1ec8424f2fc5652f2f2f2f1ddcbcd2420dfc23cec696397cb6df2d2
[LASSO PROVER] p(0)+p(1) = 2f0e793d4daf9900f2d5e068e52ae5121c04af48726c8c6a0f0eb567d0c09b57
[LASSO PROVER] claim     = 2f0e793d4daf9900f2d5e068e52ae5121c04af48726c8c6a0f0eb567d0c09b57
[LASSO PROVER] sumcheck_ok = true
[PROVER STAGE 3]     coeffs: c0=0x22a551d00552a885, c1=0xda6075bb61b4a4e, c2=0x0
[PROVER STAGE 3]     challenge=0xb7d7567de3a1dd05

[LASSO PROVER] receiveChallenge round=8 phase=address
[LASSO PROVER] challenge = 05c64d6225bf45f2344de85a09cf0be66ad5b13bd7aecf70b7d7567de3a1dd05
[LASSO PROVER] current_claim (before) = 2f0e793d4daf9900f2d5e068e52ae5121c04af48726c8c6a0f0eb567d0c09b57
[LASSO PROVER] Address phase: binding bit 8
[LASSO PROVER] current_claim (after) = 0dde4f454509cd18218f7b52aa2b773ca086136d3935448b880a2af44fce4cf1
[PROVER STAGE 3]     new_claim=0x880a2af44fce4cf1
[PROVER STAGE 3]   --- Round 9/24 (ADDR) ---

[LASSO PROVER] computeRoundPolynomial round=9 phase=address
[LASSO PROVER] current_claim = 0dde4f454509cd18218f7b52aa2b773ca086136d3935448b880a2af44fce4cf1
[LASSO PROVER] round_poly coeffs:
[LASSO PROVER]   c[0] = 0dde4f454509cd18218f7b52aa2b773ca086136d3935448b880a2af44fce4cf1
[LASSO PROVER]   c[1] = 2285ff2d9c27d31196c0ca63d755e12087add4db40842c05bbd7ca9fa031b310
[LASSO PROVER]   c[2] = 0000000000000000000000000000000000000000000000000000000000000000
[LASSO PROVER] p(0) = 0dde4f454509cd18218f7b52aa2b773ca086136d3935448b880a2af44fce4cf1
[LASSO PROVER] p(1) = 0000000000000000000000000000000000000000000000000000000000000000
[LASSO PROVER] p(0)+p(1) = 0dde4f454509cd18218f7b52aa2b773ca086136d3935448b880a2af44fce4cf1
[LASSO PROVER] claim     = 0dde4f454509cd18218f7b52aa2b773ca086136d3935448b880a2af44fce4cf1
[LASSO PROVER] sumcheck_ok = true
[PROVER STAGE 3]     coeffs: c0=0x880a2af44fce4cf1, c1=0xbbd7ca9fa031b310, c2=0x0
[PROVER STAGE 3]     challenge=0x6c955cc9ddec8c4c

[LASSO PROVER] receiveChallenge round=9 phase=address
[LASSO PROVER] challenge = 2188d629713eb88f96c7ac32296dd3c6f8b393b45d442e3b6c955cc9ddec8c4c
[LASSO PROVER] current_claim (before) = 0dde4f454509cd18218f7b52aa2b773ca086136d3935448b880a2af44fce4cf1
[LASSO PROVER] Address phase: binding bit 9
[LASSO PROVER] current_claim (after) = 0aa3f50132bbc88c87b327b8c98502755d289ae3402e7be63ad96440ace58996
[PROVER STAGE 3]     new_claim=0x3ad96440ace58996
[PROVER STAGE 3]   --- Round 10/24 (ADDR) ---

[LASSO PROVER] computeRoundPolynomial round=10 phase=address
[LASSO PROVER] current_claim = 0aa3f50132bbc88c87b327b8c98502755d289ae3402e7be63ad96440ace58996
[LASSO PROVER] round_poly coeffs:
[LASSO PROVER]   c[0] = 0aa3f50132bbc88c87b327b8c98502755d289ae3402e7be63ad96440ace58996
[LASSO PROVER]   c[1] = 25c05971ae75d79d309d1dfdb7fc55e7cb0b4d65398af4ab09089153431a766b
[LASSO PROVER]   c[2] = 0000000000000000000000000000000000000000000000000000000000000000
[LASSO PROVER] p(0) = 0aa3f50132bbc88c87b327b8c98502755d289ae3402e7be63ad96440ace58996
[LASSO PROVER] p(1) = 0000000000000000000000000000000000000000000000000000000000000000
[LASSO PROVER] p(0)+p(1) = 0aa3f50132bbc88c87b327b8c98502755d289ae3402e7be63ad96440ace58996
[LASSO PROVER] claim     = 0aa3f50132bbc88c87b327b8c98502755d289ae3402e7be63ad96440ace58996
[LASSO PROVER] sumcheck_ok = true
[PROVER STAGE 3]     coeffs: c0=0x3ad96440ace58996, c1=0x9089153431a766b, c2=0x0
[PROVER STAGE 3]     challenge=0x973d7d4d2faac29c

[LASSO PROVER] receiveChallenge round=10 phase=address
[LASSO PROVER] challenge = 1aa0cd493fc987ece03920c7cd5069b619df9b9ff1ea4f33973d7d4d2faac29c
[LASSO PROVER] current_claim (before) = 0aa3f50132bbc88c87b327b8c98502755d289ae3402e7be63ad96440ace58996
[LASSO PROVER] Address phase: binding bit 10
[LASSO PROVER] current_claim (after) = 0de4bccf1cf7ebb41e3a6732f88ff3064059aef46d4b9b5908ddc911e0a4e36a
[PROVER STAGE 3]     new_claim=0x8ddc911e0a4e36a
[PROVER STAGE 3]   --- Round 11/24 (ADDR) ---

[LASSO PROVER] computeRoundPolynomial round=11 phase=address
[LASSO PROVER] current_claim = 0de4bccf1cf7ebb41e3a6732f88ff3064059aef46d4b9b5908ddc911e0a4e36a
[LASSO PROVER] round_poly coeffs:
[LASSO PROVER]   c[0] = 0de4bccf1cf7ebb41e3a6732f88ff3064059aef46d4b9b5908ddc911e0a4e36a
[LASSO PROVER]   c[1] = 227f91a3c439b4759a15de8388f16556e7da39540c6dd5383b042c820f5b1c97
[LASSO PROVER]   c[2] = 0000000000000000000000000000000000000000000000000000000000000000
[LASSO PROVER] p(0) = 0de4bccf1cf7ebb41e3a6732f88ff3064059aef46d4b9b5908ddc911e0a4e36a
[LASSO PROVER] p(1) = 0000000000000000000000000000000000000000000000000000000000000000
[LASSO PROVER] p(0)+p(1) = 0de4bccf1cf7ebb41e3a6732f88ff3064059aef46d4b9b5908ddc911e0a4e36a
[LASSO PROVER] claim     = 0de4bccf1cf7ebb41e3a6732f88ff3064059aef46d4b9b5908ddc911e0a4e36a
[LASSO PROVER] sumcheck_ok = true
[PROVER STAGE 3]     coeffs: c0=0x8ddc911e0a4e36a, c1=0x3b042c820f5b1c97, c2=0x0
[PROVER STAGE 3]     challenge=0xd7b638e77a76e49e

[LASSO PROVER] receiveChallenge round=11 phase=address
[LASSO PROVER] challenge = 28a22f116cab416c5f72dbb95fa9e66d49ad65b1e584fa97d7b638e77a76e49e
[LASSO PROVER] current_claim (before) = 0de4bccf1cf7ebb41e3a6732f88ff3064059aef46d4b9b5908ddc911e0a4e36a
[LASSO PROVER] Address phase: binding bit 11
[LASSO PROVER] current_claim (after) = 1b5572f1294802775be7fae233fedc72e4306eb747d826ddc4366c3389b6c647
[PROVER STAGE 3]     new_claim=0xc4366c3389b6c647
[PROVER STAGE 3]   --- Round 12/24 (ADDR) ---

[LASSO PROVER] computeRoundPolynomial round=12 phase=address
[LASSO PROVER] current_claim = 1b5572f1294802775be7fae233fedc72e4306eb747d826ddc4366c3389b6c647
[LASSO PROVER] round_poly coeffs:
[LASSO PROVER]   c[0] = 1b5572f1294802775be7fae233fedc72e4306eb747d826ddc4366c3389b6c647
[LASSO PROVER]   c[1] = 150edb81b7e99db25c684ad44d827bea4403799131e149b37fab8960664939ba
[LASSO PROVER]   c[2] = 0000000000000000000000000000000000000000000000000000000000000000
[LASSO PROVER] p(0) = 1b5572f1294802775be7fae233fedc72e4306eb747d826ddc4366c3389b6c647
[LASSO PROVER] p(1) = 0000000000000000000000000000000000000000000000000000000000000000
[LASSO PROVER] p(0)+p(1) = 1b5572f1294802775be7fae233fedc72e4306eb747d826ddc4366c3389b6c647
[LASSO PROVER] claim     = 1b5572f1294802775be7fae233fedc72e4306eb747d826ddc4366c3389b6c647
[LASSO PROVER] sumcheck_ok = true
[PROVER STAGE 3]     coeffs: c0=0xc4366c3389b6c647, c1=0x7fab8960664939ba, c2=0x0
[PROVER STAGE 3]     challenge=0x8e9db6dc915ecd4b

[LASSO PROVER] receiveChallenge round=12 phase=address
[LASSO PROVER] challenge = 2c2d0fbd865e83ac1eb2571b46cd5729869636de2f0726d78e9db6dc915ecd4b
[LASSO PROVER] current_claim (before) = 1b5572f1294802775be7fae233fedc72e4306eb747d826ddc4366c3389b6c647
[LASSO PROVER] Address phase: binding bit 12
[LASSO PROVER] current_claim (after) = 20034584c1baab790c737512254a5163ba673c27451db0825a8e092b89f636d6
[PROVER STAGE 3]     new_claim=0x5a8e092b89f636d6
[PROVER STAGE 3]   --- Round 13/24 (ADDR) ---

[LASSO PROVER] computeRoundPolynomial round=13 phase=address
[LASSO PROVER] current_claim = 20034584c1baab790c737512254a5163ba673c27451db0825a8e092b89f636d6
[LASSO PROVER] round_poly coeffs:
[LASSO PROVER]   c[0] = 20034584c1baab790c737512254a5163ba673c27451db0825a8e092b89f636d6
[LASSO PROVER]   c[1] = 106108ee1f76f4b0abdcd0a45c3706f96dccac21349bc00ee953ec686609c92b
[LASSO PROVER]   c[2] = 0000000000000000000000000000000000000000000000000000000000000000
[LASSO PROVER] p(0) = 20034584c1baab790c737512254a5163ba673c27451db0825a8e092b89f636d6
[LASSO PROVER] p(1) = 0000000000000000000000000000000000000000000000000000000000000000
[LASSO PROVER] p(0)+p(1) = 20034584c1baab790c737512254a5163ba673c27451db0825a8e092b89f636d6
[LASSO PROVER] claim     = 20034584c1baab790c737512254a5163ba673c27451db0825a8e092b89f636d6
[LASSO PROVER] sumcheck_ok = true
[PROVER STAGE 3]     coeffs: c0=0x5a8e092b89f636d6, c1=0xe953ec686609c92b, c2=0x0
[PROVER STAGE 3]     challenge=0x815bddbdd3bfa8dc

[LASSO PROVER] receiveChallenge round=13 phase=address
[LASSO PROVER] challenge = 06195b59455e8eb593f5acf8ba29146c93b0288f418890f3815bddbdd3bfa8dc
[LASSO PROVER] current_claim (before) = 20034584c1baab790c737512254a5163ba673c27451db0825a8e092b89f636d6
[LASSO PROVER] Address phase: binding bit 13
[LASSO PROVER] current_claim (after) = 0fff67adbedee4fea0babe73265d1868439f81576ab396b9ad5fecf36a6b3182
[PROVER STAGE 3]     new_claim=0xad5fecf36a6b3182
[PROVER STAGE 3]   --- Round 14/24 (ADDR) ---

[LASSO PROVER] computeRoundPolynomial round=14 phase=address
[LASSO PROVER] current_claim = 0fff67adbedee4fea0babe73265d1868439f81576ab396b9ad5fecf36a6b3182
[LASSO PROVER] round_poly coeffs:
[LASSO PROVER]   c[0] = 0fff67adbedee4fea0babe73265d1868439f81576ab396b9ad5fecf36a6b3182
[LASSO PROVER]   c[1] = 2064e6c52252bb2b179587435b243ff4e49466f10f05d9d7968208a08594ce7f
[LASSO PROVER]   c[2] = 0000000000000000000000000000000000000000000000000000000000000000
[LASSO PROVER] p(0) = 0fff67adbedee4fea0babe73265d1868439f81576ab396b9ad5fecf36a6b3182
[LASSO PROVER] p(1) = 0000000000000000000000000000000000000000000000000000000000000000
[LASSO PROVER] p(0)+p(1) = 0fff67adbedee4fea0babe73265d1868439f81576ab396b9ad5fecf36a6b3182
[LASSO PROVER] claim     = 0fff67adbedee4fea0babe73265d1868439f81576ab396b9ad5fecf36a6b3182
[LASSO PROVER] sumcheck_ok = true
[PROVER STAGE 3]     coeffs: c0=0xad5fecf36a6b3182, c1=0x968208a08594ce7f, c2=0x0
[PROVER STAGE 3]     challenge=0xad56267d9d742619

[LASSO PROVER] receiveChallenge round=14 phase=address
[LASSO PROVER] challenge = 1ec8757c359bac2fdb5358095ed532155e10252e02447365ad56267d9d742619
[LASSO PROVER] current_claim (before) = 0fff67adbedee4fea0babe73265d1868439f81576ab396b9ad5fecf36a6b3182
[LASSO PROVER] Address phase: binding bit 14
[LASSO PROVER] current_claim (after) = 26cb6bdb6c1c6bf197a55c3c9a34fca1d78a00969b5085be06cb360d7bc5ff20
[PROVER STAGE 3]     new_claim=0x6cb360d7bc5ff20
[PROVER STAGE 3]   --- Round 15/24 (ADDR) ---

[LASSO PROVER] computeRoundPolynomial round=15 phase=address
[LASSO PROVER] current_claim = 26cb6bdb6c1c6bf197a55c3c9a34fca1d78a00969b5085be06cb360d7bc5ff20
[LASSO PROVER] round_poly coeffs:
[LASSO PROVER]   c[0] = 04c907a51450cd0319f8ff9660b81922943b08b4b2726aeda17fd4ab86e9cb9f
[LASSO PROVER]   c[1] = 1d395c91437ad1eb63b35d0fd8c4ca5caf13ef2d366bafe2c3cb8cb66df267e2
[LASSO PROVER]   c[2] = 0000000000000000000000000000000000000000000000000000000000000000
[LASSO PROVER] p(0) = 04c907a51450cd0319f8ff9660b81922943b08b4b2726aeda17fd4ab86e9cb9f
[LASSO PROVER] p(1) = 2202643657cb9eee7dac5ca6397ce37f434ef7e1e8de1ad0654b6161f4dc3381
[LASSO PROVER] p(0)+p(1) = 26cb6bdb6c1c6bf197a55c3c9a34fca1d78a00969b5085be06cb360d7bc5ff20
[LASSO PROVER] claim     = 26cb6bdb6c1c6bf197a55c3c9a34fca1d78a00969b5085be06cb360d7bc5ff20
[LASSO PROVER] sumcheck_ok = true
[PROVER STAGE 3]     coeffs: c0=0xa17fd4ab86e9cb9f, c1=0xc3cb8cb66df267e2, c2=0x0
[PROVER STAGE 3]     challenge=0xe062f2ca1915af76

[LASSO PROVER] receiveChallenge round=15 phase=address
[LASSO PROVER] challenge = 29ce6d6ada33ee93facb2331a678f80ac4e0e7f6f0139473e062f2ca1915af76
[LASSO PROVER] current_claim (before) = 26cb6bdb6c1c6bf197a55c3c9a34fca1d78a00969b5085be06cb360d7bc5ff20
[LASSO PROVER] Address phase: binding bit 15
[LASSO PROVER] current_claim (after) = 0e95855808c7ad58aaf588154e82248cb5165d92acc794219112562f65ee924c
[PROVER STAGE 3]     new_claim=0x9112562f65ee924c
[PROVER STAGE 3]   --- Round 16/24 (CYCLE) ---

[LASSO PROVER] computeRoundPolynomial round=16 phase=cycle
[LASSO PROVER] current_claim = 0e95855808c7ad58aaf588154e82248cb5165d92acc794219112562f65ee924c
[LASSO PROVER] round_poly coeffs:
[LASSO PROVER]   c[0] = 0e95855808c7ad58aaf588154e82248cb5165d92acc794219112562f65ee924c
[LASSO PROVER]   c[1] = 21cec91ad869f2d10d5abda132ff33d0731d8ab5ccf1dc6fb2cf9f648a116db5
[LASSO PROVER]   c[2] = 0000000000000000000000000000000000000000000000000000000000000000
[LASSO PROVER] p(0) = 0e95855808c7ad58aaf588154e82248cb5165d92acc794219112562f65ee924c
[LASSO PROVER] p(1) = 0000000000000000000000000000000000000000000000000000000000000000
[LASSO PROVER] p(0)+p(1) = 0e95855808c7ad58aaf588154e82248cb5165d92acc794219112562f65ee924c
[LASSO PROVER] claim     = 0e95855808c7ad58aaf588154e82248cb5165d92acc794219112562f65ee924c
[LASSO PROVER] sumcheck_ok = true
[PROVER STAGE 3]     coeffs: c0=0x9112562f65ee924c, c1=0xb2cf9f648a116db5, c2=0x0
[PROVER STAGE 3]     challenge=0x7bfa924573fead5e

[LASSO PROVER] receiveChallenge round=16 phase=cycle
[LASSO PROVER] challenge = 25cc4ef4c6da8da35d4aeb879118344100e5b02d1ccadba97bfa924573fead5e
[LASSO PROVER] current_claim (before) = 0e95855808c7ad58aaf588154e82248cb5165d92acc794219112562f65ee924c
[LASSO PROVER] Cycle phase: eq_evals_len=256
[LASSO PROVER] current_claim (after) = 11ddae7f477c119b1c58c80bae174c79a861f0df2f98c6dc874fea512667c3be
[PROVER STAGE 3]     new_claim=0x874fea512667c3be
[PROVER STAGE 3]   --- Round 17/24 (CYCLE) ---

[LASSO PROVER] computeRoundPolynomial round=17 phase=cycle
[LASSO PROVER] current_claim = 11ddae7f477c119b1c58c80bae174c79a861f0df2f98c6dc874fea512667c3be
[LASSO PROVER] round_poly coeffs:
[LASSO PROVER]   c[0] = 11ddae7f477c119b1c58c80bae174c79a861f0df2f98c6dc874fea512667c3be
[LASSO PROVER]   c[1] = 1e869ff399b58e8e9bf77daad36a0be37fd1f7694a20a9b4bc920b42c9983c43
[LASSO PROVER]   c[2] = 0000000000000000000000000000000000000000000000000000000000000000
[LASSO PROVER] p(0) = 11ddae7f477c119b1c58c80bae174c79a861f0df2f98c6dc874fea512667c3be
[LASSO PROVER] p(1) = 0000000000000000000000000000000000000000000000000000000000000000
[LASSO PROVER] p(0)+p(1) = 11ddae7f477c119b1c58c80bae174c79a861f0df2f98c6dc874fea512667c3be
[LASSO PROVER] claim     = 11ddae7f477c119b1c58c80bae174c79a861f0df2f98c6dc874fea512667c3be
[LASSO PROVER] sumcheck_ok = true
[PROVER STAGE 3]     coeffs: c0=0x874fea512667c3be, c1=0xbc920b42c9983c43, c2=0x0
[PROVER STAGE 3]     challenge=0x1d4276ac83c88aa1

[LASSO PROVER] receiveChallenge round=17 phase=cycle
[LASSO PROVER] challenge = 2dde0b42dd54cdac02a302f5cd6162ae26baf0aba3e4720c1d4276ac83c88aa1
[LASSO PROVER] current_claim (before) = 11ddae7f477c119b1c58c80bae174c79a861f0df2f98c6dc874fea512667c3be
[LASSO PROVER] Cycle phase: eq_evals_len=128
[LASSO PROVER] current_claim (after) = 0a3a89adc92aa011a6f46311b338c4561f641dc12d863feb191dc0a244d5d350
[PROVER STAGE 3]     new_claim=0x191dc0a244d5d350
[PROVER STAGE 3]   --- Round 18/24 (CYCLE) ---

[LASSO PROVER] computeRoundPolynomial round=18 phase=cycle
[LASSO PROVER] current_claim = 0a3a89adc92aa011a6f46311b338c4561f641dc12d863feb191dc0a244d5d350
[LASSO PROVER] round_poly coeffs:
[LASSO PROVER]   c[0] = 18f81eb628fa7aaa3fb378406a88d830ba5be62b03abaed2fc309abf179365a0
[LASSO PROVER]   c[1] = 08ae9ab458674ae6dfddb8475fa86c51d2e039b39fe852d6649e80b805af0811
[LASSO PROVER]   c[2] = 0000000000000000000000000000000000000000000000000000000000000000
[LASSO PROVER] p(0) = 18f81eb628fa7aaa3fb378406a88d830ba5be62b03abaed2fc309abf179365a0
[LASSO PROVER] p(1) = 21a6b96a8161c5911f913087ca3144828d3c1fdea39401a960cf1b771d426db1
[LASSO PROVER] p(0)+p(1) = 0a3a89adc92aa011a6f46311b338c4561f641dc12d863feb191dc0a244d5d350
[LASSO PROVER] claim     = 0a3a89adc92aa011a6f46311b338c4561f641dc12d863feb191dc0a244d5d350
[LASSO PROVER] sumcheck_ok = true
[PROVER STAGE 3]     coeffs: c0=0xfc309abf179365a0, c1=0x649e80b805af0811, c2=0x0
[PROVER STAGE 3]     challenge=0xa9d39bda5a7ac110

[LASSO PROVER] receiveChallenge round=18 phase=cycle
[LASSO PROVER] challenge = 22be2419ce5a7155f7ffb87f396badcf0ae849404d26017ca9d39bda5a7ac110
[LASSO PROVER] current_claim (before) = 0a3a89adc92aa011a6f46311b338c4561f641dc12d863feb191dc0a244d5d350
[LASSO PROVER] Cycle phase: eq_evals_len=64
[LASSO PROVER] current_claim (after) = 236410ecdf1a042063a498f26400a2daad622ed7d3e9eb3ec2e76ba41ffa93d8
[PROVER STAGE 3]     new_claim=0xc2e76ba41ffa93d8
[PROVER STAGE 3]   --- Round 19/24 (CYCLE) ---

[LASSO PROVER] computeRoundPolynomial round=19 phase=cycle
[LASSO PROVER] current_claim = 236410ecdf1a042063a498f26400a2daad622ed7d3e9eb3ec2e76ba41ffa93d8
[LASSO PROVER] round_poly coeffs:
[LASSO PROVER]   c[0] = 094f4f768cbba9bdfbf7520c62541e0683b89a6219f351f11ec8b1ab91bd8d30
[LASSO PROVER]   c[1] = 10c571ffc5a2b0a46bb5f4d99f5866cda5f0fa13a003475c8556084cfc7f7978
[LASSO PROVER]   c[2] = 0000000000000000000000000000000000000000000000000000000000000000
[LASSO PROVER] p(0) = 094f4f768cbba9bdfbf7520c62541e0683b89a6219f351f11ec8b1ab91bd8d30
[LASSO PROVER] p(1) = 1a14c176525e5a6267ad46e601ac84d429a99475b9f6994da41eb9f88e3d06a8
[LASSO PROVER] p(0)+p(1) = 236410ecdf1a042063a498f26400a2daad622ed7d3e9eb3ec2e76ba41ffa93d8
[LASSO PROVER] claim     = 236410ecdf1a042063a498f26400a2daad622ed7d3e9eb3ec2e76ba41ffa93d8
[LASSO PROVER] sumcheck_ok = true
[PROVER STAGE 3]     coeffs: c0=0x1ec8b1ab91bd8d30, c1=0x8556084cfc7f7978, c2=0x0
[PROVER STAGE 3]     challenge=0x3d163cbd7e37fe6b

[LASSO PROVER] receiveChallenge round=19 phase=cycle
[LASSO PROVER] challenge = 1b15d2e06314861e842fb4058905f4170d1f3b5333804ca13d163cbd7e37fe6b
[LASSO PROVER] current_claim (before) = 236410ecdf1a042063a498f26400a2daad622ed7d3e9eb3ec2e76ba41ffa93d8
[LASSO PROVER] Cycle phase: eq_evals_len=32
[LASSO PROVER] current_claim (after) = 1728010a05c971f9b62a4e0c3f75bda0639f7f9a80dfd8ead624b686c04645dd
[PROVER STAGE 3]     new_claim=0xd624b686c04645dd
[PROVER STAGE 3]   --- Round 20/24 (CYCLE) ---

[LASSO PROVER] computeRoundPolynomial round=20 phase=cycle
[LASSO PROVER] current_claim = 1728010a05c971f9b62a4e0c3f75bda0639f7f9a80dfd8ead624b686c04645dd
[LASSO PROVER] round_poly coeffs:
[LASSO PROVER]   c[0] = 2a2de74d9bd53a3ddf4225ab0bf59454520ca9245922795eef2699a25aa4d594
[LASSO PROVER]   c[1] = 2394cf5490823dd168468e232a8d45b20fedfde2c20dc74f7f9b6e69eafc9ab7
[LASSO PROVER]   c[2] = 0000000000000000000000000000000000000000000000000000000000000000
[LASSO PROVER] p(0) = 2a2de74d9bd53a3ddf4225ab0bf59454520ca9245922795eef2699a25aa4d594
[LASSO PROVER] p(1) = 1d5e682f4b25d7e58f386e17b50181a939c6bebea176d01d2ae0127855a1704a
[LASSO PROVER] p(0)+p(1) = 1728010a05c971f9b62a4e0c3f75bda0639f7f9a80dfd8ead624b686c04645dd
[LASSO PROVER] claim     = 1728010a05c971f9b62a4e0c3f75bda0639f7f9a80dfd8ead624b686c04645dd
[LASSO PROVER] sumcheck_ok = true
[PROVER STAGE 3]     coeffs: c0=0xef2699a25aa4d594, c1=0x7f9b6e69eafc9ab7, c2=0x0
[PROVER STAGE 3]     challenge=0x3dfbb57e3b94f83d

[LASSO PROVER] receiveChallenge round=20 phase=cycle
[LASSO PROVER] challenge = 0fd29c9a93897d82271e8c6e689dcfed99bd787f910d920f3dfbb57e3b94f83d
[LASSO PROVER] current_claim (before) = 1728010a05c971f9b62a4e0c3f75bda0639f7f9a80dfd8ead624b686c04645dd
[LASSO PROVER] Cycle phase: eq_evals_len=16
[LASSO PROVER] current_claim (after) = 2c3e915f2bf6a35e8c71d9524b4a3f6455b29b4861f6d0fa06601b7e6a99f1c7
[PROVER STAGE 3]     new_claim=0x6601b7e6a99f1c7
[PROVER STAGE 3]   --- Round 21/24 (CYCLE) ---

[LASSO PROVER] computeRoundPolynomial round=21 phase=cycle
[LASSO PROVER] current_claim = 2c3e915f2bf6a35e8c71d9524b4a3f6455b29b4861f6d0fa06601b7e6a99f1c7
[LASSO PROVER] round_poly coeffs:
[LASSO PROVER]   c[0] = 27c28e0e745b512eed5fc1d5b24031f137cd23367f46e30f2c945e84e1a827fb
[LASSO PROVER]   c[1] = 0d1dc3b52471a12a6a029b5d684b33df0e4c3d23dd227b6cf11954089749a1d2
[LASSO PROVER]   c[2] = 0000000000000000000000000000000000000000000000000000000000000000
[LASSO PROVER] p(0) = 27c28e0e745b512eed5fc1d5b24031f137cd23367f46e30f2c945e84e1a827fb
[LASSO PROVER] p(1) = 047c0350b79b522f9f12177c990a0d731de57811e2afedead9cbbcf988f1c9cc
[LASSO PROVER] p(0)+p(1) = 2c3e915f2bf6a35e8c71d9524b4a3f6455b29b4861f6d0fa06601b7e6a99f1c7
[LASSO PROVER] claim     = 2c3e915f2bf6a35e8c71d9524b4a3f6455b29b4861f6d0fa06601b7e6a99f1c7
[LASSO PROVER] sumcheck_ok = true
[PROVER STAGE 3]     coeffs: c0=0x2c945e84e1a827fb, c1=0xf11954089749a1d2, c2=0x0
[PROVER STAGE 3]     challenge=0x12a624c39493ffdd

[LASSO PROVER] receiveChallenge round=21 phase=cycle
[LASSO PROVER] challenge = 00497b8f6e6058d07d58703f2e3ff0da8818e43d384af83312a624c39493ffdd
[LASSO PROVER] current_claim (before) = 2c3e915f2bf6a35e8c71d9524b4a3f6455b29b4861f6d0fa06601b7e6a99f1c7
[LASSO PROVER] Cycle phase: eq_evals_len=8
[LASSO PROVER] current_claim (after) = 28b585d2b181a142176b71963028caf2b154d4fad499a66f7e0073ba3e11f6a1
[PROVER STAGE 3]     new_claim=0x7e0073ba3e11f6a1
[PROVER STAGE 3]   --- Round 22/24 (CYCLE) ---

[LASSO PROVER] computeRoundPolynomial round=22 phase=cycle
[LASSO PROVER] current_claim = 28b585d2b181a142176b71963028caf2b154d4fad499a66f7e0073ba3e11f6a1
[LASSO PROVER] round_poly coeffs:
[LASSO PROVER]   c[0] = 2bcb887fe35ad716329318210a274bd44bb18d5639728d43beb65ae3397bacb3
[LASSO PROVER]   c[1] = 0182c345cbfd933f6a95870a9d5b8ba74225a296db6dfc794475b387bb1a9d3c
[LASSO PROVER]   c[2] = 0000000000000000000000000000000000000000000000000000000000000000
[LASSO PROVER] p(0) = 2bcb887fe35ad716329318210a274bd44bb18d5639728d43beb65ae3397bacb3
[LASSO PROVER] p(1) = 2d4e4bc5af586a559d289f2ba782d77b8dd72fed14e089bd032c0e6af49649ef
[LASSO PROVER] p(0)+p(1) = 28b585d2b181a142176b71963028caf2b154d4fad499a66f7e0073ba3e11f6a1
[LASSO PROVER] claim     = 28b585d2b181a142176b71963028caf2b154d4fad499a66f7e0073ba3e11f6a1
[LASSO PROVER] sumcheck_ok = true
[PROVER STAGE 3]     coeffs: c0=0xbeb65ae3397bacb3, c1=0x4475b387bb1a9d3c, c2=0x0
[PROVER STAGE 3]     challenge=0x6e450be569a7f1d1

[LASSO PROVER] receiveChallenge round=22 phase=cycle
[LASSO PROVER] challenge = 225131f6f6d79bc35720d45dd080905e76cd7d93575684866e450be569a7f1d1
[LASSO PROVER] current_claim (before) = 28b585d2b181a142176b71963028caf2b154d4fad499a66f7e0073ba3e11f6a1
[LASSO PROVER] Cycle phase: eq_evals_len=4
[LASSO PROVER] current_claim (after) = 2aed63ca0a997babf2dbcd9b7640c998e4137418a7af0e6823cb9ab9696db0cd
[PROVER STAGE 3]     new_claim=0x23cb9ab9696db0cd
[PROVER STAGE 3]   --- Round 23/24 (CYCLE) ---

[LASSO PROVER] computeRoundPolynomial round=23 phase=cycle
[LASSO PROVER] current_claim = 2aed63ca0a997babf2dbcd9b7640c998e4137418a7af0e6823cb9ab9696db0cd
[LASSO PROVER] round_poly coeffs:
[LASSO PROVER]   c[0] = 1bb4cc3fd1c51ba6950a3eb9d4cbd82eb03cb6d7946d4e8b929438e5918efaae
[LASSO PROVER]   c[1] = 23e819bd4840e488811795de4e2a7198abcdeeb1f88de1e242851e82364fbb72
[LASSO PROVER]   c[2] = 0000000000000000000000000000000000000000000000000000000000000000
[LASSO PROVER] p(0) = 1bb4cc3fd1c51ba6950a3eb9d4cbd82eb03cb6d7946d4e8b929438e5918efaae
[LASSO PROVER] p(1) = 0f38978a38d460055dd18ee1a174f16a33d6bd411341bfdc913761d3d7deb61f
[LASSO PROVER] p(0)+p(1) = 2aed63ca0a997babf2dbcd9b7640c998e4137418a7af0e6823cb9ab9696db0cd
[LASSO PROVER] claim     = 2aed63ca0a997babf2dbcd9b7640c998e4137418a7af0e6823cb9ab9696db0cd
[LASSO PROVER] sumcheck_ok = true
[PROVER STAGE 3]     coeffs: c0=0x929438e5918efaae, c1=0x42851e82364fbb72, c2=0x0
[PROVER STAGE 3]     challenge=0x3b66bfd8650d964c

[LASSO PROVER] receiveChallenge round=23 phase=cycle
[LASSO PROVER] challenge = 26d1006f41bd928cf8bdebb83e66af5eaf97c0ac534070633b66bfd8650d964c
[LASSO PROVER] current_claim (before) = 2aed63ca0a997babf2dbcd9b7640c998e4137418a7af0e6823cb9ab9696db0cd
[LASSO PROVER] Cycle phase: eq_evals_len=2
[LASSO PROVER] current_claim (after) = 208b14037dcc6ef307193cb7ce51fbe937b3335fe35c3d8e96344328feeb55ea
[PROVER STAGE 3]     new_claim=0x96344328feeb55ea
[PROVER STAGE 3]   final_eval=0xb66762aec17102d6

[PROVER] Stage 3 complete

[PROVER STAGE 4] Starting memory value evaluation
[PROVER STAGE 4]   getting 16 r_address challenges
[PROVER STAGE 4]     r_address[0]=0x7974c309126283f4
[PROVER STAGE 4]     r_address[1]=0x37b4e5121a4cc8d5
[PROVER STAGE 4]     r_address[2]=0xce2b544338b14be1
[PROVER STAGE 4]     r_address[3]=0x21bb61861d29b475
[PROVER STAGE 4]   getting 8 r_cycle_val challenges
[PROVER STAGE 4]     r_cycle_val[0]=0xca70d9210aa6c27f
[PROVER STAGE 4]     r_cycle_val[1]=0x210b7e2f675a5e4
[PROVER STAGE 4]     r_cycle_val[2]=0x5bc9cb555997eaad
[PROVER STAGE 4]     r_cycle_val[3]=0xf4465b20c36305bf
[PROVER STAGE 4]     r_cycle_val[4]=0xfa8704522df97eb
[PROVER STAGE 4]     r_cycle_val[5]=0x791b167865d4fded
[PROVER STAGE 4]     r_cycle_val[6]=0xe173a32f73beb41
[PROVER STAGE 4]     r_cycle_val[7]=0xfaadec9c8cf9eff3
[PROVER STAGE 4]   trace_len=256, k=65536
[IncPolynomial] Processing 1 accesses, trace_len=256, start_address=0x0000000080000000, k=65536
[IncPolynomial] Skipping write at 0x000000007FFFC008: address < start_address
[VALEVAL_INIT] r_address from params, len=16 (LE):
  r_address[0] = { 23, 25, 232, 246, 130, 183, 103, 62 }
  r_address[1] = { 57, 48, 215, 65, 40, 88, 110, 87 }
  r_address[2] = { 118, 182, 174, 2, 240, 9, 219, 109 }
  r_address[3] = { 187, 230, 50, 33, 77, 195, 124, 72 }
  r_address[12] = { 178, 33, 37, 109, 133, 162, 118, 211 }
  r_address[13] = { 251, 151, 81, 48, 118, 173, 253, 9 }
  r_address[14] = { 137, 62, 93, 68, 180, 251, 183, 74 }
  r_address[15] = { 21, 26, 58, 46, 236, 154, 137, 66 }
[VALEVAL_INIT] LT polynomial values:
  lt_evals[0] = { 115, 188, 13, 59, 103, 19, 27, 195 }
  lt_evals[1] = { 123, 223, 239, 89, 228, 10, 239, 114 }
  lt_evals[128] = { 62, 125, 118, 50, 5, 60, 18, 90 }
  r_cycle values (from params):
    r_cycle[0] = { 162, 98, 45, 57, 30, 237, 165, 109 }
    r_cycle[1] = { 127, 253, 173, 210, 10, 251, 81, 59 }
    r_cycle[2] = { 106, 161, 101, 44, 200, 113, 53, 200 }
  Verifying LT(0, r_cycle) directly:
    LT(0, r_cycle) direct = { 115, 188, 13, 59, 103, 19, 27, 195 }
    lt_evals[0] = { 115, 188, 13, 59, 103, 19, 27, 195 }
    Match? true
[VALEVAL_INIT] At j=54: inc={ 0, 0, 0, 0, 0, 0, 0, 0 }, wa={ 0, 0, 0, 0, 0, 0, 0, 0 }, lt={ 164, 236, 215, 61, 172, 54, 97, 98 }
[VALEVAL_INIT] n=256, initial_claim={ 0, 0, 0, 0, 0, 0, 0, 0 }
[PROVER STAGE 4]   initial_claim=0x0
[PROVER STAGE 4]   num_rounds=8
[PROVER STAGE 4]   --- Round 0/8 ---
[PROVER STAGE 4]     p(0)=0x0, p(1)=0x0, p(2)=0x0, p(3)=0x0
[PROVER STAGE 4]     challenge=0x790211a2a84bec00
[PROVER STAGE 4]   --- Round 1/8 ---
[PROVER STAGE 4]     p(0)=0x0, p(1)=0x0, p(2)=0x0, p(3)=0x0
[PROVER STAGE 4]     challenge=0x4944b209440061b8
[PROVER STAGE 4]   --- Round 2/8 ---
[PROVER STAGE 4]     p(0)=0x0, p(1)=0x0, p(2)=0x0, p(3)=0x0
[PROVER STAGE 4]     challenge=0xbcbe017bc2b4a6b9
[PROVER STAGE 4]   --- Round 3/8 ---
[PROVER STAGE 4]     p(0)=0x0, p(1)=0x0, p(2)=0x0, p(3)=0x0
[PROVER STAGE 4]     challenge=0xfe7d565036258253
[PROVER STAGE 4]   --- Round 4/8 ---
[PROVER STAGE 4]     p(0)=0x0, p(1)=0x0, p(2)=0x0, p(3)=0x0
[PROVER STAGE 4]     challenge=0xac9f2e848f764712
[PROVER STAGE 4]   --- Round 5/8 ---
[PROVER STAGE 4]     p(0)=0x0, p(1)=0x0, p(2)=0x0, p(3)=0x0
[PROVER STAGE 4]     challenge=0xef5d587a2898eba
[PROVER STAGE 4]   --- Round 6/8 ---
[PROVER STAGE 4]     p(0)=0x0, p(1)=0x0, p(2)=0x0, p(3)=0x0
[PROVER STAGE 4]     challenge=0x5726a161e09fc924
[PROVER STAGE 4]   --- Round 7/8 ---
[PROVER STAGE 4]     p(0)=0x0, p(1)=0x0, p(2)=0x0, p(3)=0x0
[PROVER STAGE 4]     challenge=0xc717f335ff169930
[PROVER STAGE 4]   final_claim=0x0

[PROVER] Stage 4 complete

[PROVER STAGE 5] Starting register value evaluation
[PROVER STAGE 5]   getting 5 r_register challenges
[PROVER STAGE 5]     r_register[0]=0x9ae9e7a7682a97dc
[PROVER STAGE 5]     r_register[1]=0xdb7cf4da82385de8
[PROVER STAGE 5]     r_register[2]=0x6312297490a16e06
[PROVER STAGE 5]     r_register[3]=0xa797a6a9c034cb70
[PROVER STAGE 5]     r_register[4]=0xaff624d33d5e6701
[PROVER STAGE 5]   getting 8 r_cycle_reg challenges
[PROVER STAGE 5]     r_cycle_reg[0]=0xa742b4623ce502ee
[PROVER STAGE 5]     r_cycle_reg[1]=0x100347c876c249e6
[PROVER STAGE 5]     r_cycle_reg[2]=0x759c28d97b74a323
[PROVER STAGE 5]     r_cycle_reg[3]=0x10c839202d7f9fe4
[PROVER STAGE 5]     r_cycle_reg[4]=0xf405d3c47e3ca08
[PROVER STAGE 5]     r_cycle_reg[5]=0xdadaf73c443fad94
[PROVER STAGE 5]     r_cycle_reg[6]=0x437fd80250bbf262
[PROVER STAGE 5]     r_cycle_reg[7]=0x599a9cc206030bc7
[PROVER STAGE 5]   trace_len=256
[PROVER STAGE 5]   num_rounds=8, padded_n=256
[PROVER STAGE 5]   initial_claim=0x265b659aebacaa03
[PROVER STAGE 5]   --- Round 0/8 ---
[PROVER STAGE 5]     p(0)=0x43c5dce29cc52346, p(1)=0xe29588b84ee786bd, p(2)=0xc5472a21f109ea35
[PROVER STAGE 5]     p(0)+p(1)=0x265b659aebacaa03, claim=0x265b659aebacaa03
[PROVER STAGE 5]     challenge=0x3869f4876b9161f
[PROVER STAGE 5]     new_claim=0x9255c36df60dd7a5
[PROVER STAGE 5]   --- Round 1/8 ---
[PROVER STAGE 5]     p(0)=0x42fbf9dbc69a1447, p(1)=0x933bbf261f73c35f, p(2)=0xe37b8470784d7277
[PROVER STAGE 5]     p(0)+p(1)=0x9255c36df60dd7a5, claim=0x9255c36df60dd7a5
[PROVER STAGE 5]     challenge=0x8b15c9d0cbaa0cd2
[PROVER STAGE 5]     new_claim=0x735ed90b18ff7338
[PROVER STAGE 5]   --- Round 2/8 ---
[PROVER STAGE 5]     p(0)=0x202cfc2212bbeecf, p(1)=0x9713d27cf643846a, p(2)=0xdfaa8d7d9cb1a05
[PROVER STAGE 5]     p(0)+p(1)=0x735ed90b18ff7338, claim=0x735ed90b18ff7338
[PROVER STAGE 5]     challenge=0x868ffd6c9c011f9f
[PROVER STAGE 5]     new_claim=0xd89289ac733968d0
[PROVER STAGE 5]   --- Round 3/8 ---
[PROVER STAGE 5]     p(0)=0xd997db05d34a7b48, p(1)=0x42dca43a8feeed89, p(2)=0x683f77db5c935fc9
[PROVER STAGE 5]     p(0)+p(1)=0xd89289ac733968d0, claim=0xd89289ac733968d0
[PROVER STAGE 5]     challenge=0xec08a1f62b1503f4
[PROVER STAGE 5]     new_claim=0x8a161f616d1f8594
[PROVER STAGE 5]   --- Round 4/8 ---
[PROVER STAGE 5]     p(0)=0x6f364c84ce5084bb, p(1)=0x5ec1c8708ecf00da, p(2)=0x922f39f03f4d7cfa
[PROVER STAGE 5]     p(0)+p(1)=0x8a161f616d1f8594, claim=0x8a161f616d1f8594
[PROVER STAGE 5]     challenge=0x307ff5f4f3334d4f
[PROVER STAGE 5]     new_claim=0xac2fa520a3700e10
[PROVER STAGE 5]   --- Round 5/8 ---
[PROVER STAGE 5]     p(0)=0x9dd18e82d65311b9, p(1)=0x52400c31bd1cfc58, p(2)=0xc2cc944cb3e6e6f6
[PROVER STAGE 5]     p(0)+p(1)=0xac2fa520a3700e10, claim=0xac2fa520a3700e10
[PROVER STAGE 5]     challenge=0x7bf8859c0c068ae4
[PROVER STAGE 5]     new_claim=0xcc7bf02b055ba72
[PROVER STAGE 5]   --- Round 6/8 ---
[PROVER STAGE 5]     p(0)=0x2baaec9159eff1d0, p(1)=0x24fec8054665c8a3, p(2)=0xda70ade542db9f75
[PROVER STAGE 5]     p(0)+p(1)=0xcc7bf02b055ba72, claim=0xcc7bf02b055ba72
[PROVER STAGE 5]     challenge=0x5396b62fe0379027
[PROVER STAGE 5]     new_claim=0xd47869b239f8fbda
[PROVER STAGE 5]   --- Round 7/8 ---
[PROVER STAGE 5]     p(0)=0x34e2b7d124d3b74e, p(1)=0x9f95b1e11525448c, p(2)=0xa48abf10576d1ca
[PROVER STAGE 5]     p(0)+p(1)=0xd47869b239f8fbda, claim=0xd47869b239f8fbda
[PROVER STAGE 5]     challenge=0xaa08c2447a0fe541
[PROVER STAGE 5]     new_claim=0x2b9840a8c76d7ff
[PROVER STAGE 5]   final_claim=0x2b9840a8c76d7ff

[PROVER] Stage 5 complete

[PROVER STAGE 6] Starting booleanity and finalization
[PROVER STAGE 6]   bool_challenge=0x009fe2bc8f6fb690f84a566155802b63c9da1100445ddfbbc31a939c2907764f
[PROVER STAGE 6]   trace_len=256
[PROVER STAGE 6]   num_rounds=8, padded_n=256
[PROVER STAGE 6]   initial_claim=0x0 (should be 0 for valid flags)
[PROVER STAGE 6]   --- Round 0/8 ---
[PROVER STAGE 6]     p(0)=0x0, p(1)=0x0, p(2)=0x0
[PROVER STAGE 6]     challenge=0x566dfba6cd5352fc
[PROVER STAGE 6]     new_claim=0x0
[PROVER STAGE 6]   --- Round 1/8 ---
[PROVER STAGE 6]     p(0)=0x0, p(1)=0x0, p(2)=0x0
[PROVER STAGE 6]     challenge=0x35f805376d2083da
[PROVER STAGE 6]     new_claim=0x0
[PROVER STAGE 6]   --- Round 2/8 ---
[PROVER STAGE 6]     p(0)=0x0, p(1)=0x0, p(2)=0x0
[PROVER STAGE 6]     challenge=0x278f67371e84f593
[PROVER STAGE 6]     new_claim=0x0
[PROVER STAGE 6]   --- Round 3/8 ---
[PROVER STAGE 6]     p(0)=0x0, p(1)=0x0, p(2)=0x0
[PROVER STAGE 6]     challenge=0x587705d799bae1fb
[PROVER STAGE 6]     new_claim=0x0
[PROVER STAGE 6]   --- Round 4/8 ---
[PROVER STAGE 6]     p(0)=0x0, p(1)=0x0, p(2)=0x0
[PROVER STAGE 6]     challenge=0x3863c5a684f28a6a
[PROVER STAGE 6]     new_claim=0x0
[PROVER STAGE 6]   --- Round 5/8 ---
[PROVER STAGE 6]     p(0)=0x0, p(1)=0x0, p(2)=0x0
[PROVER STAGE 6]     challenge=0x949288902ddd3a47
[PROVER STAGE 6]     new_claim=0x0
[PROVER STAGE 6]   --- Round 6/8 ---
[PROVER STAGE 6]     p(0)=0x0, p(1)=0x0, p(2)=0x0
[PROVER STAGE 6]     challenge=0x5ed2ebc548044295
[PROVER STAGE 6]     new_claim=0x0
[PROVER STAGE 6]   --- Round 7/8 ---
[PROVER STAGE 6]     p(0)=0x0, p(1)=0x0, p(2)=0x0
[PROVER STAGE 6]     challenge=0xbd88b99aa43e4caa
[PROVER STAGE 6]     new_claim=0x0
[PROVER STAGE 6]   final_claim=0x0

[PROVER] Stage 6 complete

[PROVER] ========================================
[PROVER] All stages complete!
[PROVER] ========================================

  Proof generated successfully!
  Time: 52.64 ms

[4/4] Verifying proof...

[VERIFIER] ========================================
[VERIFIER] Starting multi-stage verification
[VERIFIER]   log_t=8, log_k=16
[VERIFIER] ========================================


[VERIFIER STAGE 1] =====================================
[VERIFIER STAGE 1] Outer Spartan sumcheck
[VERIFIER STAGE 1] num_rounds=13, final_claims_len=5
[VERIFIER STAGE 1] Getting 13 tau challenges...
[VERIFIER STAGE 1]   tau[0] = 2e5ecd63d5467abbc704bf8fe56ac308560634cb61827be820b17dadd2c01365
[VERIFIER STAGE 1]   tau[1] = 2a35736ef451379edc2f1b95d84ad504d4eb2276d31dc599d12982a1203475cc
[VERIFIER STAGE 1]   tau[2] = 2d9717ef6c42c6c3377c92c96d3864480c3bca64c1e2e538d4f009ba524dec24
[VERIFIER STAGE 1]   tau[3] = 1fc3980f15788ae9d2a026253912a658b2848127767a1a5f607cc789d4d8839b
[VERIFIER STAGE 1]   tau[4] = 29e954fb18bad1d75566bf61d973bdad30d5a4436ac2fbd6bf27dab3004d1f7a
[VERIFIER STAGE 1]   tau[5] = 2d58d1fe77314ae94430d2e9f3c6f2b6e4f6159db9ac494d0419c7ce42603ab2
[VERIFIER STAGE 1]   tau[6] = 1df4096c3b4d167f435cf0fe68c5d52bb70d3b0263cd367137c0a72b8c7070fc
[VERIFIER STAGE 1]   tau[7] = 1028c32fee2363275058c349f15da01ffb855e2b2d9808beaa264f8c1608514a
[VERIFIER STAGE 1]   tau[8] = 20085a74a0c1ad2abc7a7a0b9495ed91b005bc324a0d67e48e0d7c6145feb21f
[VERIFIER STAGE 1]   tau[9] = 21b69b260340a7da8019598bca29cd2c8f1a58fe4ad1390d6cc005d24b7fefa0
[VERIFIER STAGE 1]   tau[10] = 19458f54d64eee4aec8ef251645e0670003eca73d38f304cc13041770d1efcaf
[VERIFIER STAGE 1]   tau[11] = 27beff9cadb72c105ec0affd434292daa223d8e3658bf313946727adfa1b0510
[VERIFIER STAGE 1]   tau[12] = 1f7e3d71bafdcac8e401bc7de73710e8d631337232ee020563dc5f2d0461f1b1
[VERIFIER STAGE 1] Initial claim = 0000000000000000000000000000000000000000000000000000000000000000

[VERIFIER STAGE 1] --- Round 0/13 ---
[VERIFIER STAGE 1] round_poly.len = 3
[VERIFIER STAGE 1] p[0] = 0000000000000000000000000000000000000000000000000000000000000000
[VERIFIER STAGE 1] p[1] = 0000000000000000000000000000000000000000000000000000000000000000
[VERIFIER STAGE 1] p[2] = 0000000000000000000000000000000000000000000000000000000000000000
[VERIFIER STAGE 1] p(0) + p(1) = 0000000000000000000000000000000000000000000000000000000000000000
[VERIFIER STAGE 1] claim       = 0000000000000000000000000000000000000000000000000000000000000000
[VERIFIER STAGE 1] sum_check_ok = true
[VERIFIER STAGE 1] challenge = 0b4be9309669c494473b3ca11497c113326a9b8538916094b169c4699b151d26
[VERIFIER STAGE 1] new_claim = p(r) = 0000000000000000000000000000000000000000000000000000000000000000

[VERIFIER STAGE 1] --- Round 1/13 ---
[VERIFIER STAGE 1] round_poly.len = 3
[VERIFIER STAGE 1] p[0] = 0000000000000000000000000000000000000000000000000000000000000000
[VERIFIER STAGE 1] p[1] = 0000000000000000000000000000000000000000000000000000000000000000
[VERIFIER STAGE 1] p[2] = 0000000000000000000000000000000000000000000000000000000000000000
[VERIFIER STAGE 1] p(0) + p(1) = 0000000000000000000000000000000000000000000000000000000000000000
[VERIFIER STAGE 1] claim       = 0000000000000000000000000000000000000000000000000000000000000000
[VERIFIER STAGE 1] sum_check_ok = true
[VERIFIER STAGE 1] challenge = 0fd3768c4e5ea9c3c931f4bd84b5a9710491a4bce1e53260057853471d98e0fa
[VERIFIER STAGE 1] new_claim = p(r) = 0000000000000000000000000000000000000000000000000000000000000000

[VERIFIER STAGE 1] --- Round 2/13 ---
[VERIFIER STAGE 1] round_poly.len = 3
[VERIFIER STAGE 1] p[0] = 0000000000000000000000000000000000000000000000000000000000000000
[VERIFIER STAGE 1] p[1] = 0000000000000000000000000000000000000000000000000000000000000000
[VERIFIER STAGE 1] p[2] = 0000000000000000000000000000000000000000000000000000000000000000
[VERIFIER STAGE 1] p(0) + p(1) = 0000000000000000000000000000000000000000000000000000000000000000
[VERIFIER STAGE 1] claim       = 0000000000000000000000000000000000000000000000000000000000000000
[VERIFIER STAGE 1] sum_check_ok = true
[VERIFIER STAGE 1] challenge = 00c7f49b0ccb27f9bfde2dd05a750b4edcaf3e1941f0c9bfff55f8326bc717ec
[VERIFIER STAGE 1] new_claim = p(r) = 0000000000000000000000000000000000000000000000000000000000000000

[VERIFIER STAGE 1] --- Round 3/13 ---
[VERIFIER STAGE 1] round_poly.len = 3
[VERIFIER STAGE 1] p[0] = 0000000000000000000000000000000000000000000000000000000000000000
[VERIFIER STAGE 1] p[1] = 0000000000000000000000000000000000000000000000000000000000000000
[VERIFIER STAGE 1] p[2] = 0000000000000000000000000000000000000000000000000000000000000000
[VERIFIER STAGE 1] p(0) + p(1) = 0000000000000000000000000000000000000000000000000000000000000000
[VERIFIER STAGE 1] claim       = 0000000000000000000000000000000000000000000000000000000000000000
[VERIFIER STAGE 1] sum_check_ok = true
[VERIFIER STAGE 1] challenge = 193b96845ae6f67af5b87068a264d84d540498805e2f2bd99d587faaa5b4eb82
[VERIFIER STAGE 1] new_claim = p(r) = 0000000000000000000000000000000000000000000000000000000000000000

[VERIFIER STAGE 1] --- Round 4/13 ---
[VERIFIER STAGE 1] round_poly.len = 3
[VERIFIER STAGE 1] p[0] = 0000000000000000000000000000000000000000000000000000000000000000
[VERIFIER STAGE 1] p[1] = 0000000000000000000000000000000000000000000000000000000000000000
[VERIFIER STAGE 1] p[2] = 0000000000000000000000000000000000000000000000000000000000000000
[VERIFIER STAGE 1] p(0) + p(1) = 0000000000000000000000000000000000000000000000000000000000000000
[VERIFIER STAGE 1] claim       = 0000000000000000000000000000000000000000000000000000000000000000
[VERIFIER STAGE 1] sum_check_ok = true
[VERIFIER STAGE 1] challenge = 14a4e28b9c52a9f0009ebcfe38c1087fa52ff5a8af8de18ede3a043e36073422
[VERIFIER STAGE 1] new_claim = p(r) = 0000000000000000000000000000000000000000000000000000000000000000

[VERIFIER STAGE 1] --- Round 5/13 ---
[VERIFIER STAGE 1] round_poly.len = 3
[VERIFIER STAGE 1] p[0] = 0000000000000000000000000000000000000000000000000000000000000000
[VERIFIER STAGE 1] p[1] = 0000000000000000000000000000000000000000000000000000000000000000
[VERIFIER STAGE 1] p[2] = 0000000000000000000000000000000000000000000000000000000000000000
[VERIFIER STAGE 1] p(0) + p(1) = 0000000000000000000000000000000000000000000000000000000000000000
[VERIFIER STAGE 1] claim       = 0000000000000000000000000000000000000000000000000000000000000000
[VERIFIER STAGE 1] sum_check_ok = true
[VERIFIER STAGE 1] challenge = 1ffa2d31c2a3cf84589658095ca951e15ac9a6e330965c4f6e0822b9e24b6a9e
[VERIFIER STAGE 1] new_claim = p(r) = 0000000000000000000000000000000000000000000000000000000000000000

[VERIFIER STAGE 1] --- Round 6/13 ---
[VERIFIER STAGE 1] round_poly.len = 3
[VERIFIER STAGE 1] p[0] = 0000000000000000000000000000000000000000000000000000000000000000
[VERIFIER STAGE 1] p[1] = 0000000000000000000000000000000000000000000000000000000000000000
[VERIFIER STAGE 1] p[2] = 0000000000000000000000000000000000000000000000000000000000000000
[VERIFIER STAGE 1] p(0) + p(1) = 0000000000000000000000000000000000000000000000000000000000000000
[VERIFIER STAGE 1] claim       = 0000000000000000000000000000000000000000000000000000000000000000
[VERIFIER STAGE 1] sum_check_ok = true
[VERIFIER STAGE 1] challenge = 09e8fd1f0acd1f7a735e48f2d91fa7b93faa8265812ba09d3281ed8b81e2f63d
[VERIFIER STAGE 1] new_claim = p(r) = 0000000000000000000000000000000000000000000000000000000000000000

[VERIFIER STAGE 1] --- Round 7/13 ---
[VERIFIER STAGE 1] round_poly.len = 3
[VERIFIER STAGE 1] p[0] = 0000000000000000000000000000000000000000000000000000000000000000
[VERIFIER STAGE 1] p[1] = 0000000000000000000000000000000000000000000000000000000000000000
[VERIFIER STAGE 1] p[2] = 0000000000000000000000000000000000000000000000000000000000000000
[VERIFIER STAGE 1] p(0) + p(1) = 0000000000000000000000000000000000000000000000000000000000000000
[VERIFIER STAGE 1] claim       = 0000000000000000000000000000000000000000000000000000000000000000
[VERIFIER STAGE 1] sum_check_ok = true
[VERIFIER STAGE 1] challenge = 15e20170faf4513d78d73dca0303ddc71d934c1c3bcad75b611cac3a0c705eff
[VERIFIER STAGE 1] new_claim = p(r) = 0000000000000000000000000000000000000000000000000000000000000000

[VERIFIER STAGE 1] --- Round 8/13 ---
[VERIFIER STAGE 1] round_poly.len = 3
[VERIFIER STAGE 1] p[0] = 0000000000000000000000000000000000000000000000000000000000000000
[VERIFIER STAGE 1] p[1] = 0000000000000000000000000000000000000000000000000000000000000000
[VERIFIER STAGE 1] p[2] = 0000000000000000000000000000000000000000000000000000000000000000
[VERIFIER STAGE 1] p(0) + p(1) = 0000000000000000000000000000000000000000000000000000000000000000
[VERIFIER STAGE 1] claim       = 0000000000000000000000000000000000000000000000000000000000000000
[VERIFIER STAGE 1] sum_check_ok = true
[VERIFIER STAGE 1] challenge = 145d094b8e42869e5ac934b06e426b9befb84d17af6982f4b86114e1892380ce
[VERIFIER STAGE 1] new_claim = p(r) = 0000000000000000000000000000000000000000000000000000000000000000

[VERIFIER STAGE 1] --- Round 9/13 ---
[VERIFIER STAGE 1] round_poly.len = 3
[VERIFIER STAGE 1] p[0] = 0000000000000000000000000000000000000000000000000000000000000000
[VERIFIER STAGE 1] p[1] = 0000000000000000000000000000000000000000000000000000000000000000
[VERIFIER STAGE 1] p[2] = 0000000000000000000000000000000000000000000000000000000000000000
[VERIFIER STAGE 1] p(0) + p(1) = 0000000000000000000000000000000000000000000000000000000000000000
[VERIFIER STAGE 1] claim       = 0000000000000000000000000000000000000000000000000000000000000000
[VERIFIER STAGE 1] sum_check_ok = true
[VERIFIER STAGE 1] challenge = 1f65950410896803318c20bb6c4e3b5183ae8cbc1e4e00c2043c2a56448f4834
[VERIFIER STAGE 1] new_claim = p(r) = 0000000000000000000000000000000000000000000000000000000000000000

[VERIFIER STAGE 1] --- Round 10/13 ---
[VERIFIER STAGE 1] round_poly.len = 3
[VERIFIER STAGE 1] p[0] = 0000000000000000000000000000000000000000000000000000000000000000
[VERIFIER STAGE 1] p[1] = 0000000000000000000000000000000000000000000000000000000000000000
[VERIFIER STAGE 1] p[2] = 0000000000000000000000000000000000000000000000000000000000000000
[VERIFIER STAGE 1] p(0) + p(1) = 0000000000000000000000000000000000000000000000000000000000000000
[VERIFIER STAGE 1] claim       = 0000000000000000000000000000000000000000000000000000000000000000
[VERIFIER STAGE 1] sum_check_ok = true
[VERIFIER STAGE 1] challenge = 25eac15d9205ebebf8f73f8a4503083a9a617b4fb015f04de0807e1f0d57af6b
[VERIFIER STAGE 1] new_claim = p(r) = 0000000000000000000000000000000000000000000000000000000000000000

[VERIFIER STAGE 1] --- Round 11/13 ---
[VERIFIER STAGE 1] round_poly.len = 3
[VERIFIER STAGE 1] p[0] = 0000000000000000000000000000000000000000000000000000000000000000
[VERIFIER STAGE 1] p[1] = 0000000000000000000000000000000000000000000000000000000000000000
[VERIFIER STAGE 1] p[2] = 0000000000000000000000000000000000000000000000000000000000000000
[VERIFIER STAGE 1] p(0) + p(1) = 0000000000000000000000000000000000000000000000000000000000000000
[VERIFIER STAGE 1] claim       = 0000000000000000000000000000000000000000000000000000000000000000
[VERIFIER STAGE 1] sum_check_ok = true
[VERIFIER STAGE 1] challenge = 135451a306dcbaa83e3cbb7dff1d389ec0aa0b0782815d435c93426a318e8e59
[VERIFIER STAGE 1] new_claim = p(r) = 0000000000000000000000000000000000000000000000000000000000000000

[VERIFIER STAGE 1] --- Round 12/13 ---
[VERIFIER STAGE 1] round_poly.len = 3
[VERIFIER STAGE 1] p[0] = 0000000000000000000000000000000000000000000000000000000000000000
[VERIFIER STAGE 1] p[1] = 0000000000000000000000000000000000000000000000000000000000000000
[VERIFIER STAGE 1] p[2] = 0000000000000000000000000000000000000000000000000000000000000000
[VERIFIER STAGE 1] p(0) + p(1) = 0000000000000000000000000000000000000000000000000000000000000000
[VERIFIER STAGE 1] claim       = 0000000000000000000000000000000000000000000000000000000000000000
[VERIFIER STAGE 1] sum_check_ok = true
[VERIFIER STAGE 1] challenge = 1436dce4bdcf27ac819e4b5c5681dcc57ccc4d8a6346ebd66226c9cf87df2f81
[VERIFIER STAGE 1] new_claim = p(r) = 0000000000000000000000000000000000000000000000000000000000000000

[VERIFIER STAGE 1] Final claim after all rounds = 0000000000000000000000000000000000000000000000000000000000000000

[VERIFIER] Stage 1 PASSED


[VERIFIER STAGE 2] =====================================
[VERIFIER STAGE 2] RAM RAF evaluation
[VERIFIER STAGE 2] num_rounds=16, log_t=8
[VERIFIER STAGE 2] Getting 8 r_cycle challenges...
[VERIFIER STAGE 2]   r_cycle[0] = 180543966bbb7d02cdaee2992c790eab49145669722b842c58525445ed0a0c14
[VERIFIER STAGE 2]   r_cycle[1] = 19fac630898cfa5ccea83a4721d459a299b584794bd8b8580d754bc79e242056
[VERIFIER STAGE 2]   r_cycle[2] = 0a08124ae27c2944d477f1aef3098a9f6d42239fd0a1599c25cccfb4be7dece2
[VERIFIER STAGE 2]   r_cycle[3] = 20a653917947a5fe77f3bcea818183e1a63cd5995c1550e01d50aa7444acb56d
[VERIFIER STAGE 2]   r_cycle[4] = 08ab96d2b08fbf161e05683b3093ed83e5fafe0aa9e279bc58716b12a8853c84
[VERIFIER STAGE 2]   r_cycle[5] = 0786aac6ba82f62c968dbb1ae222ab050fb945c33a6f0cc0f9a05a94c823915b
[VERIFIER STAGE 2]   r_cycle[6] = 15fb20474e92f51e39eaa6c696128d04acab55e772ea5fe840184c6b10061511
[VERIFIER STAGE 2]   r_cycle[7] = 2556bbcbd07b6563bc17a2a9db65acb9e99502c720bcb6309f1c5d40977e43f5
[VERIFIER STAGE 2] Initial claim = 0000000000000000000000000000000000000000000000000000000000000000

[VERIFIER STAGE 2] --- Round 0/16 ---
[VERIFIER STAGE 2] p(0) = 0000000000000000000000000000000000000000000000000000000000000000
[VERIFIER STAGE 2] p(1) = 0000000000000000000000000000000000000000000000000000000000000000 (recovered)
[VERIFIER STAGE 2] p(2) = 0000000000000000000000000000000000000000000000000000000000000000
[VERIFIER STAGE 2] claim = 0000000000000000000000000000000000000000000000000000000000000000
[VERIFIER STAGE 2] challenge = 303cfe0e84cf5805ea84573a76eb1a232d098f211cb83dbd5fc03922db4ce15e
[VERIFIER STAGE 2] new_claim = p(r) = 0000000000000000000000000000000000000000000000000000000000000000

[VERIFIER STAGE 2] --- Round 1/16 ---
[VERIFIER STAGE 2] p(0) = 0000000000000000000000000000000000000000000000000000000000000000
[VERIFIER STAGE 2] p(1) = 0000000000000000000000000000000000000000000000000000000000000000 (recovered)
[VERIFIER STAGE 2] p(2) = 0000000000000000000000000000000000000000000000000000000000000000
[VERIFIER STAGE 2] claim = 0000000000000000000000000000000000000000000000000000000000000000
[VERIFIER STAGE 2] challenge = 2b4609ef650cdeeb60382785152f499560feb08ed4c6ff78aba30b9d7ca821f3
[VERIFIER STAGE 2] new_claim = p(r) = 0000000000000000000000000000000000000000000000000000000000000000

[VERIFIER STAGE 2] --- Round 2/16 ---
[VERIFIER STAGE 2] p(0) = 0000000000000000000000000000000000000000000000000000000000000000
[VERIFIER STAGE 2] p(1) = 0000000000000000000000000000000000000000000000000000000000000000 (recovered)
[VERIFIER STAGE 2] p(2) = 0000000000000000000000000000000000000000000000000000000000000000
[VERIFIER STAGE 2] claim = 0000000000000000000000000000000000000000000000000000000000000000
[VERIFIER STAGE 2] challenge = 1587e09556f17b0e1d10684328609aaeec9df948410b9320c322675f3a8b17d5
[VERIFIER STAGE 2] new_claim = p(r) = 0000000000000000000000000000000000000000000000000000000000000000

[VERIFIER STAGE 2] --- Round 3/16 ---
[VERIFIER STAGE 2] p(0) = 0000000000000000000000000000000000000000000000000000000000000000
[VERIFIER STAGE 2] p(1) = 0000000000000000000000000000000000000000000000000000000000000000 (recovered)
[VERIFIER STAGE 2] p(2) = 0000000000000000000000000000000000000000000000000000000000000000
[VERIFIER STAGE 2] claim = 0000000000000000000000000000000000000000000000000000000000000000
[VERIFIER STAGE 2] challenge = 17cb4c1a3bfd7ed699098abcd48fe1ef1a9c2869bf4724bd2cc71d5572683bc0
[VERIFIER STAGE 2] new_claim = p(r) = 0000000000000000000000000000000000000000000000000000000000000000

[VERIFIER STAGE 2] --- Round 4/16 ---
[VERIFIER STAGE 2] p(0) = 0000000000000000000000000000000000000000000000000000000000000000
[VERIFIER STAGE 2] p(1) = 0000000000000000000000000000000000000000000000000000000000000000 (recovered)
[VERIFIER STAGE 2] p(2) = 0000000000000000000000000000000000000000000000000000000000000000
[VERIFIER STAGE 2] claim = 0000000000000000000000000000000000000000000000000000000000000000
[VERIFIER STAGE 2] challenge = 0b71c498d036224952838fe3fdeb2464f7c22989dd0bc344fb2accc0618a6c1c
[VERIFIER STAGE 2] new_claim = p(r) = 0000000000000000000000000000000000000000000000000000000000000000

[VERIFIER STAGE 2] --- Round 5/16 ---
[VERIFIER STAGE 2] p(0) = 0000000000000000000000000000000000000000000000000000000000000000
[VERIFIER STAGE 2] p(1) = 0000000000000000000000000000000000000000000000000000000000000000 (recovered)
[VERIFIER STAGE 2] p(2) = 0000000000000000000000000000000000000000000000000000000000000000
[VERIFIER STAGE 2] claim = 0000000000000000000000000000000000000000000000000000000000000000
[VERIFIER STAGE 2] challenge = 179748e8ca1b4678312425e6e5a7d9ef22ec49cb6f8047477571035e1e2aff30
[VERIFIER STAGE 2] new_claim = p(r) = 0000000000000000000000000000000000000000000000000000000000000000

[VERIFIER STAGE 2] --- Round 6/16 ---
[VERIFIER STAGE 2] p(0) = 0000000000000000000000000000000000000000000000000000000000000000
[VERIFIER STAGE 2] p(1) = 0000000000000000000000000000000000000000000000000000000000000000 (recovered)
[VERIFIER STAGE 2] p(2) = 0000000000000000000000000000000000000000000000000000000000000000
[VERIFIER STAGE 2] claim = 0000000000000000000000000000000000000000000000000000000000000000
[VERIFIER STAGE 2] challenge = 2f725b777c0eb882e2ea35aa6b77673e461d99c42edb3267c7376320c0165201
[VERIFIER STAGE 2] new_claim = p(r) = 0000000000000000000000000000000000000000000000000000000000000000

[VERIFIER STAGE 2] --- Round 7/16 ---
[VERIFIER STAGE 2] p(0) = 0000000000000000000000000000000000000000000000000000000000000000
[VERIFIER STAGE 2] p(1) = 0000000000000000000000000000000000000000000000000000000000000000 (recovered)
[VERIFIER STAGE 2] p(2) = 0000000000000000000000000000000000000000000000000000000000000000
[VERIFIER STAGE 2] claim = 0000000000000000000000000000000000000000000000000000000000000000
[VERIFIER STAGE 2] challenge = 10cf8a9f7aae0e9075c4f7d4fb748a0cdf38d6995813e0cbf684ac457b0b2693
[VERIFIER STAGE 2] new_claim = p(r) = 0000000000000000000000000000000000000000000000000000000000000000

[VERIFIER STAGE 2] --- Round 8/16 ---
[VERIFIER STAGE 2] p(0) = 0000000000000000000000000000000000000000000000000000000000000000
[VERIFIER STAGE 2] p(1) = 0000000000000000000000000000000000000000000000000000000000000000 (recovered)
[VERIFIER STAGE 2] p(2) = 0000000000000000000000000000000000000000000000000000000000000000
[VERIFIER STAGE 2] claim = 0000000000000000000000000000000000000000000000000000000000000000
[VERIFIER STAGE 2] challenge = 0a976ce753a6ab24ecce7b64b174975951f0a3478029a0e1d4fc8fc5ee932a25
[VERIFIER STAGE 2] new_claim = p(r) = 0000000000000000000000000000000000000000000000000000000000000000

[VERIFIER STAGE 2] --- Round 9/16 ---
[VERIFIER STAGE 2] p(0) = 0000000000000000000000000000000000000000000000000000000000000000
[VERIFIER STAGE 2] p(1) = 0000000000000000000000000000000000000000000000000000000000000000 (recovered)
[VERIFIER STAGE 2] p(2) = 0000000000000000000000000000000000000000000000000000000000000000
[VERIFIER STAGE 2] claim = 0000000000000000000000000000000000000000000000000000000000000000
[VERIFIER STAGE 2] challenge = 1731db5a32f2f684e1529e87c4d0eb0ea37fe5194ffe0032fbc1b55d077379df
[VERIFIER STAGE 2] new_claim = p(r) = 0000000000000000000000000000000000000000000000000000000000000000

[VERIFIER STAGE 2] --- Round 10/16 ---
[VERIFIER STAGE 2] p(0) = 0000000000000000000000000000000000000000000000000000000000000000
[VERIFIER STAGE 2] p(1) = 0000000000000000000000000000000000000000000000000000000000000000 (recovered)
[VERIFIER STAGE 2] p(2) = 0000000000000000000000000000000000000000000000000000000000000000
[VERIFIER STAGE 2] claim = 0000000000000000000000000000000000000000000000000000000000000000
[VERIFIER STAGE 2] challenge = 044487e950d744e975045894569c1fbc59a8d41291c7b899c21df1389a5b4708
[VERIFIER STAGE 2] new_claim = p(r) = 0000000000000000000000000000000000000000000000000000000000000000

[VERIFIER STAGE 2] --- Round 11/16 ---
[VERIFIER STAGE 2] p(0) = 0000000000000000000000000000000000000000000000000000000000000000
[VERIFIER STAGE 2] p(1) = 0000000000000000000000000000000000000000000000000000000000000000 (recovered)
[VERIFIER STAGE 2] p(2) = 0000000000000000000000000000000000000000000000000000000000000000
[VERIFIER STAGE 2] claim = 0000000000000000000000000000000000000000000000000000000000000000
[VERIFIER STAGE 2] challenge = 1dab7f269413ba0344efe78d937cc0a98d70454608184e484d730d91f748078d
[VERIFIER STAGE 2] new_claim = p(r) = 0000000000000000000000000000000000000000000000000000000000000000

[VERIFIER STAGE 2] --- Round 12/16 ---
[VERIFIER STAGE 2] p(0) = 0000000000000000000000000000000000000000000000000000000000000000
[VERIFIER STAGE 2] p(1) = 0000000000000000000000000000000000000000000000000000000000000000 (recovered)
[VERIFIER STAGE 2] p(2) = 0000000000000000000000000000000000000000000000000000000000000000
[VERIFIER STAGE 2] claim = 0000000000000000000000000000000000000000000000000000000000000000
[VERIFIER STAGE 2] challenge = 081d077907d3774d70867c06040a0c938b95f4ffa740fa3120e3499abc93908d
[VERIFIER STAGE 2] new_claim = p(r) = 0000000000000000000000000000000000000000000000000000000000000000

[VERIFIER STAGE 2] --- Round 13/16 ---
[VERIFIER STAGE 2] p(0) = 0000000000000000000000000000000000000000000000000000000000000000
[VERIFIER STAGE 2] p(1) = 0000000000000000000000000000000000000000000000000000000000000000 (recovered)
[VERIFIER STAGE 2] p(2) = 0000000000000000000000000000000000000000000000000000000000000000
[VERIFIER STAGE 2] claim = 0000000000000000000000000000000000000000000000000000000000000000
[VERIFIER STAGE 2] challenge = 1e0ed08b0b6b9b7cadff5304b2647fa59de760f3389816f5cb2c10803d2ce472
[VERIFIER STAGE 2] new_claim = p(r) = 0000000000000000000000000000000000000000000000000000000000000000

[VERIFIER STAGE 2] --- Round 14/16 ---
[VERIFIER STAGE 2] p(0) = 0000000000000000000000000000000000000000000000000000000000000000
[VERIFIER STAGE 2] p(1) = 0000000000000000000000000000000000000000000000000000000000000000 (recovered)
[VERIFIER STAGE 2] p(2) = 0000000000000000000000000000000000000000000000000000000000000000
[VERIFIER STAGE 2] claim = 0000000000000000000000000000000000000000000000000000000000000000
[VERIFIER STAGE 2] challenge = 1dd6e809e2846f72d4cc6edba0127babdce1bd399e65f771919aeece921ae0a2
[VERIFIER STAGE 2] new_claim = p(r) = 0000000000000000000000000000000000000000000000000000000000000000

[VERIFIER STAGE 2] --- Round 15/16 ---
[VERIFIER STAGE 2] p(0) = 0000000000000000000000000000000000000000000000000000000000000000
[VERIFIER STAGE 2] p(1) = 0000000000000000000000000000000000000000000000000000000000000000 (recovered)
[VERIFIER STAGE 2] p(2) = 0000000000000000000000000000000000000000000000000000000000000000
[VERIFIER STAGE 2] claim = 0000000000000000000000000000000000000000000000000000000000000000
[VERIFIER STAGE 2] challenge = 005cfbd0d628fe26d26cf520195f6a85ac27f5e5c6801f7376745405ecfe8263
[VERIFIER STAGE 2] new_claim = p(r) = 0000000000000000000000000000000000000000000000000000000000000000

[VERIFIER STAGE 2] Final claim = 0000000000000000000000000000000000000000000000000000000000000000

[VERIFIER] Stage 2 PASSED


[VERIFIER STAGE 3] =====================================
[VERIFIER STAGE 3] Lasso lookup sumcheck
[VERIFIER STAGE 3] num_rounds=24, log_t=8, log_k=16
[VERIFIER STAGE 3] gamma = 1a10e4eaa8feba820a823fd798a7ba388dd7c53671eb7071fd0ea5e18f96f5d8
[VERIFIER STAGE 3] Getting 8 r_reduction challenges...
[VERIFIER STAGE 3]   r_reduction[0] = 0ebcf53ac91646f6d8c2a07d631dfd723d3646e57d04eeb75543d98110dbbfda
[VERIFIER STAGE 3]   r_reduction[1] = 22d83988d4c3e19fdde2d3ac4cf693678dc171233a23d8b33d837e15614cd7c6
[VERIFIER STAGE 3]   r_reduction[2] = 29eedeadf80c3b887ed37bcb9037bf6c7fa03a483cd1ece871dd3479ec8793dc
[VERIFIER STAGE 3]   r_reduction[3] = 2cbf6300342a90e869ceff41676315f8bd695744a4d3f14ed2c3004562ea07c7
[VERIFIER STAGE 3]   r_reduction[4] = 184e58c0a9a848356264509c3a1032712a5287d179d44fc78dd14d2d91b37ccf
[VERIFIER STAGE 3]   r_reduction[5] = 1236fa629afa924f915cae31f14bf9663ba2e71ff86fdb49a4c09452fe40a19e
[VERIFIER STAGE 3]   r_reduction[6] = 1996ea837e9334155872aa2eedc6e108410b30eb290c10c5338ab6b5c690be4c
[VERIFIER STAGE 3]   r_reduction[7] = 26b8b5aea19270be68752985c4cd3a7b62b9b63fa277a6b34c9d30a55203941a
[VERIFIER STAGE 3] Initial claim = 2865db2b75d2e66572ac9a741ab8f3cefb9636bef1e14b2dc1f17492950f3c6b

[VERIFIER STAGE 3] --- Round 0/24 (address) ---
[VERIFIER STAGE 3] c0 = 082992d888b10e45ede6b488eb5541e7b79c723d656cd4b001a333e74b8addf4
[VERIFIER STAGE 3] c1 = 1812b57a6470c9d996df3162440e6fff8c5d52442707a1cdbeab0cc3fdf98083
[VERIFIER STAGE 3] c2 = 0000000000000000000000000000000000000000000000000000000000000000
[VERIFIER STAGE 3] p(0) = 082992d888b10e45ede6b488eb5541e7b79c723d656cd4b001a333e74b8addf4
[VERIFIER STAGE 3] p(1) = 203c4852ed21d81f84c5e5eb2f63b1e743f9c4818c74767dc04e40ab49845e77
[VERIFIER STAGE 3] p(0)+p(1) = 2865db2b75d2e66572ac9a741ab8f3cefb9636bef1e14b2dc1f17492950f3c6b
[VERIFIER STAGE 3] claim     = 2865db2b75d2e66572ac9a741ab8f3cefb9636bef1e14b2dc1f17492950f3c6b
[VERIFIER STAGE 3] sum_check_ok = true
[VERIFIER STAGE 3] challenge = 068f0af6c7fd644492d1e76a2bac9fc9b2e8b1e75881cd784a5cab7070af0f22
[VERIFIER STAGE 3] new_claim = p(r) = 0a158b8e14e2d82f5d30fc1d105e6b2faea86df90f26f847208255e77f659f22

[VERIFIER STAGE 3] --- Round 1/24 (address) ---
[VERIFIER STAGE 3] c0 = 1d5b1097847e91353f8f7851146a6aa4e84d4953ea66b098ea9f64d75784497f
[VERIFIER STAGE 3] c1 = 30280744ce48f6184eb296e7ea8c46a02e75abe22dcc7837d3077760b05d0c26
[VERIFIER STAGE 3] c2 = 0000000000000000000000000000000000000000000000000000000000000000
[VERIFIER STAGE 3] p(0) = 1d5b1097847e91353f8f7851146a6aa4e84d4953ea66b098ea9f64d75784497f
[VERIFIER STAGE 3] p(1) = 1d1ec9697195e723d5f1c9827d7558e7ee8f0ced9e79b83f79c4e6a417e155a4
[VERIFIER STAGE 3] p(0)+p(1) = 0a158b8e14e2d82f5d30fc1d105e6b2faea86df90f26f847208255e77f659f22
[VERIFIER STAGE 3] claim     = 0a158b8e14e2d82f5d30fc1d105e6b2faea86df90f26f847208255e77f659f22
[VERIFIER STAGE 3] sum_check_ok = true
[VERIFIER STAGE 3] challenge = 2b46862ccd01fcd97da2d07464b9f8754a296f9a65387a697a012c7c1e859ad7
[VERIFIER STAGE 3] new_claim = p(r) = 22cc043c55827ef3eaa4733f9db0ff37588680e1b7cf39c1d38141050b9c8096

[VERIFIER STAGE 3] --- Round 2/24 (address) ---
[VERIFIER STAGE 3] c0 = 268ae7493b2401e4c634ffcbb671673612a6bfaebef3cf0b9e48acf5c11cbf98
[VERIFIER STAGE 3] c1 = 061a841cc06c1b54168ab95eb24f89285b6ce9ccb3a10c3bdad1dcad79630167
[VERIFIER STAGE 3] c2 = 0000000000000000000000000000000000000000000000000000000000000000
[VERIFIER STAGE 3] p(0) = 268ae7493b2401e4c634ffcbb671673612a6bfaebef3cf0b9e48acf5c11cbf98
[VERIFIER STAGE 3] p(1) = 2ca56b65fb901d38dcbfb92a68c0f05e6e13a97b7294db47791a89a33a7fc0ff
[VERIFIER STAGE 3] p(0)+p(1) = 22cc043c55827ef3eaa4733f9db0ff37588680e1b7cf39c1d38141050b9c8096
[VERIFIER STAGE 3] claim     = 22cc043c55827ef3eaa4733f9db0ff37588680e1b7cf39c1d38141050b9c8096
[VERIFIER STAGE 3] sum_check_ok = true
[VERIFIER STAGE 3] challenge = 0c252c35c1ccfb7bc65904087680671d757944fc4ffb2fdd969fbc27e68b6ccc
[VERIFIER STAGE 3] new_claim = p(r) = 1b18f106daf7d8a95bd144653b10fabf8f36437d7f3118e992a0476f94715243

[VERIFIER STAGE 3] --- Round 3/24 (address) ---
[VERIFIER STAGE 3] c0 = 1057445781b045734652adedeae9e78e46ae079264ff670ff8eb1e124f972a6d
[VERIFIER STAGE 3] c1 = 2aceb6cab8c8edec877c2e3fe6be84002a0e1ca12eebbb5ae4ac00dee542fd6a
[VERIFIER STAGE 3] c2 = 0000000000000000000000000000000000000000000000000000000000000000
[VERIFIER STAGE 3] p(0) = 1057445781b045734652adedeae9e78e46ae079264ff670ff8eb1e124f972a6d
[VERIFIER STAGE 3] p(1) = 0ac1acaf59479336157e96775027133148883beb1a31b1d999b5295d44da27d6
[VERIFIER STAGE 3] p(0)+p(1) = 1b18f106daf7d8a95bd144653b10fabf8f36437d7f3118e992a0476f94715243
[VERIFIER STAGE 3] claim     = 1b18f106daf7d8a95bd144653b10fabf8f36437d7f3118e992a0476f94715243
[VERIFIER STAGE 3] sum_check_ok = true
[VERIFIER STAGE 3] challenge = 2bdf8914090ecca72514210cdb2324e8916b8123ef48cd4996be20d038b9bd34
[VERIFIER STAGE 3] new_claim = p(r) = 1736d16ae74737df980e72183dc3483b4c9bc48e836be2c7d258329539237811

[VERIFIER STAGE 3] --- Round 4/24 (address) ---
[VERIFIER STAGE 3] c0 = 049f80bd0e0a507e220ad486da26e32cd6e006a18b89c7e3211d81452916d3f8
[VERIFIER STAGE 3] c1 = 0df7cff0cb3296e353f8c90a897581e19edbb74b6c585301901d300ae6f5d021
[VERIFIER STAGE 3] c2 = 0000000000000000000000000000000000000000000000000000000000000000
[VERIFIER STAGE 3] p(0) = 049f80bd0e0a507e220ad486da26e32cd6e006a18b89c7e3211d81452916d3f8
[VERIFIER STAGE 3] p(1) = 129750add93ce76176039d91639c650e75bbbdecf7e21ae4b13ab150100ca419
[VERIFIER STAGE 3] p(0)+p(1) = 1736d16ae74737df980e72183dc3483b4c9bc48e836be2c7d258329539237811
[VERIFIER STAGE 3] claim     = 1736d16ae74737df980e72183dc3483b4c9bc48e836be2c7d258329539237811
[VERIFIER STAGE 3] sum_check_ok = true
[VERIFIER STAGE 3] challenge = 260b11bd949307033c338c2c28b17545704d77a3b53d2c5fecd58532931feb37
[VERIFIER STAGE 3] new_claim = p(r) = 18d211fb39c9eb6bf8f2e52ab76943ef4a8e6d62fe2d784071ecf4d46fe19c3a

[VERIFIER STAGE 3] --- Round 5/24 (address) ---
[VERIFIER STAGE 3] c0 = 027c28c2de0a502d84980870835c85274ff732c5aac4dc6cf7517dc3a5f2be1d
[VERIFIER STAGE 3] c1 = 13d9c0757db54b10efc2d449b0b039a0aaa007d7a8a3bf668349f94d23fc2000
[VERIFIER STAGE 3] c2 = 0000000000000000000000000000000000000000000000000000000000000000
[VERIFIER STAGE 3] p(0) = 027c28c2de0a502d84980870835c85274ff732c5aac4dc6cf7517dc3a5f2be1d
[VERIFIER STAGE 3] p(1) = 1655e9385bbf9b3e745adcba340cbec7fa973a9d53689bd37a9b7710c9eede1d
[VERIFIER STAGE 3] p(0)+p(1) = 18d211fb39c9eb6bf8f2e52ab76943ef4a8e6d62fe2d784071ecf4d46fe19c3a
[VERIFIER STAGE 3] claim     = 18d211fb39c9eb6bf8f2e52ab76943ef4a8e6d62fe2d784071ecf4d46fe19c3a
[VERIFIER STAGE 3] sum_check_ok = true
[VERIFIER STAGE 3] challenge = 11c5465f4ef5b6cb81d27278ca66d016534efda8fb8e85c94250ae01b7057c68
[VERIFIER STAGE 3] new_claim = p(r) = 16f5d82b516b62392417d69b2781cf3a7c890c863f7653bbdfb7aee3968caf6c

[VERIFIER STAGE 3] --- Round 6/24 (address) ---
[VERIFIER STAGE 3] c0 = 25362cf2885ac2d87932219063c52487176fd5294bebcbd4a4f1efd59d5645c7
[VERIFIER STAGE 3] c1 = 2d521b2c03191cdba2541ee762fa36e69e1132c49b119d351d97ba603be023e0
[VERIFIER STAGE 3] c2 = 0000000000000000000000000000000000000000000000000000000000000000
[VERIFIER STAGE 3] p(0) = 25362cf2885ac2d87932219063c52487176fd5294bebcbd4a4f1efd59d5645c7
[VERIFIER STAGE 3] p(1) = 2223f9abaa423f8a6335fac1453e03108d4d1fa56d43f8787ea7b4a1e93669a6
[VERIFIER STAGE 3] p(0)+p(1) = 16f5d82b516b62392417d69b2781cf3a7c890c863f7653bbdfb7aee3968caf6c
[VERIFIER STAGE 3] claim     = 16f5d82b516b62392417d69b2781cf3a7c890c863f7653bbdfb7aee3968caf6c
[VERIFIER STAGE 3] sum_check_ok = true
[VERIFIER STAGE 3] challenge = 0a55e568b7ba8c9d3bc2652d8ca193302e8a9ee700658710602c6ab1f6b5a441
[VERIFIER STAGE 3] new_claim = p(r) = 16548beacc65a6e62192cd2dedeea81822c3860bb4969b163c7dc4107bf7a669

[VERIFIER STAGE 3] --- Round 7/24 (address) ---
[VERIFIER STAGE 3] c0 = 11084b584018501809538db0aba163fdc042f959a2e7419c0004297e84c814e2
[VERIFIER STAGE 3] c1 = 24a843ad2d66a6dfc73bf783182d3879ca717ba0e881886f805766a762677ca6
[VERIFIER STAGE 3] c2 = 0000000000000000000000000000000000000000000000000000000000000000
[VERIFIER STAGE 3] p(0) = 11084b584018501809538db0aba163fdc042f959a2e7419c0004297e84c814e2
[VERIFIER STAGE 3] p(1) = 054c40928c4d56ce183f3f7d424d441a62808cb211af597a3c799a91f72f9187
[VERIFIER STAGE 3] p(0)+p(1) = 16548beacc65a6e62192cd2dedeea81822c3860bb4969b163c7dc4107bf7a669
[VERIFIER STAGE 3] claim     = 16548beacc65a6e62192cd2dedeea81822c3860bb4969b163c7dc4107bf7a669
[VERIFIER STAGE 3] sum_check_ok = true
[VERIFIER STAGE 3] challenge = 1e3b5882eef6de63c51ff78667277f072f7140e5f4d5e05a60ee2118dba29942
[VERIFIER STAGE 3] new_claim = p(r) = 2f0e793d4daf9900f2d5e068e52ae5121c04af48726c8c6a0f0eb567d0c09b57

[VERIFIER STAGE 3] --- Round 8/24 (address) ---
[VERIFIER STAGE 3] c0 = 2872beaa6bc314dbffd98a15f237f2203e38e224518cca2d22a551d00552a885
[VERIFIER STAGE 3] c1 = 0e8d4a5b575b0f72ab7311f3823c592ec7c6d348490c68a10da6075bb61b4a4e
[VERIFIER STAGE 3] c2 = 0000000000000000000000000000000000000000000000000000000000000000
[VERIFIER STAGE 3] p(0) = 2872beaa6bc314dbffd98a15f237f2203e38e224518cca2d22a551d00552a885
[VERIFIER STAGE 3] p(1) = 069bba92e1ec8424f2fc5652f2f2f2f1ddcbcd2420dfc23cec696397cb6df2d2
[VERIFIER STAGE 3] p(0)+p(1) = 2f0e793d4daf9900f2d5e068e52ae5121c04af48726c8c6a0f0eb567d0c09b57
[VERIFIER STAGE 3] claim     = 2f0e793d4daf9900f2d5e068e52ae5121c04af48726c8c6a0f0eb567d0c09b57
[VERIFIER STAGE 3] sum_check_ok = true
[VERIFIER STAGE 3] challenge = 05c64d6225bf45f2344de85a09cf0be66ad5b13bd7aecf70b7d7567de3a1dd05
[VERIFIER STAGE 3] new_claim = p(r) = 0dde4f454509cd18218f7b52aa2b773ca086136d3935448b880a2af44fce4cf1

[VERIFIER STAGE 3] --- Round 9/24 (address) ---
[VERIFIER STAGE 3] c0 = 0dde4f454509cd18218f7b52aa2b773ca086136d3935448b880a2af44fce4cf1
[VERIFIER STAGE 3] c1 = 2285ff2d9c27d31196c0ca63d755e12087add4db40842c05bbd7ca9fa031b310
[VERIFIER STAGE 3] c2 = 0000000000000000000000000000000000000000000000000000000000000000
[VERIFIER STAGE 3] p(0) = 0dde4f454509cd18218f7b52aa2b773ca086136d3935448b880a2af44fce4cf1
[VERIFIER STAGE 3] p(1) = 0000000000000000000000000000000000000000000000000000000000000000
[VERIFIER STAGE 3] p(0)+p(1) = 0dde4f454509cd18218f7b52aa2b773ca086136d3935448b880a2af44fce4cf1
[VERIFIER STAGE 3] claim     = 0dde4f454509cd18218f7b52aa2b773ca086136d3935448b880a2af44fce4cf1
[VERIFIER STAGE 3] sum_check_ok = true
[VERIFIER STAGE 3] challenge = 2188d629713eb88f96c7ac32296dd3c6f8b393b45d442e3b6c955cc9ddec8c4c
[VERIFIER STAGE 3] new_claim = p(r) = 0aa3f50132bbc88c87b327b8c98502755d289ae3402e7be63ad96440ace58996

[VERIFIER STAGE 3] --- Round 10/24 (address) ---
[VERIFIER STAGE 3] c0 = 0aa3f50132bbc88c87b327b8c98502755d289ae3402e7be63ad96440ace58996
[VERIFIER STAGE 3] c1 = 25c05971ae75d79d309d1dfdb7fc55e7cb0b4d65398af4ab09089153431a766b
[VERIFIER STAGE 3] c2 = 0000000000000000000000000000000000000000000000000000000000000000
[VERIFIER STAGE 3] p(0) = 0aa3f50132bbc88c87b327b8c98502755d289ae3402e7be63ad96440ace58996
[VERIFIER STAGE 3] p(1) = 0000000000000000000000000000000000000000000000000000000000000000
[VERIFIER STAGE 3] p(0)+p(1) = 0aa3f50132bbc88c87b327b8c98502755d289ae3402e7be63ad96440ace58996
[VERIFIER STAGE 3] claim     = 0aa3f50132bbc88c87b327b8c98502755d289ae3402e7be63ad96440ace58996
[VERIFIER STAGE 3] sum_check_ok = true
[VERIFIER STAGE 3] challenge = 1aa0cd493fc987ece03920c7cd5069b619df9b9ff1ea4f33973d7d4d2faac29c
[VERIFIER STAGE 3] new_claim = p(r) = 0de4bccf1cf7ebb41e3a6732f88ff3064059aef46d4b9b5908ddc911e0a4e36a

[VERIFIER STAGE 3] --- Round 11/24 (address) ---
[VERIFIER STAGE 3] c0 = 0de4bccf1cf7ebb41e3a6732f88ff3064059aef46d4b9b5908ddc911e0a4e36a
[VERIFIER STAGE 3] c1 = 227f91a3c439b4759a15de8388f16556e7da39540c6dd5383b042c820f5b1c97
[VERIFIER STAGE 3] c2 = 0000000000000000000000000000000000000000000000000000000000000000
[VERIFIER STAGE 3] p(0) = 0de4bccf1cf7ebb41e3a6732f88ff3064059aef46d4b9b5908ddc911e0a4e36a
[VERIFIER STAGE 3] p(1) = 0000000000000000000000000000000000000000000000000000000000000000
[VERIFIER STAGE 3] p(0)+p(1) = 0de4bccf1cf7ebb41e3a6732f88ff3064059aef46d4b9b5908ddc911e0a4e36a
[VERIFIER STAGE 3] claim     = 0de4bccf1cf7ebb41e3a6732f88ff3064059aef46d4b9b5908ddc911e0a4e36a
[VERIFIER STAGE 3] sum_check_ok = true
[VERIFIER STAGE 3] challenge = 28a22f116cab416c5f72dbb95fa9e66d49ad65b1e584fa97d7b638e77a76e49e
[VERIFIER STAGE 3] new_claim = p(r) = 1b5572f1294802775be7fae233fedc72e4306eb747d826ddc4366c3389b6c647

[VERIFIER STAGE 3] --- Round 12/24 (address) ---
[VERIFIER STAGE 3] c0 = 1b5572f1294802775be7fae233fedc72e4306eb747d826ddc4366c3389b6c647
[VERIFIER STAGE 3] c1 = 150edb81b7e99db25c684ad44d827bea4403799131e149b37fab8960664939ba
[VERIFIER STAGE 3] c2 = 0000000000000000000000000000000000000000000000000000000000000000
[VERIFIER STAGE 3] p(0) = 1b5572f1294802775be7fae233fedc72e4306eb747d826ddc4366c3389b6c647
[VERIFIER STAGE 3] p(1) = 0000000000000000000000000000000000000000000000000000000000000000
[VERIFIER STAGE 3] p(0)+p(1) = 1b5572f1294802775be7fae233fedc72e4306eb747d826ddc4366c3389b6c647
[VERIFIER STAGE 3] claim     = 1b5572f1294802775be7fae233fedc72e4306eb747d826ddc4366c3389b6c647
[VERIFIER STAGE 3] sum_check_ok = true
[VERIFIER STAGE 3] challenge = 2c2d0fbd865e83ac1eb2571b46cd5729869636de2f0726d78e9db6dc915ecd4b
[VERIFIER STAGE 3] new_claim = p(r) = 20034584c1baab790c737512254a5163ba673c27451db0825a8e092b89f636d6

[VERIFIER STAGE 3] --- Round 13/24 (address) ---
[VERIFIER STAGE 3] c0 = 20034584c1baab790c737512254a5163ba673c27451db0825a8e092b89f636d6
[VERIFIER STAGE 3] c1 = 106108ee1f76f4b0abdcd0a45c3706f96dccac21349bc00ee953ec686609c92b
[VERIFIER STAGE 3] c2 = 0000000000000000000000000000000000000000000000000000000000000000
[VERIFIER STAGE 3] p(0) = 20034584c1baab790c737512254a5163ba673c27451db0825a8e092b89f636d6
[VERIFIER STAGE 3] p(1) = 0000000000000000000000000000000000000000000000000000000000000000
[VERIFIER STAGE 3] p(0)+p(1) = 20034584c1baab790c737512254a5163ba673c27451db0825a8e092b89f636d6
[VERIFIER STAGE 3] claim     = 20034584c1baab790c737512254a5163ba673c27451db0825a8e092b89f636d6
[VERIFIER STAGE 3] sum_check_ok = true
[VERIFIER STAGE 3] challenge = 06195b59455e8eb593f5acf8ba29146c93b0288f418890f3815bddbdd3bfa8dc
[VERIFIER STAGE 3] new_claim = p(r) = 0fff67adbedee4fea0babe73265d1868439f81576ab396b9ad5fecf36a6b3182

[VERIFIER STAGE 3] --- Round 14/24 (address) ---
[VERIFIER STAGE 3] c0 = 0fff67adbedee4fea0babe73265d1868439f81576ab396b9ad5fecf36a6b3182
[VERIFIER STAGE 3] c1 = 2064e6c52252bb2b179587435b243ff4e49466f10f05d9d7968208a08594ce7f
[VERIFIER STAGE 3] c2 = 0000000000000000000000000000000000000000000000000000000000000000
[VERIFIER STAGE 3] p(0) = 0fff67adbedee4fea0babe73265d1868439f81576ab396b9ad5fecf36a6b3182
[VERIFIER STAGE 3] p(1) = 0000000000000000000000000000000000000000000000000000000000000000
[VERIFIER STAGE 3] p(0)+p(1) = 0fff67adbedee4fea0babe73265d1868439f81576ab396b9ad5fecf36a6b3182
[VERIFIER STAGE 3] claim     = 0fff67adbedee4fea0babe73265d1868439f81576ab396b9ad5fecf36a6b3182
[VERIFIER STAGE 3] sum_check_ok = true
[VERIFIER STAGE 3] challenge = 1ec8757c359bac2fdb5358095ed532155e10252e02447365ad56267d9d742619
[VERIFIER STAGE 3] new_claim = p(r) = 26cb6bdb6c1c6bf197a55c3c9a34fca1d78a00969b5085be06cb360d7bc5ff20

[VERIFIER STAGE 3] --- Round 15/24 (address) ---
[VERIFIER STAGE 3] c0 = 04c907a51450cd0319f8ff9660b81922943b08b4b2726aeda17fd4ab86e9cb9f
[VERIFIER STAGE 3] c1 = 1d395c91437ad1eb63b35d0fd8c4ca5caf13ef2d366bafe2c3cb8cb66df267e2
[VERIFIER STAGE 3] c2 = 0000000000000000000000000000000000000000000000000000000000000000
[VERIFIER STAGE 3] p(0) = 04c907a51450cd0319f8ff9660b81922943b08b4b2726aeda17fd4ab86e9cb9f
[VERIFIER STAGE 3] p(1) = 2202643657cb9eee7dac5ca6397ce37f434ef7e1e8de1ad0654b6161f4dc3381
[VERIFIER STAGE 3] p(0)+p(1) = 26cb6bdb6c1c6bf197a55c3c9a34fca1d78a00969b5085be06cb360d7bc5ff20
[VERIFIER STAGE 3] claim     = 26cb6bdb6c1c6bf197a55c3c9a34fca1d78a00969b5085be06cb360d7bc5ff20
[VERIFIER STAGE 3] sum_check_ok = true
[VERIFIER STAGE 3] challenge = 29ce6d6ada33ee93facb2331a678f80ac4e0e7f6f0139473e062f2ca1915af76
[VERIFIER STAGE 3] new_claim = p(r) = 0e95855808c7ad58aaf588154e82248cb5165d92acc794219112562f65ee924c

[VERIFIER STAGE 3] --- Round 16/24 (cycle) ---
[VERIFIER STAGE 3] c0 = 0e95855808c7ad58aaf588154e82248cb5165d92acc794219112562f65ee924c
[VERIFIER STAGE 3] c1 = 21cec91ad869f2d10d5abda132ff33d0731d8ab5ccf1dc6fb2cf9f648a116db5
[VERIFIER STAGE 3] c2 = 0000000000000000000000000000000000000000000000000000000000000000
[VERIFIER STAGE 3] p(0) = 0e95855808c7ad58aaf588154e82248cb5165d92acc794219112562f65ee924c
[VERIFIER STAGE 3] p(1) = 0000000000000000000000000000000000000000000000000000000000000000
[VERIFIER STAGE 3] p(0)+p(1) = 0e95855808c7ad58aaf588154e82248cb5165d92acc794219112562f65ee924c
[VERIFIER STAGE 3] claim     = 0e95855808c7ad58aaf588154e82248cb5165d92acc794219112562f65ee924c
[VERIFIER STAGE 3] sum_check_ok = true
[VERIFIER STAGE 3] challenge = 25cc4ef4c6da8da35d4aeb879118344100e5b02d1ccadba97bfa924573fead5e
[VERIFIER STAGE 3] new_claim = p(r) = 11ddae7f477c119b1c58c80bae174c79a861f0df2f98c6dc874fea512667c3be

[VERIFIER STAGE 3] --- Round 17/24 (cycle) ---
[VERIFIER STAGE 3] c0 = 11ddae7f477c119b1c58c80bae174c79a861f0df2f98c6dc874fea512667c3be
[VERIFIER STAGE 3] c1 = 1e869ff399b58e8e9bf77daad36a0be37fd1f7694a20a9b4bc920b42c9983c43
[VERIFIER STAGE 3] c2 = 0000000000000000000000000000000000000000000000000000000000000000
[VERIFIER STAGE 3] p(0) = 11ddae7f477c119b1c58c80bae174c79a861f0df2f98c6dc874fea512667c3be
[VERIFIER STAGE 3] p(1) = 0000000000000000000000000000000000000000000000000000000000000000
[VERIFIER STAGE 3] p(0)+p(1) = 11ddae7f477c119b1c58c80bae174c79a861f0df2f98c6dc874fea512667c3be
[VERIFIER STAGE 3] claim     = 11ddae7f477c119b1c58c80bae174c79a861f0df2f98c6dc874fea512667c3be
[VERIFIER STAGE 3] sum_check_ok = true
[VERIFIER STAGE 3] challenge = 2dde0b42dd54cdac02a302f5cd6162ae26baf0aba3e4720c1d4276ac83c88aa1
[VERIFIER STAGE 3] new_claim = p(r) = 0a3a89adc92aa011a6f46311b338c4561f641dc12d863feb191dc0a244d5d350

[VERIFIER STAGE 3] --- Round 18/24 (cycle) ---
[VERIFIER STAGE 3] c0 = 18f81eb628fa7aaa3fb378406a88d830ba5be62b03abaed2fc309abf179365a0
[VERIFIER STAGE 3] c1 = 08ae9ab458674ae6dfddb8475fa86c51d2e039b39fe852d6649e80b805af0811
[VERIFIER STAGE 3] c2 = 0000000000000000000000000000000000000000000000000000000000000000
[VERIFIER STAGE 3] p(0) = 18f81eb628fa7aaa3fb378406a88d830ba5be62b03abaed2fc309abf179365a0
[VERIFIER STAGE 3] p(1) = 21a6b96a8161c5911f913087ca3144828d3c1fdea39401a960cf1b771d426db1
[VERIFIER STAGE 3] p(0)+p(1) = 0a3a89adc92aa011a6f46311b338c4561f641dc12d863feb191dc0a244d5d350
[VERIFIER STAGE 3] claim     = 0a3a89adc92aa011a6f46311b338c4561f641dc12d863feb191dc0a244d5d350
[VERIFIER STAGE 3] sum_check_ok = true
[VERIFIER STAGE 3] challenge = 22be2419ce5a7155f7ffb87f396badcf0ae849404d26017ca9d39bda5a7ac110
[VERIFIER STAGE 3] new_claim = p(r) = 236410ecdf1a042063a498f26400a2daad622ed7d3e9eb3ec2e76ba41ffa93d8

[VERIFIER STAGE 3] --- Round 19/24 (cycle) ---
[VERIFIER STAGE 3] c0 = 094f4f768cbba9bdfbf7520c62541e0683b89a6219f351f11ec8b1ab91bd8d30
[VERIFIER STAGE 3] c1 = 10c571ffc5a2b0a46bb5f4d99f5866cda5f0fa13a003475c8556084cfc7f7978
[VERIFIER STAGE 3] c2 = 0000000000000000000000000000000000000000000000000000000000000000
[VERIFIER STAGE 3] p(0) = 094f4f768cbba9bdfbf7520c62541e0683b89a6219f351f11ec8b1ab91bd8d30
[VERIFIER STAGE 3] p(1) = 1a14c176525e5a6267ad46e601ac84d429a99475b9f6994da41eb9f88e3d06a8
[VERIFIER STAGE 3] p(0)+p(1) = 236410ecdf1a042063a498f26400a2daad622ed7d3e9eb3ec2e76ba41ffa93d8
[VERIFIER STAGE 3] claim     = 236410ecdf1a042063a498f26400a2daad622ed7d3e9eb3ec2e76ba41ffa93d8
[VERIFIER STAGE 3] sum_check_ok = true
[VERIFIER STAGE 3] challenge = 1b15d2e06314861e842fb4058905f4170d1f3b5333804ca13d163cbd7e37fe6b
[VERIFIER STAGE 3] new_claim = p(r) = 1728010a05c971f9b62a4e0c3f75bda0639f7f9a80dfd8ead624b686c04645dd

[VERIFIER STAGE 3] --- Round 20/24 (cycle) ---
[VERIFIER STAGE 3] c0 = 2a2de74d9bd53a3ddf4225ab0bf59454520ca9245922795eef2699a25aa4d594
[VERIFIER STAGE 3] c1 = 2394cf5490823dd168468e232a8d45b20fedfde2c20dc74f7f9b6e69eafc9ab7
[VERIFIER STAGE 3] c2 = 0000000000000000000000000000000000000000000000000000000000000000
[VERIFIER STAGE 3] p(0) = 2a2de74d9bd53a3ddf4225ab0bf59454520ca9245922795eef2699a25aa4d594
[VERIFIER STAGE 3] p(1) = 1d5e682f4b25d7e58f386e17b50181a939c6bebea176d01d2ae0127855a1704a
[VERIFIER STAGE 3] p(0)+p(1) = 1728010a05c971f9b62a4e0c3f75bda0639f7f9a80dfd8ead624b686c04645dd
[VERIFIER STAGE 3] claim     = 1728010a05c971f9b62a4e0c3f75bda0639f7f9a80dfd8ead624b686c04645dd
[VERIFIER STAGE 3] sum_check_ok = true
[VERIFIER STAGE 3] challenge = 0fd29c9a93897d82271e8c6e689dcfed99bd787f910d920f3dfbb57e3b94f83d
[VERIFIER STAGE 3] new_claim = p(r) = 2c3e915f2bf6a35e8c71d9524b4a3f6455b29b4861f6d0fa06601b7e6a99f1c7

[VERIFIER STAGE 3] --- Round 21/24 (cycle) ---
[VERIFIER STAGE 3] c0 = 27c28e0e745b512eed5fc1d5b24031f137cd23367f46e30f2c945e84e1a827fb
[VERIFIER STAGE 3] c1 = 0d1dc3b52471a12a6a029b5d684b33df0e4c3d23dd227b6cf11954089749a1d2
[VERIFIER STAGE 3] c2 = 0000000000000000000000000000000000000000000000000000000000000000
[VERIFIER STAGE 3] p(0) = 27c28e0e745b512eed5fc1d5b24031f137cd23367f46e30f2c945e84e1a827fb
[VERIFIER STAGE 3] p(1) = 047c0350b79b522f9f12177c990a0d731de57811e2afedead9cbbcf988f1c9cc
[VERIFIER STAGE 3] p(0)+p(1) = 2c3e915f2bf6a35e8c71d9524b4a3f6455b29b4861f6d0fa06601b7e6a99f1c7
[VERIFIER STAGE 3] claim     = 2c3e915f2bf6a35e8c71d9524b4a3f6455b29b4861f6d0fa06601b7e6a99f1c7
[VERIFIER STAGE 3] sum_check_ok = true
[VERIFIER STAGE 3] challenge = 00497b8f6e6058d07d58703f2e3ff0da8818e43d384af83312a624c39493ffdd
[VERIFIER STAGE 3] new_claim = p(r) = 28b585d2b181a142176b71963028caf2b154d4fad499a66f7e0073ba3e11f6a1

[VERIFIER STAGE 3] --- Round 22/24 (cycle) ---
[VERIFIER STAGE 3] c0 = 2bcb887fe35ad716329318210a274bd44bb18d5639728d43beb65ae3397bacb3
[VERIFIER STAGE 3] c1 = 0182c345cbfd933f6a95870a9d5b8ba74225a296db6dfc794475b387bb1a9d3c
[VERIFIER STAGE 3] c2 = 0000000000000000000000000000000000000000000000000000000000000000
[VERIFIER STAGE 3] p(0) = 2bcb887fe35ad716329318210a274bd44bb18d5639728d43beb65ae3397bacb3
[VERIFIER STAGE 3] p(1) = 2d4e4bc5af586a559d289f2ba782d77b8dd72fed14e089bd032c0e6af49649ef
[VERIFIER STAGE 3] p(0)+p(1) = 28b585d2b181a142176b71963028caf2b154d4fad499a66f7e0073ba3e11f6a1
[VERIFIER STAGE 3] claim     = 28b585d2b181a142176b71963028caf2b154d4fad499a66f7e0073ba3e11f6a1
[VERIFIER STAGE 3] sum_check_ok = true
[VERIFIER STAGE 3] challenge = 225131f6f6d79bc35720d45dd080905e76cd7d93575684866e450be569a7f1d1
[VERIFIER STAGE 3] new_claim = p(r) = 2aed63ca0a997babf2dbcd9b7640c998e4137418a7af0e6823cb9ab9696db0cd

[VERIFIER STAGE 3] --- Round 23/24 (cycle) ---
[VERIFIER STAGE 3] c0 = 1bb4cc3fd1c51ba6950a3eb9d4cbd82eb03cb6d7946d4e8b929438e5918efaae
[VERIFIER STAGE 3] c1 = 23e819bd4840e488811795de4e2a7198abcdeeb1f88de1e242851e82364fbb72
[VERIFIER STAGE 3] c2 = 0000000000000000000000000000000000000000000000000000000000000000
[VERIFIER STAGE 3] p(0) = 1bb4cc3fd1c51ba6950a3eb9d4cbd82eb03cb6d7946d4e8b929438e5918efaae
[VERIFIER STAGE 3] p(1) = 0f38978a38d460055dd18ee1a174f16a33d6bd411341bfdc913761d3d7deb61f
[VERIFIER STAGE 3] p(0)+p(1) = 2aed63ca0a997babf2dbcd9b7640c998e4137418a7af0e6823cb9ab9696db0cd
[VERIFIER STAGE 3] claim     = 2aed63ca0a997babf2dbcd9b7640c998e4137418a7af0e6823cb9ab9696db0cd
[VERIFIER STAGE 3] sum_check_ok = true
[VERIFIER STAGE 3] challenge = 26d1006f41bd928cf8bdebb83e66af5eaf97c0ac534070633b66bfd8650d964c
[VERIFIER STAGE 3] new_claim = p(r) = 208b14037dcc6ef307193cb7ce51fbe937b3335fe35c3d8e96344328feeb55ea

[VERIFIER STAGE 3] Final claim = 208b14037dcc6ef307193cb7ce51fbe937b3335fe35c3d8e96344328feeb55ea

[VERIFIER] Stage 3 PASSED


[VERIFIER STAGE 4] =====================================
[VERIFIER STAGE 4] Value evaluation
[VERIFIER STAGE 4] num_rounds=8, log_t=8
[VERIFIER STAGE 4] Getting 16 r_address challenges...
[VERIFIER STAGE 4]   r_address[0] = 13a0efb8a16aa9987ec1a3b5ce5bfc2dc6b5690090061bf47974c309126283f4
[VERIFIER STAGE 4]   r_address[1] = 0163fae2706fdbc31a77044f787912caf47ae306fa75491237b4e5121a4cc8d5
[VERIFIER STAGE 4]   r_address[2] = 1984a2453a166342f5143dd9e91a0a22b3b5da8c81c8bdfdce2b544338b14be1
[VERIFIER STAGE 4]   r_address[3] = 2a12fc6bceb5e33f258d32e7882ebfe99c45f49618132c5921bb61861d29b475
[VERIFIER STAGE 4]   r_address[4] = 239e306b1cfd927f040a70d34129b6111fe8f7a5d8770e3ad4f06150c6a7517d
[VERIFIER STAGE 4]   r_address[5] = 0b6e0b375d8d858fdc73de28966dbf35ec3d63d55d68d00e568a817f4167b39b
[VERIFIER STAGE 4]   r_address[6] = 297129335d248b2caa3a02ed1a3b7b6f7a4e5a05f88931f44e26c2fb527409fb
[VERIFIER STAGE 4]   r_address[7] = 181d620069b56c089e7dfdd0c5207389c47966e39e71ad76d03c66ff173ea59c
[VERIFIER STAGE 4]   r_address[8] = 00828733614d4585a1b771d844c8f5ca5081ec78f7e6958c732fa96bfc021532
[VERIFIER STAGE 4]   r_address[9] = 2c391d9be52b07b3dcd80fc5ef3c2749364d3803d305abc650df9ab2ca35babc
[VERIFIER STAGE 4]   r_address[10] = 08e4d52311b90b5880838a71fc18a6bf4b6cc35b722a9927fb0c623f0d7fcd10
[VERIFIER STAGE 4]   r_address[11] = 22a6fb53fde058e081fbf567e92532608a879988b89265951084e187dc274324
[VERIFIER STAGE 4]   r_address[12] = 2a4782698b23987847af7d5504e08f2481c7629fd887d92564a1de66af7f0bc1
[VERIFIER STAGE 4]   r_address[13] = 1df8b4650cd1411b0fe512b33fd5b3c4017f9a08839e98d0ec6ceaf55831b09a
[VERIFIER STAGE 4]   r_address[14] = 0cda4a3071eeac13cd7e4974c0ac2f93f84f910194226aab0f43250ce32b01e8
[VERIFIER STAGE 4]   r_address[15] = 1b79ecc51d2fcdb99b13a9df613d8235d426115b235e83479fe614881adfc4eb
[VERIFIER STAGE 4] Getting 8 r_cycle_val challenges...
[VERIFIER STAGE 4]   r_cycle_val[0] = 27116f42a3a39f2d0cb4cfa67ed3826aa3b6efb80002ec4eca70d9210aa6c27f
[VERIFIER STAGE 4]   r_cycle_val[1] = 133bfb61c118dfba051d1cf355d020d64756927fb22d03250210b7e2f675a5e4
[VERIFIER STAGE 4]   r_cycle_val[2] = 047420dd969c03ed39562e6c19d634b38cd3e51243ad22605bc9cb555997eaad
[VERIFIER STAGE 4]   r_cycle_val[3] = 151b13063ea7fc49a98123f51eb57f45a25bb1e4e0b2cb16f4465b20c36305bf
[VERIFIER STAGE 4]   r_cycle_val[4] = 14d0affb7d84a68e2546f2d9651b8d1048331f0bd761297b0fa8704522df97eb
[VERIFIER STAGE 4]   r_cycle_val[5] = 0336fc3a93c108cdce8c64cf62dd674b095a4404c6707ef3791b167865d4fded
[VERIFIER STAGE 4]   r_cycle_val[6] = 1e855f1ed193caf2fb8aa2992798c2e5b184a030e403c4fd0e173a32f73beb41
[VERIFIER STAGE 4]   r_cycle_val[7] = 203c602fecc82c3968e3af6ae60c51f06434f1393a3f5086faadec9c8cf9eff3
[VERIFIER STAGE 4] Initial claim = 0000000000000000000000000000000000000000000000000000000000000000

[VERIFIER STAGE 4] --- Round 0/8 ---
[VERIFIER STAGE 4] p[0] = 0000000000000000000000000000000000000000000000000000000000000000
[VERIFIER STAGE 4] p[1] = 0000000000000000000000000000000000000000000000000000000000000000
[VERIFIER STAGE 4] p[2] = 0000000000000000000000000000000000000000000000000000000000000000
[VERIFIER STAGE 4] p[3] = 0000000000000000000000000000000000000000000000000000000000000000
[VERIFIER STAGE 4] p(0)+p(1) = 0000000000000000000000000000000000000000000000000000000000000000
[VERIFIER STAGE 4] claim     = 0000000000000000000000000000000000000000000000000000000000000000
[VERIFIER STAGE 4] sum_check_ok = true
[VERIFIER STAGE 4] challenge = 22f39c50bf06f44ad59e67b55bbaba63aef21399d07d1241790211a2a84bec00
[VERIFIER STAGE 4] new_claim = p(r) = 0000000000000000000000000000000000000000000000000000000000000000

[VERIFIER STAGE 4] --- Round 1/8 ---
[VERIFIER STAGE 4] p[0] = 0000000000000000000000000000000000000000000000000000000000000000
[VERIFIER STAGE 4] p[1] = 0000000000000000000000000000000000000000000000000000000000000000
[VERIFIER STAGE 4] p[2] = 0000000000000000000000000000000000000000000000000000000000000000
[VERIFIER STAGE 4] p[3] = 0000000000000000000000000000000000000000000000000000000000000000
[VERIFIER STAGE 4] p(0)+p(1) = 0000000000000000000000000000000000000000000000000000000000000000
[VERIFIER STAGE 4] claim     = 0000000000000000000000000000000000000000000000000000000000000000
[VERIFIER STAGE 4] sum_check_ok = true
[VERIFIER STAGE 4] challenge = 2b66c3671524ee6793ca0c9b123b40844293ae15297e006f4944b209440061b8
[VERIFIER STAGE 4] new_claim = p(r) = 0000000000000000000000000000000000000000000000000000000000000000

[VERIFIER STAGE 4] --- Round 2/8 ---
[VERIFIER STAGE 4] p[0] = 0000000000000000000000000000000000000000000000000000000000000000
[VERIFIER STAGE 4] p[1] = 0000000000000000000000000000000000000000000000000000000000000000
[VERIFIER STAGE 4] p[2] = 0000000000000000000000000000000000000000000000000000000000000000
[VERIFIER STAGE 4] p[3] = 0000000000000000000000000000000000000000000000000000000000000000
[VERIFIER STAGE 4] p(0)+p(1) = 0000000000000000000000000000000000000000000000000000000000000000
[VERIFIER STAGE 4] claim     = 0000000000000000000000000000000000000000000000000000000000000000
[VERIFIER STAGE 4] sum_check_ok = true
[VERIFIER STAGE 4] challenge = 00ee157c56debb85b63a00737aeeaaa11aeb763a4c1e3bb8bcbe017bc2b4a6b9
[VERIFIER STAGE 4] new_claim = p(r) = 0000000000000000000000000000000000000000000000000000000000000000

[VERIFIER STAGE 4] --- Round 3/8 ---
[VERIFIER STAGE 4] p[0] = 0000000000000000000000000000000000000000000000000000000000000000
[VERIFIER STAGE 4] p[1] = 0000000000000000000000000000000000000000000000000000000000000000
[VERIFIER STAGE 4] p[2] = 0000000000000000000000000000000000000000000000000000000000000000
[VERIFIER STAGE 4] p[3] = 0000000000000000000000000000000000000000000000000000000000000000
[VERIFIER STAGE 4] p(0)+p(1) = 0000000000000000000000000000000000000000000000000000000000000000
[VERIFIER STAGE 4] claim     = 0000000000000000000000000000000000000000000000000000000000000000
[VERIFIER STAGE 4] sum_check_ok = true
[VERIFIER STAGE 4] challenge = 27bc6f75604ffca3c3d07dede16c6a1fd005856a4d37dac2fe7d565036258253
[VERIFIER STAGE 4] new_claim = p(r) = 0000000000000000000000000000000000000000000000000000000000000000

[VERIFIER STAGE 4] --- Round 4/8 ---
[VERIFIER STAGE 4] p[0] = 0000000000000000000000000000000000000000000000000000000000000000
[VERIFIER STAGE 4] p[1] = 0000000000000000000000000000000000000000000000000000000000000000
[VERIFIER STAGE 4] p[2] = 0000000000000000000000000000000000000000000000000000000000000000
[VERIFIER STAGE 4] p[3] = 0000000000000000000000000000000000000000000000000000000000000000
[VERIFIER STAGE 4] p(0)+p(1) = 0000000000000000000000000000000000000000000000000000000000000000
[VERIFIER STAGE 4] claim     = 0000000000000000000000000000000000000000000000000000000000000000
[VERIFIER STAGE 4] sum_check_ok = true
[VERIFIER STAGE 4] challenge = 1be3a483d26dac03988ee6c99927499e819a1b3206b55b17ac9f2e848f764712
[VERIFIER STAGE 4] new_claim = p(r) = 0000000000000000000000000000000000000000000000000000000000000000

[VERIFIER STAGE 4] --- Round 5/8 ---
[VERIFIER STAGE 4] p[0] = 0000000000000000000000000000000000000000000000000000000000000000
[VERIFIER STAGE 4] p[1] = 0000000000000000000000000000000000000000000000000000000000000000
[VERIFIER STAGE 4] p[2] = 0000000000000000000000000000000000000000000000000000000000000000
[VERIFIER STAGE 4] p[3] = 0000000000000000000000000000000000000000000000000000000000000000
[VERIFIER STAGE 4] p(0)+p(1) = 0000000000000000000000000000000000000000000000000000000000000000
[VERIFIER STAGE 4] claim     = 0000000000000000000000000000000000000000000000000000000000000000
[VERIFIER STAGE 4] sum_check_ok = true
[VERIFIER STAGE 4] challenge = 19c8874e9fb320067a50664cc6c21d89b31a2353e188f5410ef5d587a2898eba
[VERIFIER STAGE 4] new_claim = p(r) = 0000000000000000000000000000000000000000000000000000000000000000

[VERIFIER STAGE 4] --- Round 6/8 ---
[VERIFIER STAGE 4] p[0] = 0000000000000000000000000000000000000000000000000000000000000000
[VERIFIER STAGE 4] p[1] = 0000000000000000000000000000000000000000000000000000000000000000
[VERIFIER STAGE 4] p[2] = 0000000000000000000000000000000000000000000000000000000000000000
[VERIFIER STAGE 4] p[3] = 0000000000000000000000000000000000000000000000000000000000000000
[VERIFIER STAGE 4] p(0)+p(1) = 0000000000000000000000000000000000000000000000000000000000000000
[VERIFIER STAGE 4] claim     = 0000000000000000000000000000000000000000000000000000000000000000
[VERIFIER STAGE 4] sum_check_ok = true
[VERIFIER STAGE 4] challenge = 1c35f01ba89de6b0eda5b0bfb1bafb2743bcbe52b41bc78e5726a161e09fc924
[VERIFIER STAGE 4] new_claim = p(r) = 0000000000000000000000000000000000000000000000000000000000000000

[VERIFIER STAGE 4] --- Round 7/8 ---
[VERIFIER STAGE 4] p[0] = 0000000000000000000000000000000000000000000000000000000000000000
[VERIFIER STAGE 4] p[1] = 0000000000000000000000000000000000000000000000000000000000000000
[VERIFIER STAGE 4] p[2] = 0000000000000000000000000000000000000000000000000000000000000000
[VERIFIER STAGE 4] p[3] = 0000000000000000000000000000000000000000000000000000000000000000
[VERIFIER STAGE 4] p(0)+p(1) = 0000000000000000000000000000000000000000000000000000000000000000
[VERIFIER STAGE 4] claim     = 0000000000000000000000000000000000000000000000000000000000000000
[VERIFIER STAGE 4] sum_check_ok = true
[VERIFIER STAGE 4] challenge = 2fd55e5b678c1dd1f05917cc847daaff65c3e9949b031227c717f335ff169930
[VERIFIER STAGE 4] new_claim = p(r) = 0000000000000000000000000000000000000000000000000000000000000000

[VERIFIER STAGE 4] Final claim = 0000000000000000000000000000000000000000000000000000000000000000

[VERIFIER] Stage 4 PASSED


[VERIFIER STAGE 5] =====================================
[VERIFIER STAGE 5] Register evaluation
[VERIFIER STAGE 5] num_rounds=8, log_t=8
[VERIFIER STAGE 5] Getting 5 r_register challenges...
[VERIFIER STAGE 5]   r_register[0] = 2198b8774bacd9ab616ced196cbccf3757e98850a4316d649ae9e7a7682a97dc
[VERIFIER STAGE 5]   r_register[1] = 0e28ef9c5845986d650a2fea0737ff2206176dfbfd41fa35db7cf4da82385de8
[VERIFIER STAGE 5]   r_register[2] = 0584d4454ee37e93bf0753b9bf18d940ad0a255221b05f726312297490a16e06
[VERIFIER STAGE 5]   r_register[3] = 0201683df63da1fb35f1732a7588276a0717192d69aa675ca797a6a9c034cb70
[VERIFIER STAGE 5]   r_register[4] = 13339260bb8053acf76dca71996303cbabcb573c77d7b14faff624d33d5e6701
[VERIFIER STAGE 5] Getting 8 r_cycle_reg challenges...
[VERIFIER STAGE 5]   r_cycle_reg[0] = 0ab802d6b0544220efa36fa5cbbcadc4234a41c4cd7555e1a742b4623ce502ee
[VERIFIER STAGE 5]   r_cycle_reg[1] = 1e063a17c9946b5bfa244ab1f08f7620dcac4bdcf4f63387100347c876c249e6
[VERIFIER STAGE 5]   r_cycle_reg[2] = 16d8909504988fc9c16249154b90b28fb31292419070487a759c28d97b74a323
[VERIFIER STAGE 5]   r_cycle_reg[3] = 0c0ef9ba35828322c43c0a03cb5da4ed662a72b7180b351f10c839202d7f9fe4
[VERIFIER STAGE 5]   r_cycle_reg[4] = 218f310f587fcad6af743eec0e8e560fd63f2216078e0afb0f405d3c47e3ca08
[VERIFIER STAGE 5]   r_cycle_reg[5] = 04eeb4e22f537969325e444c3954348031e811823fb4ffbfdadaf73c443fad94
[VERIFIER STAGE 5]   r_cycle_reg[6] = 00cb8aa0d3879b91e1b6ee7fb98200edf0aff6cd085cb2b0437fd80250bbf262
[VERIFIER STAGE 5]   r_cycle_reg[7] = 2f6186e9893304efb7d2c7649da2573921bc497ae690ad08599a9cc206030bc7
[VERIFIER STAGE 5] Initial claim = 1f83d5accab91931a1a4eba13db286e0b12c987c8d67de1b265b659aebacaa03

[VERIFIER STAGE 5] --- Round 0/8 ---
[VERIFIER STAGE 5] p(0) = 1c24c42227320c52ce3610db2423e3d45720b86d43dc1b2543c5dce29cc52346
[VERIFIER STAGE 5] p(1) = 035f118aa3870cded36edac6198ea30c5a0be00f498bc2f5e29588b84ee786bd (recovered)
[VERIFIER STAGE 5] p(2) = 1afdad66010dad9490f7ea67907abaa1852aeff9c8f4db57c5472a21f109ea35
[VERIFIER STAGE 5] claim = 1f83d5accab91931a1a4eba13db286e0b12c987c8d67de1b265b659aebacaa03
[VERIFIER STAGE 5] challenge = 0be88b1d3f4e60bb6ba7be5bde110a17f42c752bdde2bc6103869f4876b9161f
[VERIFIER STAGE 5] new_claim = p(r) = 13362da17e2c683211ea49433ab4e5309474eecbc0b2c5c59255c36df60dd7a5

[VERIFIER STAGE 5] --- Round 1/8 ---
[VERIFIER STAGE 5] p(0) = 29b8cc159d01b1d7845afebb6eae3fd8fb88f2e858c99c9342fbf9dbc69a1447
[VERIFIER STAGE 5] p(1) = 19e1affec25c568445df903e4d87fdb4c11fe42be1a299c3933bbf261f73c35f (recovered)
[VERIFIER STAGE 5] p(2) = 0a0a93e7e7b6fb31076421c12c61bb9086b6d56f6a7b96f3e37b8470784d7277
[VERIFIER STAGE 5] claim = 13362da17e2c683211ea49433ab4e5309474eecbc0b2c5c59255c36df60dd7a5
[VERIFIER STAGE 5] challenge = 2fbcfc775f51f756c103e7c65de3295472dfe699731ec7508b15c9d0cbaa0cd2
[VERIFIER STAGE 5] new_claim = p(r) = 07cfbe75bd02451e56f6521066ef4d781cfcd018fae4df93735ed90b18ff7338

[VERIFIER STAGE 5] --- Round 2/8 ---
[VERIFIER STAGE 5] p(0) = 21a5772ae49fc001aabab6f4df7a81f2b092d2012fece76d202cfc2212bbeecf
[VERIFIER STAGE 5] p(1) = 168e95bdb9942546648be0d208f623e2949de66044b168b79713d27cf643846a (recovered)
[VERIFIER STAGE 5] p(2) = 0b77b4508e888a8b1e5d0aaf3271c5d278a8fabf5975ea020dfaa8d7d9cb1a05
[VERIFIER STAGE 5] claim = 07cfbe75bd02451e56f6521066ef4d781cfcd018fae4df93735ed90b18ff7338
[VERIFIER STAGE 5] challenge = 0baac0bdae698993d941dac63e4820b86a50a4c2315d75d6868ffd6c9c011f9f
[VERIFIER STAGE 5] new_claim = p(r) = 070e1403fd3e6328a87eb559a6c531e939e8b43cb1a92d96d89289ac733968d0

[VERIFIER STAGE 5] --- Round 3/8 ---
[VERIFIER STAGE 5] p(0) = 1438d722508a3bcf4300f66dfda79748a66007f683fe78b5d997db05d34a7b48
[VERIFIER STAGE 5] p(1) = 23398b548de5c7831dce04a22a9ef2fdbbbc948ea764257242dca43a8feeed89 (recovered)
[VERIFIER STAGE 5] p(2) = 01d5f113ea0fb30d404acd1fd614f655a8e538de5110619d683f77db5c935fc9
[VERIFIER STAGE 5] claim = 070e1403fd3e6328a87eb559a6c531e939e8b43cb1a92d96d89289ac733968d0
[VERIFIER STAGE 5] challenge = 230f723bdb6190efd27d6491ea26b35db66d88e85afba571ec08a1f62b1503f4
[VERIFIER STAGE 5] new_claim = p(r) = 09188aac4692cf742bc55c1e07461fb766f50ddba650d6998a161f616d1f8594

[VERIFIER STAGE 5] --- Round 4/8 ---
[VERIFIER STAGE 5] p(0) = 2a76781e1bec5aef5789e137d912823d79e1c68d6a00ae5f6f364c84ce5084bb
[VERIFIER STAGE 5] p(1) = 0f0661010bd814ae8c8bc09cafb4f5d715472f96b60998cb5ec1c8708ecf00da (recovered)
[VERIFIER STAGE 5] p(2) = 23fa9856dcf56e9779dde5b807d8c1cdd8e080e87bcbf3c8922f39f03f4d7cfa
[VERIFIER STAGE 5] claim = 09188aac4692cf742bc55c1e07461fb766f50ddba650d6998a161f616d1f8594
[VERIFIER STAGE 5] challenge = 0cb13c1ed972ed63b18a2d3aec2113941599aabb2772022f307ff5f4f3334d4f
[VERIFIER STAGE 5] new_claim = p(r) = 0f36cf90ac2c7c84d3b5c095f542916d02a9a46aa3df0cdcac2fa520a3700e10

[VERIFIER STAGE 5] --- Round 5/8 ---
[VERIFIER STAGE 5] p(0) = 13c2848f2fb14a36e6f4214b6d472d9681fad0e4b6291e819dd18e82d65311b9
[VERIFIER STAGE 5] p(1) = 2bd899745dacd277a511e501097cbc33a8e2bbce676f5eec52400c31bd1cfc58 (recovered)
[VERIFIER STAGE 5] p(2) = 138a5fe6aa76ba8eaadf63002430f273a796be6f9efc2ec5c2cc944cb3e6e6f6
[VERIFIER STAGE 5] claim = 0f36cf90ac2c7c84d3b5c095f542916d02a9a46aa3df0cdcac2fa520a3700e10
[VERIFIER STAGE 5] challenge = 13046b9473e6f2ca48c36f3ac347ba98cfc1eafccaddd6227bf8859c0c068ae4
[VERIFIER STAGE 5] new_claim = p(r) = 1183c16faa0cc2baefb0cb803bec1bd6784e2dcc924d8df10cc7bf02b055ba72

[VERIFIER STAGE 5] --- Round 6/8 ---
[VERIFIER STAGE 5] p(0) = 11b29cf479d302984b2fc7f447cd107da6db2dc71c3cb2ca2baaec9159eff1d0
[VERIFIER STAGE 5] p(1) = 303572ee116b604c5cd1494275a063b5f9a6e84defca4bb824fec8054665c8a3 (recovered)
[VERIFIER STAGE 5] p(2) = 1e53fa74c7d21dd6b62284da21f25e91243eba8c499e7414da70ade542db9f75
[VERIFIER STAGE 5] claim = 1183c16faa0cc2baefb0cb803bec1bd6784e2dcc924d8df10cc7bf02b055ba72
[VERIFIER STAGE 5] challenge = 1176d165bacf23f1febf77e775bf86203292e268045de2b55396b62fe0379027
[VERIFIER STAGE 5] new_claim = p(r) = 266400230fffc3758de79a2a2fe050e37da048168d5c08bdd47869b239f8fbda

[VERIFIER STAGE 5] --- Round 7/8 ---
[VERIFIER STAGE 5] p(0) = 172aab21f2d0750be08ba025c0fdebf8326a38c7b9f2bdb134e2b7d124d3b74e
[VERIFIER STAGE 5] p(1) = 0f3955011d2f4e69ad5bfa046ee264eb4b360f4ed3694b0c9f95b1e11525448c (recovered)
[VERIFIER STAGE 5] p(2) = 0747fee0478e27c77a2c53e31cc6ddde6401e5d5ecdfd8680a48abf10576d1ca
[VERIFIER STAGE 5] claim = 266400230fffc3758de79a2a2fe050e37da048168d5c08bdd47869b239f8fbda
[VERIFIER STAGE 5] challenge = 1374888f810f9abc6f71ab2ba94377e9055a70eb632f330aaa08c2447a0fe541
[VERIFIER STAGE 5] new_claim = p(r) = 1bc115c5b656935f5b3bb037ad645e38be77623e0e7d328e02b9840a8c76d7ff

[VERIFIER STAGE 5] Final claim = 1bc115c5b656935f5b3bb037ad645e38be77623e0e7d328e02b9840a8c76d7ff

[VERIFIER] Stage 5 PASSED


[VERIFIER STAGE 6] =====================================
[VERIFIER STAGE 6] Booleanity and Hamming weight
[VERIFIER STAGE 6] num_rounds=8, log_t=8
[VERIFIER STAGE 6] booleanity = 009fe2bc8f6fb690f84a566155802b63c9da1100445ddfbbc31a939c2907764f
[VERIFIER STAGE 6] Initial claim = 0000000000000000000000000000000000000000000000000000000000000000

[VERIFIER STAGE 6] --- Round 0/8 ---
[VERIFIER STAGE 6] p(0) = 0000000000000000000000000000000000000000000000000000000000000000
[VERIFIER STAGE 6] p(1) = 0000000000000000000000000000000000000000000000000000000000000000 (recovered)
[VERIFIER STAGE 6] p(2) = 0000000000000000000000000000000000000000000000000000000000000000
[VERIFIER STAGE 6] claim = 0000000000000000000000000000000000000000000000000000000000000000
[VERIFIER STAGE 6] challenge = 1d85d058f3c340ccb8fab512577f1cc8aff975318488aca5566dfba6cd5352fc
[VERIFIER STAGE 6] new_claim = p(r) = 0000000000000000000000000000000000000000000000000000000000000000

[VERIFIER STAGE 6] --- Round 1/8 ---
[VERIFIER STAGE 6] p(0) = 0000000000000000000000000000000000000000000000000000000000000000
[VERIFIER STAGE 6] p(1) = 0000000000000000000000000000000000000000000000000000000000000000 (recovered)
[VERIFIER STAGE 6] p(2) = 0000000000000000000000000000000000000000000000000000000000000000
[VERIFIER STAGE 6] claim = 0000000000000000000000000000000000000000000000000000000000000000
[VERIFIER STAGE 6] challenge = 14d85132d5eabe2db223daa46bae1fd9602f0a3e8e73b27e35f805376d2083da
[VERIFIER STAGE 6] new_claim = p(r) = 0000000000000000000000000000000000000000000000000000000000000000

[VERIFIER STAGE 6] --- Round 2/8 ---
[VERIFIER STAGE 6] p(0) = 0000000000000000000000000000000000000000000000000000000000000000
[VERIFIER STAGE 6] p(1) = 0000000000000000000000000000000000000000000000000000000000000000 (recovered)
[VERIFIER STAGE 6] p(2) = 0000000000000000000000000000000000000000000000000000000000000000
[VERIFIER STAGE 6] claim = 0000000000000000000000000000000000000000000000000000000000000000
[VERIFIER STAGE 6] challenge = 29001e336b18935329d3cf080b4d0c6d026193acc0eb8bcd278f67371e84f593
[VERIFIER STAGE 6] new_claim = p(r) = 0000000000000000000000000000000000000000000000000000000000000000

[VERIFIER STAGE 6] --- Round 3/8 ---
[VERIFIER STAGE 6] p(0) = 0000000000000000000000000000000000000000000000000000000000000000
[VERIFIER STAGE 6] p(1) = 0000000000000000000000000000000000000000000000000000000000000000 (recovered)
[VERIFIER STAGE 6] p(2) = 0000000000000000000000000000000000000000000000000000000000000000
[VERIFIER STAGE 6] claim = 0000000000000000000000000000000000000000000000000000000000000000
[VERIFIER STAGE 6] challenge = 0858df8ea310dc6eef73fcb29b5f411fd21bbd6045c4c335587705d799bae1fb
[VERIFIER STAGE 6] new_claim = p(r) = 0000000000000000000000000000000000000000000000000000000000000000

[VERIFIER STAGE 6] --- Round 4/8 ---
[VERIFIER STAGE 6] p(0) = 0000000000000000000000000000000000000000000000000000000000000000
[VERIFIER STAGE 6] p(1) = 0000000000000000000000000000000000000000000000000000000000000000 (recovered)
[VERIFIER STAGE 6] p(2) = 0000000000000000000000000000000000000000000000000000000000000000
[VERIFIER STAGE 6] claim = 0000000000000000000000000000000000000000000000000000000000000000
[VERIFIER STAGE 6] challenge = 11898bbdfa05a4682dc25f84cf2b03c0fd0ccfed35c4ef813863c5a684f28a6a
[VERIFIER STAGE 6] new_claim = p(r) = 0000000000000000000000000000000000000000000000000000000000000000

[VERIFIER STAGE 6] --- Round 5/8 ---
[VERIFIER STAGE 6] p(0) = 0000000000000000000000000000000000000000000000000000000000000000
[VERIFIER STAGE 6] p(1) = 0000000000000000000000000000000000000000000000000000000000000000 (recovered)
[VERIFIER STAGE 6] p(2) = 0000000000000000000000000000000000000000000000000000000000000000
[VERIFIER STAGE 6] claim = 0000000000000000000000000000000000000000000000000000000000000000
[VERIFIER STAGE 6] challenge = 2be7fd2003fce0e75675abe1d7c658ea215a564a68d53d60949288902ddd3a47
[VERIFIER STAGE 6] new_claim = p(r) = 0000000000000000000000000000000000000000000000000000000000000000

[VERIFIER STAGE 6] --- Round 6/8 ---
[VERIFIER STAGE 6] p(0) = 0000000000000000000000000000000000000000000000000000000000000000
[VERIFIER STAGE 6] p(1) = 0000000000000000000000000000000000000000000000000000000000000000 (recovered)
[VERIFIER STAGE 6] p(2) = 0000000000000000000000000000000000000000000000000000000000000000
[VERIFIER STAGE 6] claim = 0000000000000000000000000000000000000000000000000000000000000000
[VERIFIER STAGE 6] challenge = 050c945a54c54550be1b2a73f95e75b91cf2b732d57e6f0a5ed2ebc548044295
[VERIFIER STAGE 6] new_claim = p(r) = 0000000000000000000000000000000000000000000000000000000000000000

[VERIFIER STAGE 6] --- Round 7/8 ---
[VERIFIER STAGE 6] p(0) = 0000000000000000000000000000000000000000000000000000000000000000
[VERIFIER STAGE 6] p(1) = 0000000000000000000000000000000000000000000000000000000000000000 (recovered)
[VERIFIER STAGE 6] p(2) = 0000000000000000000000000000000000000000000000000000000000000000
[VERIFIER STAGE 6] claim = 0000000000000000000000000000000000000000000000000000000000000000
[VERIFIER STAGE 6] challenge = 10ae37c49e5d92f112136c4ea41fba10dc330f7df4e56528bd88b99aa43e4caa
[VERIFIER STAGE 6] new_claim = p(r) = 0000000000000000000000000000000000000000000000000000000000000000

[VERIFIER STAGE 6] Final claim = 0000000000000000000000000000000000000000000000000000000000000000

[VERIFIER] Stage 6 PASSED

[VERIFIER] ========================================
[VERIFIER] All stages PASSED!
[VERIFIER] ========================================

  Verification: PASSED
  Time: 2.42 ms

================
Proof Summary
================
  Bytecode commitment: present
  Memory commitment: present
  Register commitment: present
  Stage proofs: present

Saving proof to: logs/zolt_proof_dory.bin
  Format: Binary
  Proof size: 11345 bytes (11.08 KB)
  Proof saved successfully!

Exporting preprocessing to: logs/zolt_preprocessing.bin
  Preprocessing exported successfully! (26356 bytes)
  This file can be loaded by Jolt for cross-verification.

Total time: 282.94 ms
