Zolt zkVM Prover
================

Loading ELF: examples/fibonacci.elf
  Entry point: 0x80000000
  Code size: 104 bytes
  Trace length: 1024

[1/4] Preprocessing...
  DEBUG: Creating preprocessor...
  DEBUG: Setting max trace length to 1024...
  DEBUG: Calling preprocess...
    [preprocess] Creating shared_pk...
    [preprocess] shared_pk created
    [preprocess] Creating shared_vk...
    [preprocess] shared_vk created
    [preprocess] Generating SRS (size=1280)...
      [HyperKZG.setup] Allocating 1280 points...
      [HyperKZG.setup] Allocated, getting generators...
      [HyperKZG.setup] Got generators, computing powers of tau...
      [HyperKZG.setup] Progress: 100/1280
      [HyperKZG.setup] Progress: 200/1280
      [HyperKZG.setup] Progress: 300/1280
      [HyperKZG.setup] Progress: 400/1280
      [HyperKZG.setup] Progress: 500/1280
      [HyperKZG.setup] Progress: 600/1280
      [HyperKZG.setup] Progress: 700/1280
      [HyperKZG.setup] Progress: 800/1280
      [HyperKZG.setup] Progress: 900/1280
      [HyperKZG.setup] Progress: 1000/1280
      [HyperKZG.setup] Progress: 1100/1280
      [HyperKZG.setup] Progress: 1200/1280
      [HyperKZG.setup] Done with powers of tau
    [preprocess] SRS generated!
  DEBUG: Preprocess complete!
  SRS degree: 1280
  Max trace length: 1024
  Time: 216.09 ms

[2/4] Initializing prover...
  Prover initialized with proving key
  Time: 0.00 ms

[3/4] Generating proof...
  Running 6-stage multi-sumcheck protocol
  Components: HyperKZG, Lasso lookups, 24 tables
  Generating Jolt-compatible proof with Dory commitments...
[TRACE] Detected infinite loop at PC 0x80000010, cycle 54
[TRACE] Terminated via infinite loop at PC 0x80000010, cycle 54
[TRACE] Last instruction: 0x0000006f at PC 0x80000010
[TRACE] Recorded synthetic termination write: addr=0x000000007fffc008, cycle=54, pre=0, post=1
[PADDING] Padding trace from 54 to 256 cycles
[ZOLT TRANSCRIPT] init: label="Jolt" (len=4)
[ZOLT TRANSCRIPT]   padded={ 4a 6f 6c 74 00 00 00 00 00 00 00 00 00 00 00 00 ... }
[ZOLT TRANSCRIPT]   initial_state={ 06 ce 2c 10 d1 d2 80 1c 48 c8 59 d7 cb 16 51 04 76 b0 d4 86 67 d9 56 2e d0 21 b2 0d 9a 05 e5 47 }
[TRACE] Detected infinite loop at PC 0x80000010, cycle 54
[TRACE] Terminated via infinite loop at PC 0x80000010, cycle 54
[TRACE] Last instruction: 0x0000006f at PC 0x80000010
[TRACE] Recorded synthetic termination write: addr=0x000000007fffc008, cycle=54, pre=0, post=1
[PADDING] Padding trace from 54 to 256 cycles

[PROVER] ========================================
[PROVER] Starting multi-stage proof
[PROVER]   log_t=8, log_k=16, trace_len=256
[PROVER] ========================================

[PROVER STAGE 1] Starting Outer Spartan sumcheck
[PROVER STAGE 1]   num_cycles=256, log_constraints=13, padded=8192
[PROVER STAGE 1]   witness_size=11009
[PROVER STAGE 1]   getting 13 tau challenges
[PROVER STAGE 1]     tau[0] = 2e5ecd63d5467abbc704bf8fe56ac308560634cb61827be820b17dadd2c01365
[PROVER STAGE 1]     tau[1] = 2a35736ef451379edc2f1b95d84ad504d4eb2276d31dc599d12982a1203475cc
[PROVER STAGE 1]     tau[2] = 2d9717ef6c42c6c3377c92c96d3864480c3bca64c1e2e538d4f009ba524dec24
[PROVER STAGE 1]     tau[3] = 1fc3980f15788ae9d2a026253912a658b2848127767a1a5f607cc789d4d8839b
[PROVER STAGE 1]     tau[4] = 29e954fb18bad1d75566bf61d973bdad30d5a4436ac2fbd6bf27dab3004d1f7a
[PROVER STAGE 1]     tau[5] = 2d58d1fe77314ae94430d2e9f3c6f2b6e4f6159db9ac494d0419c7ce42603ab2
[PROVER STAGE 1]     tau[6] = 1df4096c3b4d167f435cf0fe68c5d52bb70d3b0263cd367137c0a72b8c7070fc
[PROVER STAGE 1]     tau[7] = 1028c32fee2363275058c349f15da01ffb855e2b2d9808beaa264f8c1608514a
[PROVER STAGE 1]     tau[8] = 20085a74a0c1ad2abc7a7a0b9495ed91b005bc324a0d67e48e0d7c6145feb21f
[PROVER STAGE 1]     tau[9] = 21b69b260340a7da8019598bca29cd2c8f1a58fe4ad1390d6cc005d24b7fefa0
[PROVER STAGE 1]     tau[10] = 19458f54d64eee4aec8ef251645e0670003eca73d38f304cc13041770d1efcaf
[PROVER STAGE 1]     tau[11] = 27beff9cadb72c105ec0affd434292daa223d8e3658bf313946727adfa1b0510
[PROVER STAGE 1]     tau[12] = 1f7e3d71bafdcac8e401bc7de73710e8d631337232ee020563dc5f2d0461f1b1

[JOLT SPARTAN] =====================================
[JOLT SPARTAN] JoltSpartanInterface.init
[JOLT SPARTAN] num_cycles = 256
[JOLT SPARTAN] padded_num_constraints = 8192
[JOLT SPARTAN] log_num_constraints = 13
[JOLT SPARTAN] witness.len = 11009
[JOLT SPARTAN] tau.len = 13
[JOLT SPARTAN] tau[0] = 2e5ecd63d5467abbc704bf8fe56ac308560634cb61827be820b17dadd2c01365
[JOLT SPARTAN] tau[1] = 2a35736ef451379edc2f1b95d84ad504d4eb2276d31dc599d12982a1203475cc
[JOLT SPARTAN] tau[2] = 2d9717ef6c42c6c3377c92c96d3864480c3bca64c1e2e538d4f009ba524dec24
[JOLT SPARTAN] tau[3] = 1fc3980f15788ae9d2a026253912a658b2848127767a1a5f607cc789d4d8839b
[JOLT SPARTAN] tau[4] = 29e954fb18bad1d75566bf61d973bdad30d5a4436ac2fbd6bf27dab3004d1f7a
[JOLT SPARTAN] tau[5] = 2d58d1fe77314ae94430d2e9f3c6f2b6e4f6159db9ac494d0419c7ce42603ab2
[JOLT SPARTAN] tau[6] = 1df4096c3b4d167f435cf0fe68c5d52bb70d3b0263cd367137c0a72b8c7070fc
[JOLT SPARTAN] tau[7] = 1028c32fee2363275058c349f15da01ffb855e2b2d9808beaa264f8c1608514a
[JOLT SPARTAN] tau[8] = 20085a74a0c1ad2abc7a7a0b9495ed91b005bc324a0d67e48e0d7c6145feb21f
[JOLT SPARTAN] tau[9] = 21b69b260340a7da8019598bca29cd2c8f1a58fe4ad1390d6cc005d24b7fefa0
[JOLT SPARTAN] tau[10] = 19458f54d64eee4aec8ef251645e0670003eca73d38f304cc13041770d1efcaf
[JOLT SPARTAN] tau[11] = 27beff9cadb72c105ec0affd434292daa223d8e3658bf313946727adfa1b0510
[JOLT SPARTAN] tau[12] = 1f7e3d71bafdcac8e401bc7de73710e8d631337232ee020563dc5f2d0461f1b1
[JOLT SPARTAN] Az.len = 8192, Bz.len = 8192, Cz.len = 8192
[JOLT SPARTAN] Az[0] = 0000000000000000000000000000000000000000000000000000000000000000
[JOLT SPARTAN] Bz[0] = 1190d5afe788da4a33a5722544dec86aec94541884c3fcf21a36c27dc002a524
[JOLT SPARTAN] Az[1] = 0e0a77c19a07df2f666ea36f7879462e36fc76959f60cd29ac96341c4ffffffb
[JOLT SPARTAN] Bz[1] = 0000000000000000000000000000000000000000000000000000000000000000
[JOLT SPARTAN] Az[2] = 0000000000000000000000000000000000000000000000000000000000000000
[JOLT SPARTAN] Bz[2] = 0000000000000000000000000000000000000000000000000000000000000000
[JOLT SPARTAN] Az[3] = 0000000000000000000000000000000000000000000000000000000000000000
[JOLT SPARTAN] Bz[3] = 1190d5afe788da4a33a5722544dec86aec94541884c3fcf21a36c27dc002a524
[JOLT SPARTAN] Az[4] = 0000000000000000000000000000000000000000000000000000000000000000
[JOLT SPARTAN] Bz[4] = 0000000000000000000000000000000000000000000000000000000000000000
[JOLT SPARTAN] Az[5] = 0e0a77c19a07df2f666ea36f7879462e36fc76959f60cd29ac96341c4ffffffb
[JOLT SPARTAN] Bz[5] = 0000000000000000000000000000000000000000000000000000000000000000
[JOLT SPARTAN] Az[6] = 0000000000000000000000000000000000000000000000000000000000000000
[JOLT SPARTAN] Bz[6] = 0000000000000000000000000000000000000000000000000000000000000000
[JOLT SPARTAN] Az[7] = 0e0a77c19a07df2f666ea36f7879462e36fc76959f60cd29ac96341c4ffffffb
[JOLT SPARTAN] Bz[7] = 0000000000000000000000000000000000000000000000000000000000000000
[JOLT SPARTAN] eq_evals.len = 8192
[JOLT SPARTAN] combined[0] = 0000000000000000000000000000000000000000000000000000000000000000
[JOLT SPARTAN] combined[1] = 0000000000000000000000000000000000000000000000000000000000000000
[JOLT SPARTAN] combined[2] = 0000000000000000000000000000000000000000000000000000000000000000
[JOLT SPARTAN] combined[3] = 0000000000000000000000000000000000000000000000000000000000000000
[JOLT SPARTAN] combined[4] = 0000000000000000000000000000000000000000000000000000000000000000
[JOLT SPARTAN] combined[5] = 0000000000000000000000000000000000000000000000000000000000000000
[JOLT SPARTAN] combined[6] = 0000000000000000000000000000000000000000000000000000000000000000
[JOLT SPARTAN] combined[7] = 0000000000000000000000000000000000000000000000000000000000000000
[JOLT SPARTAN] =====================================

[JOLT SPARTAN] initialClaim = 0000000000000000000000000000000000000000000000000000000000000000
[JOLT SPARTAN] current_len = 8192
[PROVER STAGE 1]   initial_claim = 0000000000000000000000000000000000000000000000000000000000000000
[PROVER STAGE 1]   --- Round 0/13 ---

[JOLT SPARTAN] computeRoundPolynomial round=0
[JOLT SPARTAN] current_len = 8192
[JOLT SPARTAN] p(0) = 0000000000000000000000000000000000000000000000000000000000000000
[JOLT SPARTAN] p(1) = 0000000000000000000000000000000000000000000000000000000000000000
[JOLT SPARTAN] p(2) = 0000000000000000000000000000000000000000000000000000000000000000
[JOLT SPARTAN] p(0)+p(1) = 0000000000000000000000000000000000000000000000000000000000000000
[PROVER STAGE 1]     p(0) = 0000000000000000000000000000000000000000000000000000000000000000
[PROVER STAGE 1]     p(1) = 0000000000000000000000000000000000000000000000000000000000000000
[PROVER STAGE 1]     p(2) = 0000000000000000000000000000000000000000000000000000000000000000
[PROVER STAGE 1]     p(0)+p(1) = 0000000000000000000000000000000000000000000000000000000000000000
[PROVER STAGE 1]     challenge=0xb169c4699b151d26

[JOLT SPARTAN] bindChallenge round=0
[JOLT SPARTAN] challenge = 0b4be9309669c494473b3ca11497c113326a9b8538916094b169c4699b151d26
[JOLT SPARTAN] current_len (before) = 8192
[JOLT SPARTAN] current_len (after) = 4096
[JOLT SPARTAN] new_claim (sum of folded) = 0000000000000000000000000000000000000000000000000000000000000000
[PROVER STAGE 1]   --- Round 1/13 ---

[JOLT SPARTAN] computeRoundPolynomial round=1
[JOLT SPARTAN] current_len = 4096
[JOLT SPARTAN] p(0) = 0000000000000000000000000000000000000000000000000000000000000000
[JOLT SPARTAN] p(1) = 0000000000000000000000000000000000000000000000000000000000000000
[JOLT SPARTAN] p(2) = 0000000000000000000000000000000000000000000000000000000000000000
[JOLT SPARTAN] p(0)+p(1) = 0000000000000000000000000000000000000000000000000000000000000000
[PROVER STAGE 1]     p(0) = 0000000000000000000000000000000000000000000000000000000000000000
[PROVER STAGE 1]     p(1) = 0000000000000000000000000000000000000000000000000000000000000000
[PROVER STAGE 1]     p(2) = 0000000000000000000000000000000000000000000000000000000000000000
[PROVER STAGE 1]     p(0)+p(1) = 0000000000000000000000000000000000000000000000000000000000000000
[PROVER STAGE 1]     challenge=0x57853471d98e0fa

[JOLT SPARTAN] bindChallenge round=1
[JOLT SPARTAN] challenge = 0fd3768c4e5ea9c3c931f4bd84b5a9710491a4bce1e53260057853471d98e0fa
[JOLT SPARTAN] current_len (before) = 4096
[JOLT SPARTAN] current_len (after) = 2048
[JOLT SPARTAN] new_claim (sum of folded) = 0000000000000000000000000000000000000000000000000000000000000000
[PROVER STAGE 1]   --- Round 2/13 ---

[JOLT SPARTAN] computeRoundPolynomial round=2
[JOLT SPARTAN] current_len = 2048
[JOLT SPARTAN] p(0) = 0000000000000000000000000000000000000000000000000000000000000000
[JOLT SPARTAN] p(1) = 0000000000000000000000000000000000000000000000000000000000000000
[JOLT SPARTAN] p(2) = 0000000000000000000000000000000000000000000000000000000000000000
[JOLT SPARTAN] p(0)+p(1) = 0000000000000000000000000000000000000000000000000000000000000000
[PROVER STAGE 1]     p(0) = 0000000000000000000000000000000000000000000000000000000000000000
[PROVER STAGE 1]     p(1) = 0000000000000000000000000000000000000000000000000000000000000000
[PROVER STAGE 1]     p(2) = 0000000000000000000000000000000000000000000000000000000000000000
[PROVER STAGE 1]     p(0)+p(1) = 0000000000000000000000000000000000000000000000000000000000000000
[PROVER STAGE 1]     challenge=0xff55f8326bc717ec

[JOLT SPARTAN] bindChallenge round=2
[JOLT SPARTAN] challenge = 00c7f49b0ccb27f9bfde2dd05a750b4edcaf3e1941f0c9bfff55f8326bc717ec
[JOLT SPARTAN] current_len (before) = 2048
[JOLT SPARTAN] current_len (after) = 1024
[JOLT SPARTAN] new_claim (sum of folded) = 0000000000000000000000000000000000000000000000000000000000000000
[PROVER STAGE 1]   --- Round 3/13 ---

[JOLT SPARTAN] computeRoundPolynomial round=3
[JOLT SPARTAN] current_len = 1024
[JOLT SPARTAN] p(0) = 0000000000000000000000000000000000000000000000000000000000000000
[JOLT SPARTAN] p(1) = 0000000000000000000000000000000000000000000000000000000000000000
[JOLT SPARTAN] p(2) = 0000000000000000000000000000000000000000000000000000000000000000
[JOLT SPARTAN] p(0)+p(1) = 0000000000000000000000000000000000000000000000000000000000000000
[PROVER STAGE 1]     p(0) = 0000000000000000000000000000000000000000000000000000000000000000
[PROVER STAGE 1]     p(1) = 0000000000000000000000000000000000000000000000000000000000000000
[PROVER STAGE 1]     p(2) = 0000000000000000000000000000000000000000000000000000000000000000
[PROVER STAGE 1]     p(0)+p(1) = 0000000000000000000000000000000000000000000000000000000000000000
[PROVER STAGE 1]     challenge=0x9d587faaa5b4eb82

[JOLT SPARTAN] bindChallenge round=3
[JOLT SPARTAN] challenge = 193b96845ae6f67af5b87068a264d84d540498805e2f2bd99d587faaa5b4eb82
[JOLT SPARTAN] current_len (before) = 1024
[JOLT SPARTAN] current_len (after) = 512
[JOLT SPARTAN] new_claim (sum of folded) = 0000000000000000000000000000000000000000000000000000000000000000
[PROVER STAGE 1]   --- Round 4/13 ---

[JOLT SPARTAN] computeRoundPolynomial round=4
[JOLT SPARTAN] current_len = 512
[JOLT SPARTAN] p(0) = 0000000000000000000000000000000000000000000000000000000000000000
[JOLT SPARTAN] p(1) = 0000000000000000000000000000000000000000000000000000000000000000
[JOLT SPARTAN] p(2) = 0000000000000000000000000000000000000000000000000000000000000000
[JOLT SPARTAN] p(0)+p(1) = 0000000000000000000000000000000000000000000000000000000000000000
[PROVER STAGE 1]     p(0) = 0000000000000000000000000000000000000000000000000000000000000000
[PROVER STAGE 1]     p(1) = 0000000000000000000000000000000000000000000000000000000000000000
[PROVER STAGE 1]     p(2) = 0000000000000000000000000000000000000000000000000000000000000000
[PROVER STAGE 1]     p(0)+p(1) = 0000000000000000000000000000000000000000000000000000000000000000
[PROVER STAGE 1]     challenge=0xde3a043e36073422

[JOLT SPARTAN] bindChallenge round=4
[JOLT SPARTAN] challenge = 14a4e28b9c52a9f0009ebcfe38c1087fa52ff5a8af8de18ede3a043e36073422
[JOLT SPARTAN] current_len (before) = 512
[JOLT SPARTAN] current_len (after) = 256
[JOLT SPARTAN] new_claim (sum of folded) = 0000000000000000000000000000000000000000000000000000000000000000
[PROVER STAGE 1]   --- Round 5/13 ---

[JOLT SPARTAN] computeRoundPolynomial round=5
[JOLT SPARTAN] current_len = 256
[JOLT SPARTAN] p(0) = 0000000000000000000000000000000000000000000000000000000000000000
[JOLT SPARTAN] p(1) = 0000000000000000000000000000000000000000000000000000000000000000
[JOLT SPARTAN] p(2) = 0000000000000000000000000000000000000000000000000000000000000000
[JOLT SPARTAN] p(0)+p(1) = 0000000000000000000000000000000000000000000000000000000000000000
[PROVER STAGE 1]     p(0) = 0000000000000000000000000000000000000000000000000000000000000000
[PROVER STAGE 1]     p(1) = 0000000000000000000000000000000000000000000000000000000000000000
[PROVER STAGE 1]     p(2) = 0000000000000000000000000000000000000000000000000000000000000000
[PROVER STAGE 1]     p(0)+p(1) = 0000000000000000000000000000000000000000000000000000000000000000
[PROVER STAGE 1]     challenge=0x6e0822b9e24b6a9e

[JOLT SPARTAN] bindChallenge round=5
[JOLT SPARTAN] challenge = 1ffa2d31c2a3cf84589658095ca951e15ac9a6e330965c4f6e0822b9e24b6a9e
[JOLT SPARTAN] current_len (before) = 256
[JOLT SPARTAN] current_len (after) = 128
[JOLT SPARTAN] new_claim (sum of folded) = 0000000000000000000000000000000000000000000000000000000000000000
[PROVER STAGE 1]   --- Round 6/13 ---

[JOLT SPARTAN] computeRoundPolynomial round=6
[JOLT SPARTAN] current_len = 128
[JOLT SPARTAN] p(0) = 0000000000000000000000000000000000000000000000000000000000000000
[JOLT SPARTAN] p(1) = 0000000000000000000000000000000000000000000000000000000000000000
[JOLT SPARTAN] p(2) = 0000000000000000000000000000000000000000000000000000000000000000
[JOLT SPARTAN] p(0)+p(1) = 0000000000000000000000000000000000000000000000000000000000000000
[PROVER STAGE 1]     p(0) = 0000000000000000000000000000000000000000000000000000000000000000
[PROVER STAGE 1]     p(1) = 0000000000000000000000000000000000000000000000000000000000000000
[PROVER STAGE 1]     p(2) = 0000000000000000000000000000000000000000000000000000000000000000
[PROVER STAGE 1]     p(0)+p(1) = 0000000000000000000000000000000000000000000000000000000000000000
[PROVER STAGE 1]     challenge=0x3281ed8b81e2f63d

[JOLT SPARTAN] bindChallenge round=6
[JOLT SPARTAN] challenge = 09e8fd1f0acd1f7a735e48f2d91fa7b93faa8265812ba09d3281ed8b81e2f63d
[JOLT SPARTAN] current_len (before) = 128
[JOLT SPARTAN] current_len (after) = 64
[JOLT SPARTAN] new_claim (sum of folded) = 0000000000000000000000000000000000000000000000000000000000000000
[PROVER STAGE 1]   --- Round 7/13 ---

[JOLT SPARTAN] computeRoundPolynomial round=7
[JOLT SPARTAN] current_len = 64
[JOLT SPARTAN] p(0) = 0000000000000000000000000000000000000000000000000000000000000000
[JOLT SPARTAN] p(1) = 0000000000000000000000000000000000000000000000000000000000000000
[JOLT SPARTAN] p(2) = 0000000000000000000000000000000000000000000000000000000000000000
[JOLT SPARTAN] p(0)+p(1) = 0000000000000000000000000000000000000000000000000000000000000000
[PROVER STAGE 1]     p(0) = 0000000000000000000000000000000000000000000000000000000000000000
[PROVER STAGE 1]     p(1) = 0000000000000000000000000000000000000000000000000000000000000000
[PROVER STAGE 1]     p(2) = 0000000000000000000000000000000000000000000000000000000000000000
[PROVER STAGE 1]     p(0)+p(1) = 0000000000000000000000000000000000000000000000000000000000000000
[PROVER STAGE 1]     challenge=0x611cac3a0c705eff

[JOLT SPARTAN] bindChallenge round=7
[JOLT SPARTAN] challenge = 15e20170faf4513d78d73dca0303ddc71d934c1c3bcad75b611cac3a0c705eff
[JOLT SPARTAN] current_len (before) = 64
[JOLT SPARTAN] current_len (after) = 32
[JOLT SPARTAN] new_claim (sum of folded) = 0000000000000000000000000000000000000000000000000000000000000000
[PROVER STAGE 1]   --- Round 8/13 ---

[JOLT SPARTAN] computeRoundPolynomial round=8
[JOLT SPARTAN] current_len = 32
[JOLT SPARTAN] p(0) = 0000000000000000000000000000000000000000000000000000000000000000
[JOLT SPARTAN] p(1) = 0000000000000000000000000000000000000000000000000000000000000000
[JOLT SPARTAN] p(2) = 0000000000000000000000000000000000000000000000000000000000000000
[JOLT SPARTAN] p(0)+p(1) = 0000000000000000000000000000000000000000000000000000000000000000
[PROVER STAGE 1]     p(0) = 0000000000000000000000000000000000000000000000000000000000000000
[PROVER STAGE 1]     p(1) = 0000000000000000000000000000000000000000000000000000000000000000
[PROVER STAGE 1]     p(2) = 0000000000000000000000000000000000000000000000000000000000000000
[PROVER STAGE 1]     p(0)+p(1) = 0000000000000000000000000000000000000000000000000000000000000000
[PROVER STAGE 1]     challenge=0xb86114e1892380ce

[JOLT SPARTAN] bindChallenge round=8
[JOLT SPARTAN] challenge = 145d094b8e42869e5ac934b06e426b9befb84d17af6982f4b86114e1892380ce
[JOLT SPARTAN] current_len (before) = 32
[JOLT SPARTAN] current_len (after) = 16
[JOLT SPARTAN] new_claim (sum of folded) = 0000000000000000000000000000000000000000000000000000000000000000
[PROVER STAGE 1]   --- Round 9/13 ---

[JOLT SPARTAN] computeRoundPolynomial round=9
[JOLT SPARTAN] current_len = 16
[JOLT SPARTAN] p(0) = 0000000000000000000000000000000000000000000000000000000000000000
[JOLT SPARTAN] p(1) = 0000000000000000000000000000000000000000000000000000000000000000
[JOLT SPARTAN] p(2) = 0000000000000000000000000000000000000000000000000000000000000000
[JOLT SPARTAN] p(0)+p(1) = 0000000000000000000000000000000000000000000000000000000000000000
[PROVER STAGE 1]     p(0) = 0000000000000000000000000000000000000000000000000000000000000000
[PROVER STAGE 1]     p(1) = 0000000000000000000000000000000000000000000000000000000000000000
[PROVER STAGE 1]     p(2) = 0000000000000000000000000000000000000000000000000000000000000000
[PROVER STAGE 1]     p(0)+p(1) = 0000000000000000000000000000000000000000000000000000000000000000
[PROVER STAGE 1]     challenge=0x43c2a56448f4834

[JOLT SPARTAN] bindChallenge round=9
[JOLT SPARTAN] challenge = 1f65950410896803318c20bb6c4e3b5183ae8cbc1e4e00c2043c2a56448f4834
[JOLT SPARTAN] current_len (before) = 16
[JOLT SPARTAN] current_len (after) = 8
[JOLT SPARTAN] new_claim (sum of folded) = 0000000000000000000000000000000000000000000000000000000000000000
[PROVER STAGE 1]   --- Round 10/13 ---

[JOLT SPARTAN] computeRoundPolynomial round=10
[JOLT SPARTAN] current_len = 8
[JOLT SPARTAN] p(0) = 0000000000000000000000000000000000000000000000000000000000000000
[JOLT SPARTAN] p(1) = 0000000000000000000000000000000000000000000000000000000000000000
[JOLT SPARTAN] p(2) = 0000000000000000000000000000000000000000000000000000000000000000
[JOLT SPARTAN] p(0)+p(1) = 0000000000000000000000000000000000000000000000000000000000000000
[PROVER STAGE 1]     p(0) = 0000000000000000000000000000000000000000000000000000000000000000
[PROVER STAGE 1]     p(1) = 0000000000000000000000000000000000000000000000000000000000000000
[PROVER STAGE 1]     p(2) = 0000000000000000000000000000000000000000000000000000000000000000
[PROVER STAGE 1]     p(0)+p(1) = 0000000000000000000000000000000000000000000000000000000000000000
[PROVER STAGE 1]     challenge=0xe0807e1f0d57af6b

[JOLT SPARTAN] bindChallenge round=10
[JOLT SPARTAN] challenge = 25eac15d9205ebebf8f73f8a4503083a9a617b4fb015f04de0807e1f0d57af6b
[JOLT SPARTAN] current_len (before) = 8
[JOLT SPARTAN] current_len (after) = 4
[JOLT SPARTAN] new_claim (sum of folded) = 0000000000000000000000000000000000000000000000000000000000000000
[PROVER STAGE 1]   --- Round 11/13 ---

[JOLT SPARTAN] computeRoundPolynomial round=11
[JOLT SPARTAN] current_len = 4
[JOLT SPARTAN] p(0) = 0000000000000000000000000000000000000000000000000000000000000000
[JOLT SPARTAN] p(1) = 0000000000000000000000000000000000000000000000000000000000000000
[JOLT SPARTAN] p(2) = 0000000000000000000000000000000000000000000000000000000000000000
[JOLT SPARTAN] p(0)+p(1) = 0000000000000000000000000000000000000000000000000000000000000000
[PROVER STAGE 1]     p(0) = 0000000000000000000000000000000000000000000000000000000000000000
[PROVER STAGE 1]     p(1) = 0000000000000000000000000000000000000000000000000000000000000000
[PROVER STAGE 1]     p(2) = 0000000000000000000000000000000000000000000000000000000000000000
[PROVER STAGE 1]     p(0)+p(1) = 0000000000000000000000000000000000000000000000000000000000000000
[PROVER STAGE 1]     challenge=0x5c93426a318e8e59

[JOLT SPARTAN] bindChallenge round=11
[JOLT SPARTAN] challenge = 135451a306dcbaa83e3cbb7dff1d389ec0aa0b0782815d435c93426a318e8e59
[JOLT SPARTAN] current_len (before) = 4
[JOLT SPARTAN] current_len (after) = 2
[JOLT SPARTAN] new_claim (sum of folded) = 0000000000000000000000000000000000000000000000000000000000000000
[PROVER STAGE 1]   --- Round 12/13 ---

[JOLT SPARTAN] computeRoundPolynomial round=12
[JOLT SPARTAN] current_len = 2
[JOLT SPARTAN] p(0) = 0000000000000000000000000000000000000000000000000000000000000000
[JOLT SPARTAN] p(1) = 0000000000000000000000000000000000000000000000000000000000000000
[JOLT SPARTAN] p(2) = 0000000000000000000000000000000000000000000000000000000000000000
[JOLT SPARTAN] p(0)+p(1) = 0000000000000000000000000000000000000000000000000000000000000000
[PROVER STAGE 1]     p(0) = 0000000000000000000000000000000000000000000000000000000000000000
[PROVER STAGE 1]     p(1) = 0000000000000000000000000000000000000000000000000000000000000000
[PROVER STAGE 1]     p(2) = 0000000000000000000000000000000000000000000000000000000000000000
[PROVER STAGE 1]     p(0)+p(1) = 0000000000000000000000000000000000000000000000000000000000000000
[PROVER STAGE 1]     challenge=0x6226c9cf87df2f81

[JOLT SPARTAN] bindChallenge round=12
[JOLT SPARTAN] challenge = 1436dce4bdcf27ac819e4b5c5681dcc57ccc4d8a6346ebd66226c9cf87df2f81
[JOLT SPARTAN] current_len (before) = 2
[JOLT SPARTAN] current_len (after) = 1
[JOLT SPARTAN] new_claim (sum of folded) = 0000000000000000000000000000000000000000000000000000000000000000
[PROVER STAGE 1]   final_eval=0x0
[PROVER STAGE 1]   eval_claims: A(r)=0xe21b513915e5427b, B(r)=0xb724021481d78a2e, C(r)=0x0

[PROVER] Stage 1 complete

[PROVER STAGE 2] Starting RAM RAF evaluation
[PROVER STAGE 2]   getting 8 r_cycle challenges
[PROVER STAGE 2]     r_cycle[0]=0x58525445ed0a0c14
[PROVER STAGE 2]     r_cycle[1]=0xd754bc79e242056
[PROVER STAGE 2]     r_cycle[2]=0x25cccfb4be7dece2
[PROVER STAGE 2]     r_cycle[3]=0x1d50aa7444acb56d
[PROVER STAGE 2]     r_cycle[4]=0x58716b12a8853c84
[PROVER STAGE 2]     r_cycle[5]=0xf9a05a94c823915b
[PROVER STAGE 2]     r_cycle[6]=0x40184c6b10061511
[PROVER STAGE 2]     r_cycle[7]=0x9f1c5d40977e43f5
[RA INIT] k_size=65536, non_zero_evals=0, evals[0]={ 0, 0, 0, 0, 0, 0, 0, 0, 0, 0, 0, 0, 0, 0, 0, 0, 0, 0, 0, 0, 0, 0, 0, 0, 0, 0, 0, 0, 0, 0, 0, 0 }
[RA INIT] k_size=65536, non_zero_evals=0, evals[0]={ 0, 0, 0, 0, 0, 0, 0, 0, 0, 0, 0, 0, 0, 0, 0, 0, 0, 0, 0, 0, 0, 0, 0, 0, 0, 0, 0, 0, 0, 0, 0, 0 }
[PROVER STAGE 2]   initial_claim=0x0
[PROVER STAGE 2]   num_rounds=16
[PROVER STAGE 2]   --- Round 0/16 ---
[PROVER STAGE 2]     s(0)=0x0, s(1)=0x0
[PROVER STAGE 2]     challenge=0x5fc03922db4ce15e
[PROVER STAGE 2]   --- Round 1/16 ---
[PROVER STAGE 2]     s(0)=0x0, s(1)=0x0
[PROVER STAGE 2]     challenge=0xaba30b9d7ca821f3
[PROVER STAGE 2]   --- Round 2/16 ---
[PROVER STAGE 2]     s(0)=0x0, s(1)=0x0
[PROVER STAGE 2]     challenge=0xc322675f3a8b17d5
[PROVER STAGE 2]   --- Round 3/16 ---
[PROVER STAGE 2]     s(0)=0x0, s(1)=0x0
[PROVER STAGE 2]     challenge=0x2cc71d5572683bc0
[PROVER STAGE 2]   --- Round 4/16 ---
[PROVER STAGE 2]     s(0)=0x0, s(1)=0x0
[PROVER STAGE 2]     challenge=0xfb2accc0618a6c1c
[PROVER STAGE 2]   --- Round 5/16 ---
[PROVER STAGE 2]     s(0)=0x0, s(1)=0x0
[PROVER STAGE 2]     challenge=0x7571035e1e2aff30
[PROVER STAGE 2]   --- Round 6/16 ---
[PROVER STAGE 2]     s(0)=0x0, s(1)=0x0
[PROVER STAGE 2]     challenge=0xc7376320c0165201
[PROVER STAGE 2]   --- Round 7/16 ---
[PROVER STAGE 2]     s(0)=0x0, s(1)=0x0
[PROVER STAGE 2]     challenge=0xf684ac457b0b2693
[PROVER STAGE 2]   --- Round 8/16 ---
[PROVER STAGE 2]     s(0)=0x0, s(1)=0x0
[PROVER STAGE 2]     challenge=0xd4fc8fc5ee932a25
[PROVER STAGE 2]   --- Round 9/16 ---
[PROVER STAGE 2]     s(0)=0x0, s(1)=0x0
[PROVER STAGE 2]     challenge=0xfbc1b55d077379df
[PROVER STAGE 2]   --- Round 10/16 ---
[PROVER STAGE 2]     s(0)=0x0, s(1)=0x0
[PROVER STAGE 2]     challenge=0xc21df1389a5b4708
[PROVER STAGE 2]   --- Round 11/16 ---
[PROVER STAGE 2]     s(0)=0x0, s(1)=0x0
[PROVER STAGE 2]     challenge=0x4d730d91f748078d
[PROVER STAGE 2]   --- Round 12/16 ---
[PROVER STAGE 2]     s(0)=0x0, s(1)=0x0
[PROVER STAGE 2]     challenge=0x20e3499abc93908d
[PROVER STAGE 2]   --- Round 13/16 ---
[PROVER STAGE 2]     s(0)=0x0, s(1)=0x0
[PROVER STAGE 2]     challenge=0xcb2c10803d2ce472
[PROVER STAGE 2]   --- Round 14/16 ---
[PROVER STAGE 2]     s(0)=0x0, s(1)=0x0
[PROVER STAGE 2]     challenge=0x919aeece921ae0a2
[PROVER STAGE 2]   --- Round 15/16 ---
[PROVER STAGE 2]     s(0)=0x0, s(1)=0x0
[PROVER STAGE 2]     challenge=0x76745405ecfe8263
[RA DEBUG] finalClaim: num_vars=0, active_len=1, evals[0]={ 0, 0, 0, 0, 0, 0, 0, 0, 0, 0, 0, 0, 0, 0, 0, 0, 0, 0, 0, 0, 0, 0, 0, 0, 0, 0, 0, 0, 0, 0, 0, 0 }
[PROVER STAGE 2]   final_claim=0x0

[PROVER] Stage 2 complete

[PROVER STAGE 3] Starting Lasso instruction lookup
[PROVER STAGE 3]   gamma=0xfd0ea5e18f96f5d8
[PROVER STAGE 3]   num_lookup_entries=44
[PROVER STAGE 3]   getting 8 r_reduction challenges
[PROVER STAGE 3]     r_reduction[0]=0x5543d98110dbbfda
[PROVER STAGE 3]     r_reduction[1]=0x3d837e15614cd7c6
[PROVER STAGE 3]     r_reduction[2]=0x71dd3479ec8793dc
[PROVER STAGE 3]     r_reduction[3]=0xd2c3004562ea07c7
[PROVER STAGE 3]     r_reduction[4]=0x8dd14d2d91b37ccf
[PROVER STAGE 3]     r_reduction[5]=0xa4c09452fe40a19e
[PROVER STAGE 3]     r_reduction[6]=0x338ab6b5c690be4c
[PROVER STAGE 3]     r_reduction[7]=0x4c9d30a55203941a
[PROVER STAGE 3]   log_K=16, log_T=8, total_rounds=24
[PROVER STAGE 3]   initial_claim=0xc1f17492950f3c6b
[PROVER STAGE 3]   --- Round 0/24 (ADDR) ---

[LASSO PROVER] computeRoundPolynomial round=0 phase=address
[LASSO PROVER] current_claim = 2865db2b75d2e66572ac9a741ab8f3cefb9636bef1e14b2dc1f17492950f3c6b
[LASSO PROVER] round_poly coeffs:
[LASSO PROVER]   c[0] = 082992d888b10e45ede6b488eb5541e7b79c723d656cd4b001a333e74b8addf4
[LASSO PROVER]   c[1] = 1812b57a6470c9d996df3162440e6fff8c5d52442707a1cdbeab0cc3fdf98083
[LASSO PROVER]   c[2] = 0000000000000000000000000000000000000000000000000000000000000000
[LASSO PROVER] p(0) = 082992d888b10e45ede6b488eb5541e7b79c723d656cd4b001a333e74b8addf4
[LASSO PROVER] p(1) = 203c4852ed21d81f84c5e5eb2f63b1e743f9c4818c74767dc04e40ab49845e77
[LASSO PROVER] p(0)+p(1) = 2865db2b75d2e66572ac9a741ab8f3cefb9636bef1e14b2dc1f17492950f3c6b
[LASSO PROVER] claim     = 2865db2b75d2e66572ac9a741ab8f3cefb9636bef1e14b2dc1f17492950f3c6b
[LASSO PROVER] sumcheck_ok = true
[PROVER STAGE 3]     coeffs: c0=0x1a333e74b8addf4, c1=0xbeab0cc3fdf98083, c2=0x0
[PROVER STAGE 3]     challenge=0x4a5cab7070af0f22

[LASSO PROVER] receiveChallenge round=0 phase=address
[LASSO PROVER] challenge = 068f0af6c7fd644492d1e76a2bac9fc9b2e8b1e75881cd784a5cab7070af0f22
[LASSO PROVER] current_claim (before) = 2865db2b75d2e66572ac9a741ab8f3cefb9636bef1e14b2dc1f17492950f3c6b
[LASSO PROVER] Address phase: binding bit 0
[LASSO PROVER] current_claim (after) = 0a158b8e14e2d82f5d30fc1d105e6b2faea86df90f26f847208255e77f659f22
[PROVER STAGE 3]     new_claim=0x208255e77f659f22
[PROVER STAGE 3]   --- Round 1/24 (ADDR) ---

[LASSO PROVER] computeRoundPolynomial round=1 phase=address
[LASSO PROVER] current_claim = 0a158b8e14e2d82f5d30fc1d105e6b2faea86df90f26f847208255e77f659f22
[LASSO PROVER] round_poly coeffs:
[LASSO PROVER]   c[0] = 1d5b1097847e91353f8f7851146a6aa4e84d4953ea66b098ea9f64d75784497f
[LASSO PROVER]   c[1] = 30280744ce48f6184eb296e7ea8c46a02e75abe22dcc7837d3077760b05d0c26
[LASSO PROVER]   c[2] = 0000000000000000000000000000000000000000000000000000000000000000
[LASSO PROVER] p(0) = 1d5b1097847e91353f8f7851146a6aa4e84d4953ea66b098ea9f64d75784497f
[LASSO PROVER] p(1) = 1d1ec9697195e723d5f1c9827d7558e7ee8f0ced9e79b83f79c4e6a417e155a4
[LASSO PROVER] p(0)+p(1) = 0a158b8e14e2d82f5d30fc1d105e6b2faea86df90f26f847208255e77f659f22
[LASSO PROVER] claim     = 0a158b8e14e2d82f5d30fc1d105e6b2faea86df90f26f847208255e77f659f22
[LASSO PROVER] sumcheck_ok = true
[PROVER STAGE 3]     coeffs: c0=0xea9f64d75784497f, c1=0xd3077760b05d0c26, c2=0x0
[PROVER STAGE 3]     challenge=0x7a012c7c1e859ad7

[LASSO PROVER] receiveChallenge round=1 phase=address
[LASSO PROVER] challenge = 2b46862ccd01fcd97da2d07464b9f8754a296f9a65387a697a012c7c1e859ad7
[LASSO PROVER] current_claim (before) = 0a158b8e14e2d82f5d30fc1d105e6b2faea86df90f26f847208255e77f659f22
[LASSO PROVER] Address phase: binding bit 1
[LASSO PROVER] current_claim (after) = 22cc043c55827ef3eaa4733f9db0ff37588680e1b7cf39c1d38141050b9c8096
[PROVER STAGE 3]     new_claim=0xd38141050b9c8096
[PROVER STAGE 3]   --- Round 2/24 (ADDR) ---

[LASSO PROVER] computeRoundPolynomial round=2 phase=address
[LASSO PROVER] current_claim = 22cc043c55827ef3eaa4733f9db0ff37588680e1b7cf39c1d38141050b9c8096
[LASSO PROVER] round_poly coeffs:
[LASSO PROVER]   c[0] = 268ae7493b2401e4c634ffcbb671673612a6bfaebef3cf0b9e48acf5c11cbf98
[LASSO PROVER]   c[1] = 061a841cc06c1b54168ab95eb24f89285b6ce9ccb3a10c3bdad1dcad79630167
[LASSO PROVER]   c[2] = 0000000000000000000000000000000000000000000000000000000000000000
[LASSO PROVER] p(0) = 268ae7493b2401e4c634ffcbb671673612a6bfaebef3cf0b9e48acf5c11cbf98
[LASSO PROVER] p(1) = 2ca56b65fb901d38dcbfb92a68c0f05e6e13a97b7294db47791a89a33a7fc0ff
[LASSO PROVER] p(0)+p(1) = 22cc043c55827ef3eaa4733f9db0ff37588680e1b7cf39c1d38141050b9c8096
[LASSO PROVER] claim     = 22cc043c55827ef3eaa4733f9db0ff37588680e1b7cf39c1d38141050b9c8096
[LASSO PROVER] sumcheck_ok = true
[PROVER STAGE 3]     coeffs: c0=0x9e48acf5c11cbf98, c1=0xdad1dcad79630167, c2=0x0
[PROVER STAGE 3]     challenge=0x969fbc27e68b6ccc

[LASSO PROVER] receiveChallenge round=2 phase=address
[LASSO PROVER] challenge = 0c252c35c1ccfb7bc65904087680671d757944fc4ffb2fdd969fbc27e68b6ccc
[LASSO PROVER] current_claim (before) = 22cc043c55827ef3eaa4733f9db0ff37588680e1b7cf39c1d38141050b9c8096
[LASSO PROVER] Address phase: binding bit 2
[LASSO PROVER] current_claim (after) = 1b18f106daf7d8a95bd144653b10fabf8f36437d7f3118e992a0476f94715243
[PROVER STAGE 3]     new_claim=0x92a0476f94715243
[PROVER STAGE 3]   --- Round 3/24 (ADDR) ---

[LASSO PROVER] computeRoundPolynomial round=3 phase=address
[LASSO PROVER] current_claim = 1b18f106daf7d8a95bd144653b10fabf8f36437d7f3118e992a0476f94715243
[LASSO PROVER] round_poly coeffs:
[LASSO PROVER]   c[0] = 1057445781b045734652adedeae9e78e46ae079264ff670ff8eb1e124f972a6d
[LASSO PROVER]   c[1] = 2aceb6cab8c8edec877c2e3fe6be84002a0e1ca12eebbb5ae4ac00dee542fd6a
[LASSO PROVER]   c[2] = 0000000000000000000000000000000000000000000000000000000000000000
[LASSO PROVER] p(0) = 1057445781b045734652adedeae9e78e46ae079264ff670ff8eb1e124f972a6d
[LASSO PROVER] p(1) = 0ac1acaf59479336157e96775027133148883beb1a31b1d999b5295d44da27d6
[LASSO PROVER] p(0)+p(1) = 1b18f106daf7d8a95bd144653b10fabf8f36437d7f3118e992a0476f94715243
[LASSO PROVER] claim     = 1b18f106daf7d8a95bd144653b10fabf8f36437d7f3118e992a0476f94715243
[LASSO PROVER] sumcheck_ok = true
[PROVER STAGE 3]     coeffs: c0=0xf8eb1e124f972a6d, c1=0xe4ac00dee542fd6a, c2=0x0
[PROVER STAGE 3]     challenge=0x96be20d038b9bd34

[LASSO PROVER] receiveChallenge round=3 phase=address
[LASSO PROVER] challenge = 2bdf8914090ecca72514210cdb2324e8916b8123ef48cd4996be20d038b9bd34
[LASSO PROVER] current_claim (before) = 1b18f106daf7d8a95bd144653b10fabf8f36437d7f3118e992a0476f94715243
[LASSO PROVER] Address phase: binding bit 3
[LASSO PROVER] current_claim (after) = 1736d16ae74737df980e72183dc3483b4c9bc48e836be2c7d258329539237811
[PROVER STAGE 3]     new_claim=0xd258329539237811
[PROVER STAGE 3]   --- Round 4/24 (ADDR) ---

[LASSO PROVER] computeRoundPolynomial round=4 phase=address
[LASSO PROVER] current_claim = 1736d16ae74737df980e72183dc3483b4c9bc48e836be2c7d258329539237811
[LASSO PROVER] round_poly coeffs:
[LASSO PROVER]   c[0] = 049f80bd0e0a507e220ad486da26e32cd6e006a18b89c7e3211d81452916d3f8
[LASSO PROVER]   c[1] = 0df7cff0cb3296e353f8c90a897581e19edbb74b6c585301901d300ae6f5d021
[LASSO PROVER]   c[2] = 0000000000000000000000000000000000000000000000000000000000000000
[LASSO PROVER] p(0) = 049f80bd0e0a507e220ad486da26e32cd6e006a18b89c7e3211d81452916d3f8
[LASSO PROVER] p(1) = 129750add93ce76176039d91639c650e75bbbdecf7e21ae4b13ab150100ca419
[LASSO PROVER] p(0)+p(1) = 1736d16ae74737df980e72183dc3483b4c9bc48e836be2c7d258329539237811
[LASSO PROVER] claim     = 1736d16ae74737df980e72183dc3483b4c9bc48e836be2c7d258329539237811
[LASSO PROVER] sumcheck_ok = true
[PROVER STAGE 3]     coeffs: c0=0x211d81452916d3f8, c1=0x901d300ae6f5d021, c2=0x0
[PROVER STAGE 3]     challenge=0xecd58532931feb37

[LASSO PROVER] receiveChallenge round=4 phase=address
[LASSO PROVER] challenge = 260b11bd949307033c338c2c28b17545704d77a3b53d2c5fecd58532931feb37
[LASSO PROVER] current_claim (before) = 1736d16ae74737df980e72183dc3483b4c9bc48e836be2c7d258329539237811
[LASSO PROVER] Address phase: binding bit 4
[LASSO PROVER] current_claim (after) = 18d211fb39c9eb6bf8f2e52ab76943ef4a8e6d62fe2d784071ecf4d46fe19c3a
[PROVER STAGE 3]     new_claim=0x71ecf4d46fe19c3a
[PROVER STAGE 3]   --- Round 5/24 (ADDR) ---

[LASSO PROVER] computeRoundPolynomial round=5 phase=address
[LASSO PROVER] current_claim = 18d211fb39c9eb6bf8f2e52ab76943ef4a8e6d62fe2d784071ecf4d46fe19c3a
[LASSO PROVER] round_poly coeffs:
[LASSO PROVER]   c[0] = 027c28c2de0a502d84980870835c85274ff732c5aac4dc6cf7517dc3a5f2be1d
[LASSO PROVER]   c[1] = 13d9c0757db54b10efc2d449b0b039a0aaa007d7a8a3bf668349f94d23fc2000
[LASSO PROVER]   c[2] = 0000000000000000000000000000000000000000000000000000000000000000
[LASSO PROVER] p(0) = 027c28c2de0a502d84980870835c85274ff732c5aac4dc6cf7517dc3a5f2be1d
[LASSO PROVER] p(1) = 1655e9385bbf9b3e745adcba340cbec7fa973a9d53689bd37a9b7710c9eede1d
[LASSO PROVER] p(0)+p(1) = 18d211fb39c9eb6bf8f2e52ab76943ef4a8e6d62fe2d784071ecf4d46fe19c3a
[LASSO PROVER] claim     = 18d211fb39c9eb6bf8f2e52ab76943ef4a8e6d62fe2d784071ecf4d46fe19c3a
[LASSO PROVER] sumcheck_ok = true
[PROVER STAGE 3]     coeffs: c0=0xf7517dc3a5f2be1d, c1=0x8349f94d23fc2000, c2=0x0
[PROVER STAGE 3]     challenge=0x4250ae01b7057c68

[LASSO PROVER] receiveChallenge round=5 phase=address
[LASSO PROVER] challenge = 11c5465f4ef5b6cb81d27278ca66d016534efda8fb8e85c94250ae01b7057c68
[LASSO PROVER] current_claim (before) = 18d211fb39c9eb6bf8f2e52ab76943ef4a8e6d62fe2d784071ecf4d46fe19c3a
[LASSO PROVER] Address phase: binding bit 5
[LASSO PROVER] current_claim (after) = 16f5d82b516b62392417d69b2781cf3a7c890c863f7653bbdfb7aee3968caf6c
[PROVER STAGE 3]     new_claim=0xdfb7aee3968caf6c
[PROVER STAGE 3]   --- Round 6/24 (ADDR) ---

[LASSO PROVER] computeRoundPolynomial round=6 phase=address
[LASSO PROVER] current_claim = 16f5d82b516b62392417d69b2781cf3a7c890c863f7653bbdfb7aee3968caf6c
[LASSO PROVER] round_poly coeffs:
[LASSO PROVER]   c[0] = 25362cf2885ac2d87932219063c52487176fd5294bebcbd4a4f1efd59d5645c7
[LASSO PROVER]   c[1] = 2d521b2c03191cdba2541ee762fa36e69e1132c49b119d351d97ba603be023e0
[LASSO PROVER]   c[2] = 0000000000000000000000000000000000000000000000000000000000000000
[LASSO PROVER] p(0) = 25362cf2885ac2d87932219063c52487176fd5294bebcbd4a4f1efd59d5645c7
[LASSO PROVER] p(1) = 2223f9abaa423f8a6335fac1453e03108d4d1fa56d43f8787ea7b4a1e93669a6
[LASSO PROVER] p(0)+p(1) = 16f5d82b516b62392417d69b2781cf3a7c890c863f7653bbdfb7aee3968caf6c
[LASSO PROVER] claim     = 16f5d82b516b62392417d69b2781cf3a7c890c863f7653bbdfb7aee3968caf6c
[LASSO PROVER] sumcheck_ok = true
[PROVER STAGE 3]     coeffs: c0=0xa4f1efd59d5645c7, c1=0x1d97ba603be023e0, c2=0x0
[PROVER STAGE 3]     challenge=0x602c6ab1f6b5a441

[LASSO PROVER] receiveChallenge round=6 phase=address
[LASSO PROVER] challenge = 0a55e568b7ba8c9d3bc2652d8ca193302e8a9ee700658710602c6ab1f6b5a441
[LASSO PROVER] current_claim (before) = 16f5d82b516b62392417d69b2781cf3a7c890c863f7653bbdfb7aee3968caf6c
[LASSO PROVER] Address phase: binding bit 6
[LASSO PROVER] current_claim (after) = 16548beacc65a6e62192cd2dedeea81822c3860bb4969b163c7dc4107bf7a669
[PROVER STAGE 3]     new_claim=0x3c7dc4107bf7a669
[PROVER STAGE 3]   --- Round 7/24 (ADDR) ---

[LASSO PROVER] computeRoundPolynomial round=7 phase=address
[LASSO PROVER] current_claim = 16548beacc65a6e62192cd2dedeea81822c3860bb4969b163c7dc4107bf7a669
[LASSO PROVER] round_poly coeffs:
[LASSO PROVER]   c[0] = 11084b584018501809538db0aba163fdc042f959a2e7419c0004297e84c814e2
[LASSO PROVER]   c[1] = 24a843ad2d66a6dfc73bf783182d3879ca717ba0e881886f805766a762677ca6
[LASSO PROVER]   c[2] = 0000000000000000000000000000000000000000000000000000000000000000
[LASSO PROVER] p(0) = 11084b584018501809538db0aba163fdc042f959a2e7419c0004297e84c814e2
[LASSO PROVER] p(1) = 054c40928c4d56ce183f3f7d424d441a62808cb211af597a3c799a91f72f9187
[LASSO PROVER] p(0)+p(1) = 16548beacc65a6e62192cd2dedeea81822c3860bb4969b163c7dc4107bf7a669
[LASSO PROVER] claim     = 16548beacc65a6e62192cd2dedeea81822c3860bb4969b163c7dc4107bf7a669
[LASSO PROVER] sumcheck_ok = true
[PROVER STAGE 3]     coeffs: c0=0x4297e84c814e2, c1=0x805766a762677ca6, c2=0x0
[PROVER STAGE 3]     challenge=0x60ee2118dba29942

[LASSO PROVER] receiveChallenge round=7 phase=address
[LASSO PROVER] challenge = 1e3b5882eef6de63c51ff78667277f072f7140e5f4d5e05a60ee2118dba29942
[LASSO PROVER] current_claim (before) = 16548beacc65a6e62192cd2dedeea81822c3860bb4969b163c7dc4107bf7a669
[LASSO PROVER] Address phase: binding bit 7
[LASSO PROVER] current_claim (after) = 2f0e793d4daf9900f2d5e068e52ae5121c04af48726c8c6a0f0eb567d0c09b57
[PROVER STAGE 3]     new_claim=0xf0eb567d0c09b57
[PROVER STAGE 3]   --- Round 8/24 (ADDR) ---

[LASSO PROVER] computeRoundPolynomial round=8 phase=address
[LASSO PROVER] current_claim = 2f0e793d4daf9900f2d5e068e52ae5121c04af48726c8c6a0f0eb567d0c09b57
[LASSO PROVER] round_poly coeffs:
[LASSO PROVER]   c[0] = 2872beaa6bc314dbffd98a15f237f2203e38e224518cca2d22a551d00552a885
[LASSO PROVER]   c[1] = 0e8d4a5b575b0f72ab7311f3823c592ec7c6d348490c68a10da6075bb61b4a4e
[LASSO PROVER]   c[2] = 0000000000000000000000000000000000000000000000000000000000000000
[LASSO PROVER] p(0) = 2872beaa6bc314dbffd98a15f237f2203e38e224518cca2d22a551d00552a885
[LASSO PROVER] p(1) = 069bba92e1ec8424f2fc5652f2f2f2f1ddcbcd2420dfc23cec696397cb6df2d2
[LASSO PROVER] p(0)+p(1) = 2f0e793d4daf9900f2d5e068e52ae5121c04af48726c8c6a0f0eb567d0c09b57
[LASSO PROVER] claim     = 2f0e793d4daf9900f2d5e068e52ae5121c04af48726c8c6a0f0eb567d0c09b57
[LASSO PROVER] sumcheck_ok = true
[PROVER STAGE 3]     coeffs: c0=0x22a551d00552a885, c1=0xda6075bb61b4a4e, c2=0x0
[PROVER STAGE 3]     challenge=0xb7d7567de3a1dd05

[LASSO PROVER] receiveChallenge round=8 phase=address
[LASSO PROVER] challenge = 05c64d6225bf45f2344de85a09cf0be66ad5b13bd7aecf70b7d7567de3a1dd05
[LASSO PROVER] current_claim (before) = 2f0e793d4daf9900f2d5e068e52ae5121c04af48726c8c6a0f0eb567d0c09b57
[LASSO PROVER] Address phase: binding bit 8
[LASSO PROVER] current_claim (after) = 0dde4f454509cd18218f7b52aa2b773ca086136d3935448b880a2af44fce4cf1
[PROVER STAGE 3]     new_claim=0x880a2af44fce4cf1
[PROVER STAGE 3]   --- Round 9/24 (ADDR) ---

[LASSO PROVER] computeRoundPolynomial round=9 phase=address
[LASSO PROVER] current_claim = 0dde4f454509cd18218f7b52aa2b773ca086136d3935448b880a2af44fce4cf1
[LASSO PROVER] round_poly coeffs:
[LASSO PROVER]   c[0] = 0dde4f454509cd18218f7b52aa2b773ca086136d3935448b880a2af44fce4cf1
[LASSO PROVER]   c[1] = 2285ff2d9c27d31196c0ca63d755e12087add4db40842c05bbd7ca9fa031b310
[LASSO PROVER]   c[2] = 0000000000000000000000000000000000000000000000000000000000000000
[LASSO PROVER] p(0) = 0dde4f454509cd18218f7b52aa2b773ca086136d3935448b880a2af44fce4cf1
[LASSO PROVER] p(1) = 0000000000000000000000000000000000000000000000000000000000000000
[LASSO PROVER] p(0)+p(1) = 0dde4f454509cd18218f7b52aa2b773ca086136d3935448b880a2af44fce4cf1
[LASSO PROVER] claim     = 0dde4f454509cd18218f7b52aa2b773ca086136d3935448b880a2af44fce4cf1
[LASSO PROVER] sumcheck_ok = true
[PROVER STAGE 3]     coeffs: c0=0x880a2af44fce4cf1, c1=0xbbd7ca9fa031b310, c2=0x0
[PROVER STAGE 3]     challenge=0x6c955cc9ddec8c4c

[LASSO PROVER] receiveChallenge round=9 phase=address
[LASSO PROVER] challenge = 2188d629713eb88f96c7ac32296dd3c6f8b393b45d442e3b6c955cc9ddec8c4c
[LASSO PROVER] current_claim (before) = 0dde4f454509cd18218f7b52aa2b773ca086136d3935448b880a2af44fce4cf1
[LASSO PROVER] Address phase: binding bit 9
[LASSO PROVER] current_claim (after) = 0aa3f50132bbc88c87b327b8c98502755d289ae3402e7be63ad96440ace58996
[PROVER STAGE 3]     new_claim=0x3ad96440ace58996
[PROVER STAGE 3]   --- Round 10/24 (ADDR) ---

[LASSO PROVER] computeRoundPolynomial round=10 phase=address
[LASSO PROVER] current_claim = 0aa3f50132bbc88c87b327b8c98502755d289ae3402e7be63ad96440ace58996
[LASSO PROVER] round_poly coeffs:
[LASSO PROVER]   c[0] = 0aa3f50132bbc88c87b327b8c98502755d289ae3402e7be63ad96440ace58996
[LASSO PROVER]   c[1] = 25c05971ae75d79d309d1dfdb7fc55e7cb0b4d65398af4ab09089153431a766b
[LASSO PROVER]   c[2] = 0000000000000000000000000000000000000000000000000000000000000000
[LASSO PROVER] p(0) = 0aa3f50132bbc88c87b327b8c98502755d289ae3402e7be63ad96440ace58996
[LASSO PROVER] p(1) = 0000000000000000000000000000000000000000000000000000000000000000
[LASSO PROVER] p(0)+p(1) = 0aa3f50132bbc88c87b327b8c98502755d289ae3402e7be63ad96440ace58996
[LASSO PROVER] claim     = 0aa3f50132bbc88c87b327b8c98502755d289ae3402e7be63ad96440ace58996
[LASSO PROVER] sumcheck_ok = true
[PROVER STAGE 3]     coeffs: c0=0x3ad96440ace58996, c1=0x9089153431a766b, c2=0x0
[PROVER STAGE 3]     challenge=0x973d7d4d2faac29c

[LASSO PROVER] receiveChallenge round=10 phase=address
[LASSO PROVER] challenge = 1aa0cd493fc987ece03920c7cd5069b619df9b9ff1ea4f33973d7d4d2faac29c
[LASSO PROVER] current_claim (before) = 0aa3f50132bbc88c87b327b8c98502755d289ae3402e7be63ad96440ace58996
[LASSO PROVER] Address phase: binding bit 10
[LASSO PROVER] current_claim (after) = 0de4bccf1cf7ebb41e3a6732f88ff3064059aef46d4b9b5908ddc911e0a4e36a
[PROVER STAGE 3]     new_claim=0x8ddc911e0a4e36a
[PROVER STAGE 3]   --- Round 11/24 (ADDR) ---

[LASSO PROVER] computeRoundPolynomial round=11 phase=address
[LASSO PROVER] current_claim = 0de4bccf1cf7ebb41e3a6732f88ff3064059aef46d4b9b5908ddc911e0a4e36a
[LASSO PROVER] round_poly coeffs:
[LASSO PROVER]   c[0] = 0de4bccf1cf7ebb41e3a6732f88ff3064059aef46d4b9b5908ddc911e0a4e36a
[LASSO PROVER]   c[1] = 227f91a3c439b4759a15de8388f16556e7da39540c6dd5383b042c820f5b1c97
[LASSO PROVER]   c[2] = 0000000000000000000000000000000000000000000000000000000000000000
[LASSO PROVER] p(0) = 0de4bccf1cf7ebb41e3a6732f88ff3064059aef46d4b9b5908ddc911e0a4e36a
[LASSO PROVER] p(1) = 0000000000000000000000000000000000000000000000000000000000000000
[LASSO PROVER] p(0)+p(1) = 0de4bccf1cf7ebb41e3a6732f88ff3064059aef46d4b9b5908ddc911e0a4e36a
[LASSO PROVER] claim     = 0de4bccf1cf7ebb41e3a6732f88ff3064059aef46d4b9b5908ddc911e0a4e36a
[LASSO PROVER] sumcheck_ok = true
[PROVER STAGE 3]     coeffs: c0=0x8ddc911e0a4e36a, c1=0x3b042c820f5b1c97, c2=0x0
[PROVER STAGE 3]     challenge=0xd7b638e77a76e49e

[LASSO PROVER] receiveChallenge round=11 phase=address
[LASSO PROVER] challenge = 28a22f116cab416c5f72dbb95fa9e66d49ad65b1e584fa97d7b638e77a76e49e
[LASSO PROVER] current_claim (before) = 0de4bccf1cf7ebb41e3a6732f88ff3064059aef46d4b9b5908ddc911e0a4e36a
[LASSO PROVER] Address phase: binding bit 11
[LASSO PROVER] current_claim (after) = 1b5572f1294802775be7fae233fedc72e4306eb747d826ddc4366c3389b6c647
[PROVER STAGE 3]     new_claim=0xc4366c3389b6c647
[PROVER STAGE 3]   --- Round 12/24 (ADDR) ---

[LASSO PROVER] computeRoundPolynomial round=12 phase=address
[LASSO PROVER] current_claim = 1b5572f1294802775be7fae233fedc72e4306eb747d826ddc4366c3389b6c647
[LASSO PROVER] round_poly coeffs:
[LASSO PROVER]   c[0] = 1b5572f1294802775be7fae233fedc72e4306eb747d826ddc4366c3389b6c647
[LASSO PROVER]   c[1] = 150edb81b7e99db25c684ad44d827bea4403799131e149b37fab8960664939ba
[LASSO PROVER]   c[2] = 0000000000000000000000000000000000000000000000000000000000000000
[LASSO PROVER] p(0) = 1b5572f1294802775be7fae233fedc72e4306eb747d826ddc4366c3389b6c647
[LASSO PROVER] p(1) = 0000000000000000000000000000000000000000000000000000000000000000
[LASSO PROVER] p(0)+p(1) = 1b5572f1294802775be7fae233fedc72e4306eb747d826ddc4366c3389b6c647
[LASSO PROVER] claim     = 1b5572f1294802775be7fae233fedc72e4306eb747d826ddc4366c3389b6c647
[LASSO PROVER] sumcheck_ok = true
[PROVER STAGE 3]     coeffs: c0=0xc4366c3389b6c647, c1=0x7fab8960664939ba, c2=0x0
[PROVER STAGE 3]     challenge=0x8e9db6dc915ecd4b

[LASSO PROVER] receiveChallenge round=12 phase=address
[LASSO PROVER] challenge = 2c2d0fbd865e83ac1eb2571b46cd5729869636de2f0726d78e9db6dc915ecd4b
[LASSO PROVER] current_claim (before) = 1b5572f1294802775be7fae233fedc72e4306eb747d826ddc4366c3389b6c647
[LASSO PROVER] Address phase: binding bit 12
[LASSO PROVER] current_claim (after) = 20034584c1baab790c737512254a5163ba673c27451db0825a8e092b89f636d6
[PROVER STAGE 3]     new_claim=0x5a8e092b89f636d6
[PROVER STAGE 3]   --- Round 13/24 (ADDR) ---

[LASSO PROVER] computeRoundPolynomial round=13 phase=address
[LASSO PROVER] current_claim = 20034584c1baab790c737512254a5163ba673c27451db0825a8e092b89f636d6
[LASSO PROVER] round_poly coeffs:
[LASSO PROVER]   c[0] = 20034584c1baab790c737512254a5163ba673c27451db0825a8e092b89f636d6
[LASSO PROVER]   c[1] = 106108ee1f76f4b0abdcd0a45c3706f96dccac21349bc00ee953ec686609c92b
[LASSO PROVER]   c[2] = 0000000000000000000000000000000000000000000000000000000000000000
[LASSO PROVER] p(0) = 20034584c1baab790c737512254a5163ba673c27451db0825a8e092b89f636d6
[LASSO PROVER] p(1) = 0000000000000000000000000000000000000000000000000000000000000000
[LASSO PROVER] p(0)+p(1) = 20034584c1baab790c737512254a5163ba673c27451db0825a8e092b89f636d6
[LASSO PROVER] claim     = 20034584c1baab790c737512254a5163ba673c27451db0825a8e092b89f636d6
[LASSO PROVER] sumcheck_ok = true
[PROVER STAGE 3]     coeffs: c0=0x5a8e092b89f636d6, c1=0xe953ec686609c92b, c2=0x0
[PROVER STAGE 3]     challenge=0x815bddbdd3bfa8dc

[LASSO PROVER] receiveChallenge round=13 phase=address
[LASSO PROVER] challenge = 06195b59455e8eb593f5acf8ba29146c93b0288f418890f3815bddbdd3bfa8dc
[LASSO PROVER] current_claim (before) = 20034584c1baab790c737512254a5163ba673c27451db0825a8e092b89f636d6
[LASSO PROVER] Address phase: binding bit 13
[LASSO PROVER] current_claim (after) = 0fff67adbedee4fea0babe73265d1868439f81576ab396b9ad5fecf36a6b3182
[PROVER STAGE 3]     new_claim=0xad5fecf36a6b3182
[PROVER STAGE 3]   --- Round 14/24 (ADDR) ---

[LASSO PROVER] computeRoundPolynomial round=14 phase=address
[LASSO PROVER] current_claim = 0fff67adbedee4fea0babe73265d1868439f81576ab396b9ad5fecf36a6b3182
[LASSO PROVER] round_poly coeffs:
[LASSO PROVER]   c[0] = 0fff67adbedee4fea0babe73265d1868439f81576ab396b9ad5fecf36a6b3182
[LASSO PROVER]   c[1] = 2064e6c52252bb2b179587435b243ff4e49466f10f05d9d7968208a08594ce7f
[LASSO PROVER]   c[2] = 0000000000000000000000000000000000000000000000000000000000000000
[LASSO PROVER] p(0) = 0fff67adbedee4fea0babe73265d1868439f81576ab396b9ad5fecf36a6b3182
[LASSO PROVER] p(1) = 0000000000000000000000000000000000000000000000000000000000000000
[LASSO PROVER] p(0)+p(1) = 0fff67adbedee4fea0babe73265d1868439f81576ab396b9ad5fecf36a6b3182
[LASSO PROVER] claim     = 0fff67adbedee4fea0babe73265d1868439f81576ab396b9ad5fecf36a6b3182
[LASSO PROVER] sumcheck_ok = true
[PROVER STAGE 3]     coeffs: c0=0xad5fecf36a6b3182, c1=0x968208a08594ce7f, c2=0x0
[PROVER STAGE 3]     challenge=0xad56267d9d742619

[LASSO PROVER] receiveChallenge round=14 phase=address
[LASSO PROVER] challenge = 1ec8757c359bac2fdb5358095ed532155e10252e02447365ad56267d9d742619
[LASSO PROVER] current_claim (before) = 0fff67adbedee4fea0babe73265d1868439f81576ab396b9ad5fecf36a6b3182
[LASSO PROVER] Address phase: binding bit 14
[LASSO PROVER] current_claim (after) = 26cb6bdb6c1c6bf197a55c3c9a34fca1d78a00969b5085be06cb360d7bc5ff20
[PROVER STAGE 3]     new_claim=0x6cb360d7bc5ff20
[PROVER STAGE 3]   --- Round 15/24 (ADDR) ---

[LASSO PROVER] computeRoundPolynomial round=15 phase=address
[LASSO PROVER] current_claim = 26cb6bdb6c1c6bf197a55c3c9a34fca1d78a00969b5085be06cb360d7bc5ff20
[LASSO PROVER] round_poly coeffs:
[LASSO PROVER]   c[0] = 04c907a51450cd0319f8ff9660b81922943b08b4b2726aeda17fd4ab86e9cb9f
[LASSO PROVER]   c[1] = 1d395c91437ad1eb63b35d0fd8c4ca5caf13ef2d366bafe2c3cb8cb66df267e2
[LASSO PROVER]   c[2] = 0000000000000000000000000000000000000000000000000000000000000000
[LASSO PROVER] p(0) = 04c907a51450cd0319f8ff9660b81922943b08b4b2726aeda17fd4ab86e9cb9f
[LASSO PROVER] p(1) = 2202643657cb9eee7dac5ca6397ce37f434ef7e1e8de1ad0654b6161f4dc3381
[LASSO PROVER] p(0)+p(1) = 26cb6bdb6c1c6bf197a55c3c9a34fca1d78a00969b5085be06cb360d7bc5ff20
[LASSO PROVER] claim     = 26cb6bdb6c1c6bf197a55c3c9a34fca1d78a00969b5085be06cb360d7bc5ff20
[LASSO PROVER] sumcheck_ok = true
[PROVER STAGE 3]     coeffs: c0=0xa17fd4ab86e9cb9f, c1=0xc3cb8cb66df267e2, c2=0x0
[PROVER STAGE 3]     challenge=0xe062f2ca1915af76

[LASSO PROVER] receiveChallenge round=15 phase=address
[LASSO PROVER] challenge = 29ce6d6ada33ee93facb2331a678f80ac4e0e7f6f0139473e062f2ca1915af76
[LASSO PROVER] current_claim (before) = 26cb6bdb6c1c6bf197a55c3c9a34fca1d78a00969b5085be06cb360d7bc5ff20
[LASSO PROVER] Address phase: binding bit 15
[LASSO PROVER] current_claim (after) = 0e95855808c7ad58aaf588154e82248cb5165d92acc794219112562f65ee924c
[PROVER STAGE 3]     new_claim=0x9112562f65ee924c
[PROVER STAGE 3]   --- Round 16/24 (CYCLE) ---

[LASSO PROVER] computeRoundPolynomial round=16 phase=cycle
[LASSO PROVER] current_claim = 0e95855808c7ad58aaf588154e82248cb5165d92acc794219112562f65ee924c
[LASSO PROVER] round_poly coeffs:
[LASSO PROVER]   c[0] = 0e95855808c7ad58aaf588154e82248cb5165d92acc794219112562f65ee924c
[LASSO PROVER]   c[1] = 21cec91ad869f2d10d5abda132ff33d0731d8ab5ccf1dc6fb2cf9f648a116db5
[LASSO PROVER]   c[2] = 0000000000000000000000000000000000000000000000000000000000000000
[LASSO PROVER] p(0) = 0e95855808c7ad58aaf588154e82248cb5165d92acc794219112562f65ee924c
[LASSO PROVER] p(1) = 0000000000000000000000000000000000000000000000000000000000000000
[LASSO PROVER] p(0)+p(1) = 0e95855808c7ad58aaf588154e82248cb5165d92acc794219112562f65ee924c
[LASSO PROVER] claim     = 0e95855808c7ad58aaf588154e82248cb5165d92acc794219112562f65ee924c
[LASSO PROVER] sumcheck_ok = true
[PROVER STAGE 3]     coeffs: c0=0x9112562f65ee924c, c1=0xb2cf9f648a116db5, c2=0x0
[PROVER STAGE 3]     challenge=0x7bfa924573fead5e

[LASSO PROVER] receiveChallenge round=16 phase=cycle
[LASSO PROVER] challenge = 25cc4ef4c6da8da35d4aeb879118344100e5b02d1ccadba97bfa924573fead5e
[LASSO PROVER] current_claim (before) = 0e95855808c7ad58aaf588154e82248cb5165d92acc794219112562f65ee924c
[LASSO PROVER] Cycle phase: eq_evals_len=256
[LASSO PROVER] current_claim (after) = 11ddae7f477c119b1c58c80bae174c79a861f0df2f98c6dc874fea512667c3be
[PROVER STAGE 3]     new_claim=0x874fea512667c3be
[PROVER STAGE 3]   --- Round 17/24 (CYCLE) ---

[LASSO PROVER] computeRoundPolynomial round=17 phase=cycle
[LASSO PROVER] current_claim = 11ddae7f477c119b1c58c80bae174c79a861f0df2f98c6dc874fea512667c3be
[LASSO PROVER] round_poly coeffs:
[LASSO PROVER]   c[0] = 11ddae7f477c119b1c58c80bae174c79a861f0df2f98c6dc874fea512667c3be
[LASSO PROVER]   c[1] = 1e869ff399b58e8e9bf77daad36a0be37fd1f7694a20a9b4bc920b42c9983c43
[LASSO PROVER]   c[2] = 0000000000000000000000000000000000000000000000000000000000000000
[LASSO PROVER] p(0) = 11ddae7f477c119b1c58c80bae174c79a861f0df2f98c6dc874fea512667c3be
[LASSO PROVER] p(1) = 0000000000000000000000000000000000000000000000000000000000000000
[LASSO PROVER] p(0)+p(1) = 11ddae7f477c119b1c58c80bae174c79a861f0df2f98c6dc874fea512667c3be
[LASSO PROVER] claim     = 11ddae7f477c119b1c58c80bae174c79a861f0df2f98c6dc874fea512667c3be
[LASSO PROVER] sumcheck_ok = true
[PROVER STAGE 3]     coeffs: c0=0x874fea512667c3be, c1=0xbc920b42c9983c43, c2=0x0
[PROVER STAGE 3]     challenge=0x1d4276ac83c88aa1

[LASSO PROVER] receiveChallenge round=17 phase=cycle
[LASSO PROVER] challenge = 2dde0b42dd54cdac02a302f5cd6162ae26baf0aba3e4720c1d4276ac83c88aa1
[LASSO PROVER] current_claim (before) = 11ddae7f477c119b1c58c80bae174c79a861f0df2f98c6dc874fea512667c3be
[LASSO PROVER] Cycle phase: eq_evals_len=128
[LASSO PROVER] current_claim (after) = 0a3a89adc92aa011a6f46311b338c4561f641dc12d863feb191dc0a244d5d350
[PROVER STAGE 3]     new_claim=0x191dc0a244d5d350
[PROVER STAGE 3]   --- Round 18/24 (CYCLE) ---

[LASSO PROVER] computeRoundPolynomial round=18 phase=cycle
[LASSO PROVER] current_claim = 0a3a89adc92aa011a6f46311b338c4561f641dc12d863feb191dc0a244d5d350
[LASSO PROVER] round_poly coeffs:
[LASSO PROVER]   c[0] = 18f81eb628fa7aaa3fb378406a88d830ba5be62b03abaed2fc309abf179365a0
[LASSO PROVER]   c[1] = 08ae9ab458674ae6dfddb8475fa86c51d2e039b39fe852d6649e80b805af0811
[LASSO PROVER]   c[2] = 0000000000000000000000000000000000000000000000000000000000000000
[LASSO PROVER] p(0) = 18f81eb628fa7aaa3fb378406a88d830ba5be62b03abaed2fc309abf179365a0
[LASSO PROVER] p(1) = 21a6b96a8161c5911f913087ca3144828d3c1fdea39401a960cf1b771d426db1
[LASSO PROVER] p(0)+p(1) = 0a3a89adc92aa011a6f46311b338c4561f641dc12d863feb191dc0a244d5d350
[LASSO PROVER] claim     = 0a3a89adc92aa011a6f46311b338c4561f641dc12d863feb191dc0a244d5d350
[LASSO PROVER] sumcheck_ok = true
[PROVER STAGE 3]     coeffs: c0=0xfc309abf179365a0, c1=0x649e80b805af0811, c2=0x0
[PROVER STAGE 3]     challenge=0xa9d39bda5a7ac110

[LASSO PROVER] receiveChallenge round=18 phase=cycle
[LASSO PROVER] challenge = 22be2419ce5a7155f7ffb87f396badcf0ae849404d26017ca9d39bda5a7ac110
[LASSO PROVER] current_claim (before) = 0a3a89adc92aa011a6f46311b338c4561f641dc12d863feb191dc0a244d5d350
[LASSO PROVER] Cycle phase: eq_evals_len=64
[LASSO PROVER] current_claim (after) = 236410ecdf1a042063a498f26400a2daad622ed7d3e9eb3ec2e76ba41ffa93d8
[PROVER STAGE 3]     new_claim=0xc2e76ba41ffa93d8
[PROVER STAGE 3]   --- Round 19/24 (CYCLE) ---

[LASSO PROVER] computeRoundPolynomial round=19 phase=cycle
[LASSO PROVER] current_claim = 236410ecdf1a042063a498f26400a2daad622ed7d3e9eb3ec2e76ba41ffa93d8
[LASSO PROVER] round_poly coeffs:
[LASSO PROVER]   c[0] = 094f4f768cbba9bdfbf7520c62541e0683b89a6219f351f11ec8b1ab91bd8d30
[LASSO PROVER]   c[1] = 10c571ffc5a2b0a46bb5f4d99f5866cda5f0fa13a003475c8556084cfc7f7978
[LASSO PROVER]   c[2] = 0000000000000000000000000000000000000000000000000000000000000000
[LASSO PROVER] p(0) = 094f4f768cbba9bdfbf7520c62541e0683b89a6219f351f11ec8b1ab91bd8d30
[LASSO PROVER] p(1) = 1a14c176525e5a6267ad46e601ac84d429a99475b9f6994da41eb9f88e3d06a8
[LASSO PROVER] p(0)+p(1) = 236410ecdf1a042063a498f26400a2daad622ed7d3e9eb3ec2e76ba41ffa93d8
[LASSO PROVER] claim     = 236410ecdf1a042063a498f26400a2daad622ed7d3e9eb3ec2e76ba41ffa93d8
[LASSO PROVER] sumcheck_ok = true
[PROVER STAGE 3]     coeffs: c0=0x1ec8b1ab91bd8d30, c1=0x8556084cfc7f7978, c2=0x0
[PROVER STAGE 3]     challenge=0x3d163cbd7e37fe6b

[LASSO PROVER] receiveChallenge round=19 phase=cycle
[LASSO PROVER] challenge = 1b15d2e06314861e842fb4058905f4170d1f3b5333804ca13d163cbd7e37fe6b
[LASSO PROVER] current_claim (before) = 236410ecdf1a042063a498f26400a2daad622ed7d3e9eb3ec2e76ba41ffa93d8
[LASSO PROVER] Cycle phase: eq_evals_len=32
[LASSO PROVER] current_claim (after) = 1728010a05c971f9b62a4e0c3f75bda0639f7f9a80dfd8ead624b686c04645dd
[PROVER STAGE 3]     new_claim=0xd624b686c04645dd
[PROVER STAGE 3]   --- Round 20/24 (CYCLE) ---

[LASSO PROVER] computeRoundPolynomial round=20 phase=cycle
[LASSO PROVER] current_claim = 1728010a05c971f9b62a4e0c3f75bda0639f7f9a80dfd8ead624b686c04645dd
[LASSO PROVER] round_poly coeffs:
[LASSO PROVER]   c[0] = 2a2de74d9bd53a3ddf4225ab0bf59454520ca9245922795eef2699a25aa4d594
[LASSO PROVER]   c[1] = 2394cf5490823dd168468e232a8d45b20fedfde2c20dc74f7f9b6e69eafc9ab7
[LASSO PROVER]   c[2] = 0000000000000000000000000000000000000000000000000000000000000000
[LASSO PROVER] p(0) = 2a2de74d9bd53a3ddf4225ab0bf59454520ca9245922795eef2699a25aa4d594
[LASSO PROVER] p(1) = 1d5e682f4b25d7e58f386e17b50181a939c6bebea176d01d2ae0127855a1704a
[LASSO PROVER] p(0)+p(1) = 1728010a05c971f9b62a4e0c3f75bda0639f7f9a80dfd8ead624b686c04645dd
[LASSO PROVER] claim     = 1728010a05c971f9b62a4e0c3f75bda0639f7f9a80dfd8ead624b686c04645dd
[LASSO PROVER] sumcheck_ok = true
[PROVER STAGE 3]     coeffs: c0=0xef2699a25aa4d594, c1=0x7f9b6e69eafc9ab7, c2=0x0
[PROVER STAGE 3]     challenge=0x3dfbb57e3b94f83d

[LASSO PROVER] receiveChallenge round=20 phase=cycle
[LASSO PROVER] challenge = 0fd29c9a93897d82271e8c6e689dcfed99bd787f910d920f3dfbb57e3b94f83d
[LASSO PROVER] current_claim (before) = 1728010a05c971f9b62a4e0c3f75bda0639f7f9a80dfd8ead624b686c04645dd
[LASSO PROVER] Cycle phase: eq_evals_len=16
[LASSO PROVER] current_claim (after) = 2c3e915f2bf6a35e8c71d9524b4a3f6455b29b4861f6d0fa06601b7e6a99f1c7
[PROVER STAGE 3]     new_claim=0x6601b7e6a99f1c7
[PROVER STAGE 3]   --- Round 21/24 (CYCLE) ---

[LASSO PROVER] computeRoundPolynomial round=21 phase=cycle
[LASSO PROVER] current_claim = 2c3e915f2bf6a35e8c71d9524b4a3f6455b29b4861f6d0fa06601b7e6a99f1c7
[LASSO PROVER] round_poly coeffs:
[LASSO PROVER]   c[0] = 27c28e0e745b512eed5fc1d5b24031f137cd23367f46e30f2c945e84e1a827fb
[LASSO PROVER]   c[1] = 0d1dc3b52471a12a6a029b5d684b33df0e4c3d23dd227b6cf11954089749a1d2
[LASSO PROVER]   c[2] = 0000000000000000000000000000000000000000000000000000000000000000
[LASSO PROVER] p(0) = 27c28e0e745b512eed5fc1d5b24031f137cd23367f46e30f2c945e84e1a827fb
[LASSO PROVER] p(1) = 047c0350b79b522f9f12177c990a0d731de57811e2afedead9cbbcf988f1c9cc
[LASSO PROVER] p(0)+p(1) = 2c3e915f2bf6a35e8c71d9524b4a3f6455b29b4861f6d0fa06601b7e6a99f1c7
[LASSO PROVER] claim     = 2c3e915f2bf6a35e8c71d9524b4a3f6455b29b4861f6d0fa06601b7e6a99f1c7
[LASSO PROVER] sumcheck_ok = true
[PROVER STAGE 3]     coeffs: c0=0x2c945e84e1a827fb, c1=0xf11954089749a1d2, c2=0x0
[PROVER STAGE 3]     challenge=0x12a624c39493ffdd

[LASSO PROVER] receiveChallenge round=21 phase=cycle
[LASSO PROVER] challenge = 00497b8f6e6058d07d58703f2e3ff0da8818e43d384af83312a624c39493ffdd
[LASSO PROVER] current_claim (before) = 2c3e915f2bf6a35e8c71d9524b4a3f6455b29b4861f6d0fa06601b7e6a99f1c7
[LASSO PROVER] Cycle phase: eq_evals_len=8
[LASSO PROVER] current_claim (after) = 28b585d2b181a142176b71963028caf2b154d4fad499a66f7e0073ba3e11f6a1
[PROVER STAGE 3]     new_claim=0x7e0073ba3e11f6a1
[PROVER STAGE 3]   --- Round 22/24 (CYCLE) ---

[LASSO PROVER] computeRoundPolynomial round=22 phase=cycle
[LASSO PROVER] current_claim = 28b585d2b181a142176b71963028caf2b154d4fad499a66f7e0073ba3e11f6a1
[LASSO PROVER] round_poly coeffs:
[LASSO PROVER]   c[0] = 2bcb887fe35ad716329318210a274bd44bb18d5639728d43beb65ae3397bacb3
[LASSO PROVER]   c[1] = 0182c345cbfd933f6a95870a9d5b8ba74225a296db6dfc794475b387bb1a9d3c
[LASSO PROVER]   c[2] = 0000000000000000000000000000000000000000000000000000000000000000
[LASSO PROVER] p(0) = 2bcb887fe35ad716329318210a274bd44bb18d5639728d43beb65ae3397bacb3
[LASSO PROVER] p(1) = 2d4e4bc5af586a559d289f2ba782d77b8dd72fed14e089bd032c0e6af49649ef
[LASSO PROVER] p(0)+p(1) = 28b585d2b181a142176b71963028caf2b154d4fad499a66f7e0073ba3e11f6a1
[LASSO PROVER] claim     = 28b585d2b181a142176b71963028caf2b154d4fad499a66f7e0073ba3e11f6a1
[LASSO PROVER] sumcheck_ok = true
[PROVER STAGE 3]     coeffs: c0=0xbeb65ae3397bacb3, c1=0x4475b387bb1a9d3c, c2=0x0
[PROVER STAGE 3]     challenge=0x6e450be569a7f1d1

[LASSO PROVER] receiveChallenge round=22 phase=cycle
[LASSO PROVER] challenge = 225131f6f6d79bc35720d45dd080905e76cd7d93575684866e450be569a7f1d1
[LASSO PROVER] current_claim (before) = 28b585d2b181a142176b71963028caf2b154d4fad499a66f7e0073ba3e11f6a1
[LASSO PROVER] Cycle phase: eq_evals_len=4
[LASSO PROVER] current_claim (after) = 2aed63ca0a997babf2dbcd9b7640c998e4137418a7af0e6823cb9ab9696db0cd
[PROVER STAGE 3]     new_claim=0x23cb9ab9696db0cd
[PROVER STAGE 3]   --- Round 23/24 (CYCLE) ---

[LASSO PROVER] computeRoundPolynomial round=23 phase=cycle
[LASSO PROVER] current_claim = 2aed63ca0a997babf2dbcd9b7640c998e4137418a7af0e6823cb9ab9696db0cd
[LASSO PROVER] round_poly coeffs:
[LASSO PROVER]   c[0] = 1bb4cc3fd1c51ba6950a3eb9d4cbd82eb03cb6d7946d4e8b929438e5918efaae
[LASSO PROVER]   c[1] = 23e819bd4840e488811795de4e2a7198abcdeeb1f88de1e242851e82364fbb72
[LASSO PROVER]   c[2] = 0000000000000000000000000000000000000000000000000000000000000000
[LASSO PROVER] p(0) = 1bb4cc3fd1c51ba6950a3eb9d4cbd82eb03cb6d7946d4e8b929438e5918efaae
[LASSO PROVER] p(1) = 0f38978a38d460055dd18ee1a174f16a33d6bd411341bfdc913761d3d7deb61f
[LASSO PROVER] p(0)+p(1) = 2aed63ca0a997babf2dbcd9b7640c998e4137418a7af0e6823cb9ab9696db0cd
[LASSO PROVER] claim     = 2aed63ca0a997babf2dbcd9b7640c998e4137418a7af0e6823cb9ab9696db0cd
[LASSO PROVER] sumcheck_ok = true
[PROVER STAGE 3]     coeffs: c0=0x929438e5918efaae, c1=0x42851e82364fbb72, c2=0x0
[PROVER STAGE 3]     challenge=0x3b66bfd8650d964c

[LASSO PROVER] receiveChallenge round=23 phase=cycle
[LASSO PROVER] challenge = 26d1006f41bd928cf8bdebb83e66af5eaf97c0ac534070633b66bfd8650d964c
[LASSO PROVER] current_claim (before) = 2aed63ca0a997babf2dbcd9b7640c998e4137418a7af0e6823cb9ab9696db0cd
[LASSO PROVER] Cycle phase: eq_evals_len=2
[LASSO PROVER] current_claim (after) = 208b14037dcc6ef307193cb7ce51fbe937b3335fe35c3d8e96344328feeb55ea
[PROVER STAGE 3]     new_claim=0x96344328feeb55ea
[PROVER STAGE 3]   final_eval=0xb66762aec17102d6

[PROVER] Stage 3 complete

[PROVER STAGE 4] Starting memory value evaluation
[PROVER STAGE 4]   getting 16 r_address challenges
[PROVER STAGE 4]     r_address[0]=0x7974c309126283f4
[PROVER STAGE 4]     r_address[1]=0x37b4e5121a4cc8d5
[PROVER STAGE 4]     r_address[2]=0xce2b544338b14be1
[PROVER STAGE 4]     r_address[3]=0x21bb61861d29b475
[PROVER STAGE 4]   getting 8 r_cycle_val challenges
[PROVER STAGE 4]     r_cycle_val[0]=0xca70d9210aa6c27f
[PROVER STAGE 4]     r_cycle_val[1]=0x210b7e2f675a5e4
[PROVER STAGE 4]     r_cycle_val[2]=0x5bc9cb555997eaad
[PROVER STAGE 4]     r_cycle_val[3]=0xf4465b20c36305bf
[PROVER STAGE 4]     r_cycle_val[4]=0xfa8704522df97eb
[PROVER STAGE 4]     r_cycle_val[5]=0x791b167865d4fded
[PROVER STAGE 4]     r_cycle_val[6]=0xe173a32f73beb41
[PROVER STAGE 4]     r_cycle_val[7]=0xfaadec9c8cf9eff3
[PROVER STAGE 4]   trace_len=256, k=65536
[IncPolynomial] Processing 1 accesses, trace_len=256, start_address=0x0000000080000000, k=65536
[IncPolynomial] Skipping write at 0x000000007FFFC008: address < start_address
[VALEVAL_INIT] r_address from params, len=16 (LE):
  r_address[0] = { 23, 25, 232, 246, 130, 183, 103, 62 }
  r_address[1] = { 57, 48, 215, 65, 40, 88, 110, 87 }
  r_address[2] = { 118, 182, 174, 2, 240, 9, 219, 109 }
  r_address[3] = { 187, 230, 50, 33, 77, 195, 124, 72 }
  r_address[12] = { 178, 33, 37, 109, 133, 162, 118, 211 }
  r_address[13] = { 251, 151, 81, 48, 118, 173, 253, 9 }
  r_address[14] = { 137, 62, 93, 68, 180, 251, 183, 74 }
  r_address[15] = { 21, 26, 58, 46, 236, 154, 137, 66 }
[VALEVAL_INIT] LT polynomial values:
  lt_evals[0] = { 115, 188, 13, 59, 103, 19, 27, 195 }
  lt_evals[1] = { 123, 223, 239, 89, 228, 10, 239, 114 }
  lt_evals[128] = { 62, 125, 118, 50, 5, 60, 18, 90 }
  r_cycle values (from params):
    r_cycle[0] = { 162, 98, 45, 57, 30, 237, 165, 109 }
    r_cycle[1] = { 127, 253, 173, 210, 10, 251, 81, 59 }
    r_cycle[2] = { 106, 161, 101, 44, 200, 113, 53, 200 }
  Verifying LT(0, r_cycle) directly:
    LT(0, r_cycle) direct = { 115, 188, 13, 59, 103, 19, 27, 195 }
    lt_evals[0] = { 115, 188, 13, 59, 103, 19, 27, 195 }
    Match? true
[VALEVAL_INIT] At j=54: inc={ 0, 0, 0, 0, 0, 0, 0, 0 }, wa={ 0, 0, 0, 0, 0, 0, 0, 0 }, lt={ 164, 236, 215, 61, 172, 54, 97, 98 }
[VALEVAL_INIT] n=256, initial_claim={ 0, 0, 0, 0, 0, 0, 0, 0 }
[PROVER STAGE 4]   initial_claim=0x0
[PROVER STAGE 4]   num_rounds=8
[PROVER STAGE 4]   --- Round 0/8 ---
[PROVER STAGE 4]     p(0)=0x0, p(1)=0x0, p(2)=0x0, p(3)=0x0
[PROVER STAGE 4]     challenge=0x790211a2a84bec00
[PROVER STAGE 4]   --- Round 1/8 ---
[PROVER STAGE 4]     p(0)=0x0, p(1)=0x0, p(2)=0x0, p(3)=0x0
[PROVER STAGE 4]     challenge=0x4944b209440061b8
[PROVER STAGE 4]   --- Round 2/8 ---
[PROVER STAGE 4]     p(0)=0x0, p(1)=0x0, p(2)=0x0, p(3)=0x0
[PROVER STAGE 4]     challenge=0xbcbe017bc2b4a6b9
[PROVER STAGE 4]   --- Round 3/8 ---
[PROVER STAGE 4]     p(0)=0x0, p(1)=0x0, p(2)=0x0, p(3)=0x0
[PROVER STAGE 4]     challenge=0xfe7d565036258253
[PROVER STAGE 4]   --- Round 4/8 ---
[PROVER STAGE 4]     p(0)=0x0, p(1)=0x0, p(2)=0x0, p(3)=0x0
[PROVER STAGE 4]     challenge=0xac9f2e848f764712
[PROVER STAGE 4]   --- Round 5/8 ---
[PROVER STAGE 4]     p(0)=0x0, p(1)=0x0, p(2)=0x0, p(3)=0x0
[PROVER STAGE 4]     challenge=0xef5d587a2898eba
[PROVER STAGE 4]   --- Round 6/8 ---
[PROVER STAGE 4]     p(0)=0x0, p(1)=0x0, p(2)=0x0, p(3)=0x0
[PROVER STAGE 4]     challenge=0x5726a161e09fc924
[PROVER STAGE 4]   --- Round 7/8 ---
[PROVER STAGE 4]     p(0)=0x0, p(1)=0x0, p(2)=0x0, p(3)=0x0
[PROVER STAGE 4]     challenge=0xc717f335ff169930
[PROVER STAGE 4]   final_claim=0x0

[PROVER] Stage 4 complete

[PROVER STAGE 5] Starting register value evaluation
[PROVER STAGE 5]   getting 5 r_register challenges
[PROVER STAGE 5]     r_register[0]=0x9ae9e7a7682a97dc
[PROVER STAGE 5]     r_register[1]=0xdb7cf4da82385de8
[PROVER STAGE 5]     r_register[2]=0x6312297490a16e06
[PROVER STAGE 5]     r_register[3]=0xa797a6a9c034cb70
[PROVER STAGE 5]     r_register[4]=0xaff624d33d5e6701
[PROVER STAGE 5]   getting 8 r_cycle_reg challenges
[PROVER STAGE 5]     r_cycle_reg[0]=0xa742b4623ce502ee
[PROVER STAGE 5]     r_cycle_reg[1]=0x100347c876c249e6
[PROVER STAGE 5]     r_cycle_reg[2]=0x759c28d97b74a323
[PROVER STAGE 5]     r_cycle_reg[3]=0x10c839202d7f9fe4
[PROVER STAGE 5]     r_cycle_reg[4]=0xf405d3c47e3ca08
[PROVER STAGE 5]     r_cycle_reg[5]=0xdadaf73c443fad94
[PROVER STAGE 5]     r_cycle_reg[6]=0x437fd80250bbf262
[PROVER STAGE 5]     r_cycle_reg[7]=0x599a9cc206030bc7
[PROVER STAGE 5]   trace_len=256
[PROVER STAGE 5]   num_rounds=8, padded_n=256
[PROVER STAGE 5]   initial_claim=0x265b659aebacaa03
[PROVER STAGE 5]   --- Round 0/8 ---
[PROVER STAGE 5]     p(0)=0x43c5dce29cc52346, p(1)=0xe29588b84ee786bd, p(2)=0xc5472a21f109ea35
[PROVER STAGE 5]     p(0)+p(1)=0x265b659aebacaa03, claim=0x265b659aebacaa03
[PROVER STAGE 5]     challenge=0x3869f4876b9161f
[PROVER STAGE 5]     new_claim=0x9255c36df60dd7a5
[PROVER STAGE 5]   --- Round 1/8 ---
[PROVER STAGE 5]     p(0)=0x42fbf9dbc69a1447, p(1)=0x933bbf261f73c35f, p(2)=0xe37b8470784d7277
[PROVER STAGE 5]     p(0)+p(1)=0x9255c36df60dd7a5, claim=0x9255c36df60dd7a5
[PROVER STAGE 5]     challenge=0x8b15c9d0cbaa0cd2
[PROVER STAGE 5]     new_claim=0x735ed90b18ff7338
[PROVER STAGE 5]   --- Round 2/8 ---
[PROVER STAGE 5]     p(0)=0x202cfc2212bbeecf, p(1)=0x9713d27cf643846a, p(2)=0xdfaa8d7d9cb1a05
[PROVER STAGE 5]     p(0)+p(1)=0x735ed90b18ff7338, claim=0x735ed90b18ff7338
[PROVER STAGE 5]     challenge=0x868ffd6c9c011f9f
[PROVER STAGE 5]     new_claim=0xd89289ac733968d0
[PROVER STAGE 5]   --- Round 3/8 ---
[PROVER STAGE 5]     p(0)=0xd997db05d34a7b48, p(1)=0x42dca43a8feeed89, p(2)=0x683f77db5c935fc9
[PROVER STAGE 5]     p(0)+p(1)=0xd89289ac733968d0, claim=0xd89289ac733968d0
[PROVER STAGE 5]     challenge=0xec08a1f62b1503f4
[PROVER STAGE 5]     new_claim=0x8a161f616d1f8594
[PROVER STAGE 5]   --- Round 4/8 ---
[PROVER STAGE 5]     p(0)=0x6f364c84ce5084bb, p(1)=0x5ec1c8708ecf00da, p(2)=0x922f39f03f4d7cfa
[PROVER STAGE 5]     p(0)+p(1)=0x8a161f616d1f8594, claim=0x8a161f616d1f8594
[PROVER STAGE 5]     challenge=0x307ff5f4f3334d4f
[PROVER STAGE 5]     new_claim=0xac2fa520a3700e10
[PROVER STAGE 5]   --- Round 5/8 ---
[PROVER STAGE 5]     p(0)=0x9dd18e82d65311b9, p(1)=0x52400c31bd1cfc58, p(2)=0xc2cc944cb3e6e6f6
[PROVER STAGE 5]     p(0)+p(1)=0xac2fa520a3700e10, claim=0xac2fa520a3700e10
[PROVER STAGE 5]     challenge=0x7bf8859c0c068ae4
[PROVER STAGE 5]     new_claim=0xcc7bf02b055ba72
[PROVER STAGE 5]   --- Round 6/8 ---
[PROVER STAGE 5]     p(0)=0x2baaec9159eff1d0, p(1)=0x24fec8054665c8a3, p(2)=0xda70ade542db9f75
[PROVER STAGE 5]     p(0)+p(1)=0xcc7bf02b055ba72, claim=0xcc7bf02b055ba72
[PROVER STAGE 5]     challenge=0x5396b62fe0379027
[PROVER STAGE 5]     new_claim=0xd47869b239f8fbda
[PROVER STAGE 5]   --- Round 7/8 ---
[PROVER STAGE 5]     p(0)=0x34e2b7d124d3b74e, p(1)=0x9f95b1e11525448c, p(2)=0xa48abf10576d1ca
[PROVER STAGE 5]     p(0)+p(1)=0xd47869b239f8fbda, claim=0xd47869b239f8fbda
[PROVER STAGE 5]     challenge=0xaa08c2447a0fe541
[PROVER STAGE 5]     new_claim=0x2b9840a8c76d7ff
[PROVER STAGE 5]   final_claim=0x2b9840a8c76d7ff

[PROVER] Stage 5 complete

[PROVER STAGE 6] Starting booleanity and finalization
[PROVER STAGE 6]   bool_challenge=0x009fe2bc8f6fb690f84a566155802b63c9da1100445ddfbbc31a939c2907764f
[PROVER STAGE 6]   trace_len=256
[PROVER STAGE 6]   num_rounds=8, padded_n=256
[PROVER STAGE 6]   initial_claim=0x0 (should be 0 for valid flags)
[PROVER STAGE 6]   --- Round 0/8 ---
[PROVER STAGE 6]     p(0)=0x0, p(1)=0x0, p(2)=0x0
[PROVER STAGE 6]     challenge=0x566dfba6cd5352fc
[PROVER STAGE 6]     new_claim=0x0
[PROVER STAGE 6]   --- Round 1/8 ---
[PROVER STAGE 6]     p(0)=0x0, p(1)=0x0, p(2)=0x0
[PROVER STAGE 6]     challenge=0x35f805376d2083da
[PROVER STAGE 6]     new_claim=0x0
[PROVER STAGE 6]   --- Round 2/8 ---
[PROVER STAGE 6]     p(0)=0x0, p(1)=0x0, p(2)=0x0
[PROVER STAGE 6]     challenge=0x278f67371e84f593
[PROVER STAGE 6]     new_claim=0x0
[PROVER STAGE 6]   --- Round 3/8 ---
[PROVER STAGE 6]     p(0)=0x0, p(1)=0x0, p(2)=0x0
[PROVER STAGE 6]     challenge=0x587705d799bae1fb
[PROVER STAGE 6]     new_claim=0x0
[PROVER STAGE 6]   --- Round 4/8 ---
[PROVER STAGE 6]     p(0)=0x0, p(1)=0x0, p(2)=0x0
[PROVER STAGE 6]     challenge=0x3863c5a684f28a6a
[PROVER STAGE 6]     new_claim=0x0
[PROVER STAGE 6]   --- Round 5/8 ---
[PROVER STAGE 6]     p(0)=0x0, p(1)=0x0, p(2)=0x0
[PROVER STAGE 6]     challenge=0x949288902ddd3a47
[PROVER STAGE 6]     new_claim=0x0
[PROVER STAGE 6]   --- Round 6/8 ---
[PROVER STAGE 6]     p(0)=0x0, p(1)=0x0, p(2)=0x0
[PROVER STAGE 6]     challenge=0x5ed2ebc548044295
[PROVER STAGE 6]     new_claim=0x0
[PROVER STAGE 6]   --- Round 7/8 ---
[PROVER STAGE 6]     p(0)=0x0, p(1)=0x0, p(2)=0x0
[PROVER STAGE 6]     challenge=0xbd88b99aa43e4caa
[PROVER STAGE 6]     new_claim=0x0
[PROVER STAGE 6]   final_claim=0x0

[PROVER] Stage 6 complete

[PROVER] ========================================
[PROVER] All stages complete!
[PROVER] ========================================


=== Zolt Fiat-Shamir Preamble Debug (WithDory) ===
inputs.len = 0
outputs.len = 0
panic = false
=================================================


[ZOLT PREAMBLE] === Fiat-Shamir Preamble Start ===
[ZOLT PREAMBLE] appendU64: max_input_size=4096
[ZOLT TRANSCRIPT] appendU64: value=4096 (0x1000)
[ZOLT TRANSCRIPT]   packed_bytes={ 00 00 00 00 00 00 10 00 }
[ZOLT PREAMBLE] appendU64: max_output_size=4096
[ZOLT TRANSCRIPT] appendU64: value=4096 (0x1000)
[ZOLT TRANSCRIPT]   packed_bytes={ 00 00 00 00 00 00 10 00 }
[ZOLT PREAMBLE] appendU64: memory_size=32768
[ZOLT TRANSCRIPT] appendU64: value=32768 (0x8000)
[ZOLT TRANSCRIPT]   packed_bytes={ 00 00 00 00 00 00 80 00 }
[ZOLT PREAMBLE] appendBytes: inputs.len=0
[ZOLT TRANSCRIPT] appendBytes: len=0, state_before={ ce 55 d4 44 de 48 95 54 ... }
[ZOLT TRANSCRIPT]   state_after={ e7 24 bd 96 41 6d 4e 39 ... }
[ZOLT PREAMBLE] appendBytes: outputs.len=0
[ZOLT TRANSCRIPT] appendBytes: len=0, state_before={ e7 24 bd 96 41 6d 4e 39 ... }
[ZOLT TRANSCRIPT]   state_after={ cf cf 19 f2 ff b0 c7 21 ... }
[ZOLT PREAMBLE] appendU64: panic=0
[ZOLT TRANSCRIPT] appendU64: value=0 (0x0)
[ZOLT TRANSCRIPT]   packed_bytes={ 00 00 00 00 00 00 00 00 }
[ZOLT PREAMBLE] appendU64: ram_K=65536
[ZOLT TRANSCRIPT] appendU64: value=65536 (0x10000)
[ZOLT TRANSCRIPT]   packed_bytes={ 00 00 00 00 00 01 00 00 }
[ZOLT PREAMBLE] appendU64: trace_length=256
[ZOLT TRANSCRIPT] appendU64: value=256 (0x100)
[ZOLT TRANSCRIPT]   packed_bytes={ 00 00 00 00 00 00 01 00 }
[ZOLT PREAMBLE] === Fiat-Shamir Preamble End ===


[ZOLT] OneHot params: instruction_d=32, bytecode_d=2, ram_d=1
[ZOLT] Total commitments = 2 + 32 + 1 + 2 = 37

[ZOLT PROVE] === Appending Dory Commitments ===
[ZOLT PROVE] Appending Dory commitment 1/37
[ZOLT TRANSCRIPT] appendGT:
[ZOLT TRANSCRIPT]   raw_bytes[0..16]={ d6 e1 42 1b 80 45 3d 1c be 8b 3f d2 cc 4f 08 f5 }
[ZOLT TRANSCRIPT]   raw_bytes[368..384]={ 22 a4 61 cf 94 17 2e f4 a0 11 fc 5c 1a 22 74 07 }
[ZOLT TRANSCRIPT]   reversed[0..16]={ 07 74 22 1a 5c fc 11 a0 f4 2e 17 94 cf 61 a4 22 }
[ZOLT TRANSCRIPT]   reversed[368..384]={ f5 08 4f cc d2 3f 8b be 1c 3d 45 80 1b 42 e1 d6 }
[ZOLT TRANSCRIPT] appendBytes: len=384, state_before={ 30 9e aa 13 79 37 2b c2 ... }
[ZOLT TRANSCRIPT]   first_8_bytes={ 07 74 22 1a 5c fc 11 a0 }
[ZOLT TRANSCRIPT]   last_8_bytes={ 1c 3d 45 80 1b 42 e1 d6 }
[ZOLT TRANSCRIPT]   state_after={ 6f 5e 83 07 b9 16 5f 58 ... }
[ZOLT PROVE] Appending Dory commitment 2/37
[ZOLT TRANSCRIPT] appendGT:
[ZOLT TRANSCRIPT]   raw_bytes[0..16]={ 01 00 00 00 00 00 00 00 00 00 00 00 00 00 00 00 }
[ZOLT TRANSCRIPT]   raw_bytes[368..384]={ 00 00 00 00 00 00 00 00 00 00 00 00 00 00 00 00 }
[ZOLT TRANSCRIPT]   reversed[0..16]={ 00 00 00 00 00 00 00 00 00 00 00 00 00 00 00 00 }
[ZOLT TRANSCRIPT]   reversed[368..384]={ 00 00 00 00 00 00 00 00 00 00 00 00 00 00 00 01 }
[ZOLT TRANSCRIPT] appendBytes: len=384, state_before={ 6f 5e 83 07 b9 16 5f 58 ... }
[ZOLT TRANSCRIPT]   first_8_bytes={ 00 00 00 00 00 00 00 00 }
[ZOLT TRANSCRIPT]   last_8_bytes={ 00 00 00 00 00 00 00 01 }
[ZOLT TRANSCRIPT]   state_after={ 09 e4 19 85 64 41 3d 60 ... }
[ZOLT PROVE] Appending Dory commitment 3/37
[ZOLT TRANSCRIPT] appendGT:
[ZOLT TRANSCRIPT]   raw_bytes[0..16]={ 01 00 00 00 00 00 00 00 00 00 00 00 00 00 00 00 }
[ZOLT TRANSCRIPT]   raw_bytes[368..384]={ 00 00 00 00 00 00 00 00 00 00 00 00 00 00 00 00 }
[ZOLT TRANSCRIPT]   reversed[0..16]={ 00 00 00 00 00 00 00 00 00 00 00 00 00 00 00 00 }
[ZOLT TRANSCRIPT]   reversed[368..384]={ 00 00 00 00 00 00 00 00 00 00 00 00 00 00 00 01 }
[ZOLT TRANSCRIPT] appendBytes: len=384, state_before={ 09 e4 19 85 64 41 3d 60 ... }
[ZOLT TRANSCRIPT]   first_8_bytes={ 00 00 00 00 00 00 00 00 }
[ZOLT TRANSCRIPT]   last_8_bytes={ 00 00 00 00 00 00 00 01 }
[ZOLT TRANSCRIPT]   state_after={ 0d 07 ca ee 2d b4 b2 fd ... }
[ZOLT PROVE] Appending Dory commitment 4/37
[ZOLT TRANSCRIPT] appendGT:
[ZOLT TRANSCRIPT]   raw_bytes[0..16]={ 01 00 00 00 00 00 00 00 00 00 00 00 00 00 00 00 }
[ZOLT TRANSCRIPT]   raw_bytes[368..384]={ 00 00 00 00 00 00 00 00 00 00 00 00 00 00 00 00 }
[ZOLT TRANSCRIPT]   reversed[0..16]={ 00 00 00 00 00 00 00 00 00 00 00 00 00 00 00 00 }
[ZOLT TRANSCRIPT]   reversed[368..384]={ 00 00 00 00 00 00 00 00 00 00 00 00 00 00 00 01 }
[ZOLT TRANSCRIPT] appendBytes: len=384, state_before={ 0d 07 ca ee 2d b4 b2 fd ... }
[ZOLT TRANSCRIPT]   first_8_bytes={ 00 00 00 00 00 00 00 00 }
[ZOLT TRANSCRIPT]   last_8_bytes={ 00 00 00 00 00 00 00 01 }
[ZOLT TRANSCRIPT]   state_after={ 39 20 68 51 f1 49 c3 01 ... }
[ZOLT PROVE] Appending Dory commitment 5/37
[ZOLT TRANSCRIPT] appendGT:
[ZOLT TRANSCRIPT]   raw_bytes[0..16]={ 01 00 00 00 00 00 00 00 00 00 00 00 00 00 00 00 }
[ZOLT TRANSCRIPT]   raw_bytes[368..384]={ 00 00 00 00 00 00 00 00 00 00 00 00 00 00 00 00 }
[ZOLT TRANSCRIPT]   reversed[0..16]={ 00 00 00 00 00 00 00 00 00 00 00 00 00 00 00 00 }
[ZOLT TRANSCRIPT]   reversed[368..384]={ 00 00 00 00 00 00 00 00 00 00 00 00 00 00 00 01 }
[ZOLT TRANSCRIPT] appendBytes: len=384, state_before={ 39 20 68 51 f1 49 c3 01 ... }
[ZOLT TRANSCRIPT]   first_8_bytes={ 00 00 00 00 00 00 00 00 }
[ZOLT TRANSCRIPT]   last_8_bytes={ 00 00 00 00 00 00 00 01 }
[ZOLT TRANSCRIPT]   state_after={ e4 ea ad f7 21 6f b6 66 ... }
[ZOLT PROVE] Appending Dory commitment 6/37
[ZOLT TRANSCRIPT] appendGT:
[ZOLT TRANSCRIPT]   raw_bytes[0..16]={ 01 00 00 00 00 00 00 00 00 00 00 00 00 00 00 00 }
[ZOLT TRANSCRIPT]   raw_bytes[368..384]={ 00 00 00 00 00 00 00 00 00 00 00 00 00 00 00 00 }
[ZOLT TRANSCRIPT]   reversed[0..16]={ 00 00 00 00 00 00 00 00 00 00 00 00 00 00 00 00 }
[ZOLT TRANSCRIPT]   reversed[368..384]={ 00 00 00 00 00 00 00 00 00 00 00 00 00 00 00 01 }
[ZOLT TRANSCRIPT] appendBytes: len=384, state_before={ e4 ea ad f7 21 6f b6 66 ... }
[ZOLT TRANSCRIPT]   first_8_bytes={ 00 00 00 00 00 00 00 00 }
[ZOLT TRANSCRIPT]   last_8_bytes={ 00 00 00 00 00 00 00 01 }
[ZOLT TRANSCRIPT]   state_after={ f0 45 96 d9 cd 47 e3 88 ... }
[ZOLT PROVE] Appending Dory commitment 7/37
[ZOLT TRANSCRIPT] appendGT:
[ZOLT TRANSCRIPT]   raw_bytes[0..16]={ 01 00 00 00 00 00 00 00 00 00 00 00 00 00 00 00 }
[ZOLT TRANSCRIPT]   raw_bytes[368..384]={ 00 00 00 00 00 00 00 00 00 00 00 00 00 00 00 00 }
[ZOLT TRANSCRIPT]   reversed[0..16]={ 00 00 00 00 00 00 00 00 00 00 00 00 00 00 00 00 }
[ZOLT TRANSCRIPT]   reversed[368..384]={ 00 00 00 00 00 00 00 00 00 00 00 00 00 00 00 01 }
[ZOLT TRANSCRIPT] appendBytes: len=384, state_before={ f0 45 96 d9 cd 47 e3 88 ... }
[ZOLT TRANSCRIPT]   first_8_bytes={ 00 00 00 00 00 00 00 00 }
[ZOLT TRANSCRIPT]   last_8_bytes={ 00 00 00 00 00 00 00 01 }
[ZOLT TRANSCRIPT]   state_after={ c3 d6 9c db e7 54 80 6c ... }
[ZOLT PROVE] Appending Dory commitment 8/37
[ZOLT TRANSCRIPT] appendGT:
[ZOLT TRANSCRIPT]   raw_bytes[0..16]={ 01 00 00 00 00 00 00 00 00 00 00 00 00 00 00 00 }
[ZOLT TRANSCRIPT]   raw_bytes[368..384]={ 00 00 00 00 00 00 00 00 00 00 00 00 00 00 00 00 }
[ZOLT TRANSCRIPT]   reversed[0..16]={ 00 00 00 00 00 00 00 00 00 00 00 00 00 00 00 00 }
[ZOLT TRANSCRIPT]   reversed[368..384]={ 00 00 00 00 00 00 00 00 00 00 00 00 00 00 00 01 }
[ZOLT TRANSCRIPT] appendBytes: len=384, state_before={ c3 d6 9c db e7 54 80 6c ... }
[ZOLT TRANSCRIPT]   first_8_bytes={ 00 00 00 00 00 00 00 00 }
[ZOLT TRANSCRIPT]   last_8_bytes={ 00 00 00 00 00 00 00 01 }
[ZOLT TRANSCRIPT]   state_after={ 45 0c d9 67 0e 89 94 fa ... }
[ZOLT PROVE] Appending Dory commitment 9/37
[ZOLT TRANSCRIPT] appendGT:
[ZOLT TRANSCRIPT]   raw_bytes[0..16]={ 01 00 00 00 00 00 00 00 00 00 00 00 00 00 00 00 }
[ZOLT TRANSCRIPT]   raw_bytes[368..384]={ 00 00 00 00 00 00 00 00 00 00 00 00 00 00 00 00 }
[ZOLT TRANSCRIPT]   reversed[0..16]={ 00 00 00 00 00 00 00 00 00 00 00 00 00 00 00 00 }
[ZOLT TRANSCRIPT]   reversed[368..384]={ 00 00 00 00 00 00 00 00 00 00 00 00 00 00 00 01 }
[ZOLT TRANSCRIPT] appendBytes: len=384, state_before={ 45 0c d9 67 0e 89 94 fa ... }
[ZOLT TRANSCRIPT]   first_8_bytes={ 00 00 00 00 00 00 00 00 }
[ZOLT TRANSCRIPT]   last_8_bytes={ 00 00 00 00 00 00 00 01 }
[ZOLT TRANSCRIPT]   state_after={ 0b 8b bb c2 bb b8 6d b1 ... }
[ZOLT PROVE] Appending Dory commitment 10/37
[ZOLT TRANSCRIPT] appendGT:
[ZOLT TRANSCRIPT]   raw_bytes[0..16]={ 01 00 00 00 00 00 00 00 00 00 00 00 00 00 00 00 }
[ZOLT TRANSCRIPT]   raw_bytes[368..384]={ 00 00 00 00 00 00 00 00 00 00 00 00 00 00 00 00 }
[ZOLT TRANSCRIPT]   reversed[0..16]={ 00 00 00 00 00 00 00 00 00 00 00 00 00 00 00 00 }
[ZOLT TRANSCRIPT]   reversed[368..384]={ 00 00 00 00 00 00 00 00 00 00 00 00 00 00 00 01 }
[ZOLT TRANSCRIPT] appendBytes: len=384, state_before={ 0b 8b bb c2 bb b8 6d b1 ... }
[ZOLT TRANSCRIPT]   first_8_bytes={ 00 00 00 00 00 00 00 00 }
[ZOLT TRANSCRIPT]   last_8_bytes={ 00 00 00 00 00 00 00 01 }
[ZOLT TRANSCRIPT]   state_after={ 3c 71 24 ff 75 c4 3b 03 ... }
[ZOLT PROVE] Appending Dory commitment 11/37
[ZOLT TRANSCRIPT] appendGT:
[ZOLT TRANSCRIPT]   raw_bytes[0..16]={ 01 00 00 00 00 00 00 00 00 00 00 00 00 00 00 00 }
[ZOLT TRANSCRIPT]   raw_bytes[368..384]={ 00 00 00 00 00 00 00 00 00 00 00 00 00 00 00 00 }
[ZOLT TRANSCRIPT]   reversed[0..16]={ 00 00 00 00 00 00 00 00 00 00 00 00 00 00 00 00 }
[ZOLT TRANSCRIPT]   reversed[368..384]={ 00 00 00 00 00 00 00 00 00 00 00 00 00 00 00 01 }
[ZOLT TRANSCRIPT] appendBytes: len=384, state_before={ 3c 71 24 ff 75 c4 3b 03 ... }
[ZOLT TRANSCRIPT]   first_8_bytes={ 00 00 00 00 00 00 00 00 }
[ZOLT TRANSCRIPT]   last_8_bytes={ 00 00 00 00 00 00 00 01 }
[ZOLT TRANSCRIPT]   state_after={ 3e 33 84 41 95 45 1d 7d ... }
[ZOLT PROVE] Appending Dory commitment 12/37
[ZOLT TRANSCRIPT] appendGT:
[ZOLT TRANSCRIPT]   raw_bytes[0..16]={ 01 00 00 00 00 00 00 00 00 00 00 00 00 00 00 00 }
[ZOLT TRANSCRIPT]   raw_bytes[368..384]={ 00 00 00 00 00 00 00 00 00 00 00 00 00 00 00 00 }
[ZOLT TRANSCRIPT]   reversed[0..16]={ 00 00 00 00 00 00 00 00 00 00 00 00 00 00 00 00 }
[ZOLT TRANSCRIPT]   reversed[368..384]={ 00 00 00 00 00 00 00 00 00 00 00 00 00 00 00 01 }
[ZOLT TRANSCRIPT] appendBytes: len=384, state_before={ 3e 33 84 41 95 45 1d 7d ... }
[ZOLT TRANSCRIPT]   first_8_bytes={ 00 00 00 00 00 00 00 00 }
[ZOLT TRANSCRIPT]   last_8_bytes={ 00 00 00 00 00 00 00 01 }
[ZOLT TRANSCRIPT]   state_after={ 00 1a f6 fe 7a 78 42 de ... }
[ZOLT PROVE] Appending Dory commitment 13/37
[ZOLT TRANSCRIPT] appendGT:
[ZOLT TRANSCRIPT]   raw_bytes[0..16]={ 01 00 00 00 00 00 00 00 00 00 00 00 00 00 00 00 }
[ZOLT TRANSCRIPT]   raw_bytes[368..384]={ 00 00 00 00 00 00 00 00 00 00 00 00 00 00 00 00 }
[ZOLT TRANSCRIPT]   reversed[0..16]={ 00 00 00 00 00 00 00 00 00 00 00 00 00 00 00 00 }
[ZOLT TRANSCRIPT]   reversed[368..384]={ 00 00 00 00 00 00 00 00 00 00 00 00 00 00 00 01 }
[ZOLT TRANSCRIPT] appendBytes: len=384, state_before={ 00 1a f6 fe 7a 78 42 de ... }
[ZOLT TRANSCRIPT]   first_8_bytes={ 00 00 00 00 00 00 00 00 }
[ZOLT TRANSCRIPT]   last_8_bytes={ 00 00 00 00 00 00 00 01 }
[ZOLT TRANSCRIPT]   state_after={ 1a 9b 5d f8 57 11 2b 80 ... }
[ZOLT PROVE] Appending Dory commitment 14/37
[ZOLT TRANSCRIPT] appendGT:
[ZOLT TRANSCRIPT]   raw_bytes[0..16]={ 01 00 00 00 00 00 00 00 00 00 00 00 00 00 00 00 }
[ZOLT TRANSCRIPT]   raw_bytes[368..384]={ 00 00 00 00 00 00 00 00 00 00 00 00 00 00 00 00 }
[ZOLT TRANSCRIPT]   reversed[0..16]={ 00 00 00 00 00 00 00 00 00 00 00 00 00 00 00 00 }
[ZOLT TRANSCRIPT]   reversed[368..384]={ 00 00 00 00 00 00 00 00 00 00 00 00 00 00 00 01 }
[ZOLT TRANSCRIPT] appendBytes: len=384, state_before={ 1a 9b 5d f8 57 11 2b 80 ... }
[ZOLT TRANSCRIPT]   first_8_bytes={ 00 00 00 00 00 00 00 00 }
[ZOLT TRANSCRIPT]   last_8_bytes={ 00 00 00 00 00 00 00 01 }
[ZOLT TRANSCRIPT]   state_after={ e1 6c 2f 1b 34 fa 7a 7a ... }
[ZOLT PROVE] Appending Dory commitment 15/37
[ZOLT TRANSCRIPT] appendGT:
[ZOLT TRANSCRIPT]   raw_bytes[0..16]={ 01 00 00 00 00 00 00 00 00 00 00 00 00 00 00 00 }
[ZOLT TRANSCRIPT]   raw_bytes[368..384]={ 00 00 00 00 00 00 00 00 00 00 00 00 00 00 00 00 }
[ZOLT TRANSCRIPT]   reversed[0..16]={ 00 00 00 00 00 00 00 00 00 00 00 00 00 00 00 00 }
[ZOLT TRANSCRIPT]   reversed[368..384]={ 00 00 00 00 00 00 00 00 00 00 00 00 00 00 00 01 }
[ZOLT TRANSCRIPT] appendBytes: len=384, state_before={ e1 6c 2f 1b 34 fa 7a 7a ... }
[ZOLT TRANSCRIPT]   first_8_bytes={ 00 00 00 00 00 00 00 00 }
[ZOLT TRANSCRIPT]   last_8_bytes={ 00 00 00 00 00 00 00 01 }
[ZOLT TRANSCRIPT]   state_after={ 51 17 41 3d 1b 51 fe 66 ... }
[ZOLT PROVE] Appending Dory commitment 16/37
[ZOLT TRANSCRIPT] appendGT:
[ZOLT TRANSCRIPT]   raw_bytes[0..16]={ 01 00 00 00 00 00 00 00 00 00 00 00 00 00 00 00 }
[ZOLT TRANSCRIPT]   raw_bytes[368..384]={ 00 00 00 00 00 00 00 00 00 00 00 00 00 00 00 00 }
[ZOLT TRANSCRIPT]   reversed[0..16]={ 00 00 00 00 00 00 00 00 00 00 00 00 00 00 00 00 }
[ZOLT TRANSCRIPT]   reversed[368..384]={ 00 00 00 00 00 00 00 00 00 00 00 00 00 00 00 01 }
[ZOLT TRANSCRIPT] appendBytes: len=384, state_before={ 51 17 41 3d 1b 51 fe 66 ... }
[ZOLT TRANSCRIPT]   first_8_bytes={ 00 00 00 00 00 00 00 00 }
[ZOLT TRANSCRIPT]   last_8_bytes={ 00 00 00 00 00 00 00 01 }
[ZOLT TRANSCRIPT]   state_after={ 80 3e c3 c5 f8 68 e8 d3 ... }
[ZOLT PROVE] Appending Dory commitment 17/37
[ZOLT TRANSCRIPT] appendGT:
[ZOLT TRANSCRIPT]   raw_bytes[0..16]={ 01 00 00 00 00 00 00 00 00 00 00 00 00 00 00 00 }
[ZOLT TRANSCRIPT]   raw_bytes[368..384]={ 00 00 00 00 00 00 00 00 00 00 00 00 00 00 00 00 }
[ZOLT TRANSCRIPT]   reversed[0..16]={ 00 00 00 00 00 00 00 00 00 00 00 00 00 00 00 00 }
[ZOLT TRANSCRIPT]   reversed[368..384]={ 00 00 00 00 00 00 00 00 00 00 00 00 00 00 00 01 }
[ZOLT TRANSCRIPT] appendBytes: len=384, state_before={ 80 3e c3 c5 f8 68 e8 d3 ... }
[ZOLT TRANSCRIPT]   first_8_bytes={ 00 00 00 00 00 00 00 00 }
[ZOLT TRANSCRIPT]   last_8_bytes={ 00 00 00 00 00 00 00 01 }
[ZOLT TRANSCRIPT]   state_after={ 7b 60 79 6b 83 bb ac 40 ... }
[ZOLT PROVE] Appending Dory commitment 18/37
[ZOLT TRANSCRIPT] appendGT:
[ZOLT TRANSCRIPT]   raw_bytes[0..16]={ 01 00 00 00 00 00 00 00 00 00 00 00 00 00 00 00 }
[ZOLT TRANSCRIPT]   raw_bytes[368..384]={ 00 00 00 00 00 00 00 00 00 00 00 00 00 00 00 00 }
[ZOLT TRANSCRIPT]   reversed[0..16]={ 00 00 00 00 00 00 00 00 00 00 00 00 00 00 00 00 }
[ZOLT TRANSCRIPT]   reversed[368..384]={ 00 00 00 00 00 00 00 00 00 00 00 00 00 00 00 01 }
[ZOLT TRANSCRIPT] appendBytes: len=384, state_before={ 7b 60 79 6b 83 bb ac 40 ... }
[ZOLT TRANSCRIPT]   first_8_bytes={ 00 00 00 00 00 00 00 00 }
[ZOLT TRANSCRIPT]   last_8_bytes={ 00 00 00 00 00 00 00 01 }
[ZOLT TRANSCRIPT]   state_after={ 15 be f2 80 2d 9a 8c b2 ... }
[ZOLT PROVE] Appending Dory commitment 19/37
[ZOLT TRANSCRIPT] appendGT:
[ZOLT TRANSCRIPT]   raw_bytes[0..16]={ 01 00 00 00 00 00 00 00 00 00 00 00 00 00 00 00 }
[ZOLT TRANSCRIPT]   raw_bytes[368..384]={ 00 00 00 00 00 00 00 00 00 00 00 00 00 00 00 00 }
[ZOLT TRANSCRIPT]   reversed[0..16]={ 00 00 00 00 00 00 00 00 00 00 00 00 00 00 00 00 }
[ZOLT TRANSCRIPT]   reversed[368..384]={ 00 00 00 00 00 00 00 00 00 00 00 00 00 00 00 01 }
[ZOLT TRANSCRIPT] appendBytes: len=384, state_before={ 15 be f2 80 2d 9a 8c b2 ... }
[ZOLT TRANSCRIPT]   first_8_bytes={ 00 00 00 00 00 00 00 00 }
[ZOLT TRANSCRIPT]   last_8_bytes={ 00 00 00 00 00 00 00 01 }
[ZOLT TRANSCRIPT]   state_after={ cc a0 95 25 3f 18 85 f0 ... }
[ZOLT PROVE] Appending Dory commitment 20/37
[ZOLT TRANSCRIPT] appendGT:
[ZOLT TRANSCRIPT]   raw_bytes[0..16]={ 01 00 00 00 00 00 00 00 00 00 00 00 00 00 00 00 }
[ZOLT TRANSCRIPT]   raw_bytes[368..384]={ 00 00 00 00 00 00 00 00 00 00 00 00 00 00 00 00 }
[ZOLT TRANSCRIPT]   reversed[0..16]={ 00 00 00 00 00 00 00 00 00 00 00 00 00 00 00 00 }
[ZOLT TRANSCRIPT]   reversed[368..384]={ 00 00 00 00 00 00 00 00 00 00 00 00 00 00 00 01 }
[ZOLT TRANSCRIPT] appendBytes: len=384, state_before={ cc a0 95 25 3f 18 85 f0 ... }
[ZOLT TRANSCRIPT]   first_8_bytes={ 00 00 00 00 00 00 00 00 }
[ZOLT TRANSCRIPT]   last_8_bytes={ 00 00 00 00 00 00 00 01 }
[ZOLT TRANSCRIPT]   state_after={ 68 eb b1 7c 3c 67 04 0e ... }
[ZOLT PROVE] Appending Dory commitment 21/37
[ZOLT TRANSCRIPT] appendGT:
[ZOLT TRANSCRIPT]   raw_bytes[0..16]={ 01 00 00 00 00 00 00 00 00 00 00 00 00 00 00 00 }
[ZOLT TRANSCRIPT]   raw_bytes[368..384]={ 00 00 00 00 00 00 00 00 00 00 00 00 00 00 00 00 }
[ZOLT TRANSCRIPT]   reversed[0..16]={ 00 00 00 00 00 00 00 00 00 00 00 00 00 00 00 00 }
[ZOLT TRANSCRIPT]   reversed[368..384]={ 00 00 00 00 00 00 00 00 00 00 00 00 00 00 00 01 }
[ZOLT TRANSCRIPT] appendBytes: len=384, state_before={ 68 eb b1 7c 3c 67 04 0e ... }
[ZOLT TRANSCRIPT]   first_8_bytes={ 00 00 00 00 00 00 00 00 }
[ZOLT TRANSCRIPT]   last_8_bytes={ 00 00 00 00 00 00 00 01 }
[ZOLT TRANSCRIPT]   state_after={ 1b 25 29 f3 d3 59 af 5d ... }
[ZOLT PROVE] Appending Dory commitment 22/37
[ZOLT TRANSCRIPT] appendGT:
[ZOLT TRANSCRIPT]   raw_bytes[0..16]={ 01 00 00 00 00 00 00 00 00 00 00 00 00 00 00 00 }
[ZOLT TRANSCRIPT]   raw_bytes[368..384]={ 00 00 00 00 00 00 00 00 00 00 00 00 00 00 00 00 }
[ZOLT TRANSCRIPT]   reversed[0..16]={ 00 00 00 00 00 00 00 00 00 00 00 00 00 00 00 00 }
[ZOLT TRANSCRIPT]   reversed[368..384]={ 00 00 00 00 00 00 00 00 00 00 00 00 00 00 00 01 }
[ZOLT TRANSCRIPT] appendBytes: len=384, state_before={ 1b 25 29 f3 d3 59 af 5d ... }
[ZOLT TRANSCRIPT]   first_8_bytes={ 00 00 00 00 00 00 00 00 }
[ZOLT TRANSCRIPT]   last_8_bytes={ 00 00 00 00 00 00 00 01 }
[ZOLT TRANSCRIPT]   state_after={ 9e 33 e0 44 0a 7a 93 85 ... }
[ZOLT PROVE] Appending Dory commitment 23/37
[ZOLT TRANSCRIPT] appendGT:
[ZOLT TRANSCRIPT]   raw_bytes[0..16]={ 01 00 00 00 00 00 00 00 00 00 00 00 00 00 00 00 }
[ZOLT TRANSCRIPT]   raw_bytes[368..384]={ 00 00 00 00 00 00 00 00 00 00 00 00 00 00 00 00 }
[ZOLT TRANSCRIPT]   reversed[0..16]={ 00 00 00 00 00 00 00 00 00 00 00 00 00 00 00 00 }
[ZOLT TRANSCRIPT]   reversed[368..384]={ 00 00 00 00 00 00 00 00 00 00 00 00 00 00 00 01 }
[ZOLT TRANSCRIPT] appendBytes: len=384, state_before={ 9e 33 e0 44 0a 7a 93 85 ... }
[ZOLT TRANSCRIPT]   first_8_bytes={ 00 00 00 00 00 00 00 00 }
[ZOLT TRANSCRIPT]   last_8_bytes={ 00 00 00 00 00 00 00 01 }
[ZOLT TRANSCRIPT]   state_after={ 7c 1e 2a b8 f7 ad ca 40 ... }
[ZOLT PROVE] Appending Dory commitment 24/37
[ZOLT TRANSCRIPT] appendGT:
[ZOLT TRANSCRIPT]   raw_bytes[0..16]={ 01 00 00 00 00 00 00 00 00 00 00 00 00 00 00 00 }
[ZOLT TRANSCRIPT]   raw_bytes[368..384]={ 00 00 00 00 00 00 00 00 00 00 00 00 00 00 00 00 }
[ZOLT TRANSCRIPT]   reversed[0..16]={ 00 00 00 00 00 00 00 00 00 00 00 00 00 00 00 00 }
[ZOLT TRANSCRIPT]   reversed[368..384]={ 00 00 00 00 00 00 00 00 00 00 00 00 00 00 00 01 }
[ZOLT TRANSCRIPT] appendBytes: len=384, state_before={ 7c 1e 2a b8 f7 ad ca 40 ... }
[ZOLT TRANSCRIPT]   first_8_bytes={ 00 00 00 00 00 00 00 00 }
[ZOLT TRANSCRIPT]   last_8_bytes={ 00 00 00 00 00 00 00 01 }
[ZOLT TRANSCRIPT]   state_after={ 64 fa 1a ca bf 05 8c b7 ... }
[ZOLT PROVE] Appending Dory commitment 25/37
[ZOLT TRANSCRIPT] appendGT:
[ZOLT TRANSCRIPT]   raw_bytes[0..16]={ 01 00 00 00 00 00 00 00 00 00 00 00 00 00 00 00 }
[ZOLT TRANSCRIPT]   raw_bytes[368..384]={ 00 00 00 00 00 00 00 00 00 00 00 00 00 00 00 00 }
[ZOLT TRANSCRIPT]   reversed[0..16]={ 00 00 00 00 00 00 00 00 00 00 00 00 00 00 00 00 }
[ZOLT TRANSCRIPT]   reversed[368..384]={ 00 00 00 00 00 00 00 00 00 00 00 00 00 00 00 01 }
[ZOLT TRANSCRIPT] appendBytes: len=384, state_before={ 64 fa 1a ca bf 05 8c b7 ... }
[ZOLT TRANSCRIPT]   first_8_bytes={ 00 00 00 00 00 00 00 00 }
[ZOLT TRANSCRIPT]   last_8_bytes={ 00 00 00 00 00 00 00 01 }
[ZOLT TRANSCRIPT]   state_after={ 96 ec be c9 15 f0 d9 cc ... }
[ZOLT PROVE] Appending Dory commitment 26/37
[ZOLT TRANSCRIPT] appendGT:
[ZOLT TRANSCRIPT]   raw_bytes[0..16]={ 01 00 00 00 00 00 00 00 00 00 00 00 00 00 00 00 }
[ZOLT TRANSCRIPT]   raw_bytes[368..384]={ 00 00 00 00 00 00 00 00 00 00 00 00 00 00 00 00 }
[ZOLT TRANSCRIPT]   reversed[0..16]={ 00 00 00 00 00 00 00 00 00 00 00 00 00 00 00 00 }
[ZOLT TRANSCRIPT]   reversed[368..384]={ 00 00 00 00 00 00 00 00 00 00 00 00 00 00 00 01 }
[ZOLT TRANSCRIPT] appendBytes: len=384, state_before={ 96 ec be c9 15 f0 d9 cc ... }
[ZOLT TRANSCRIPT]   first_8_bytes={ 00 00 00 00 00 00 00 00 }
[ZOLT TRANSCRIPT]   last_8_bytes={ 00 00 00 00 00 00 00 01 }
[ZOLT TRANSCRIPT]   state_after={ 4d eb a7 ed 07 ce 39 56 ... }
[ZOLT PROVE] Appending Dory commitment 27/37
[ZOLT TRANSCRIPT] appendGT:
[ZOLT TRANSCRIPT]   raw_bytes[0..16]={ 34 96 61 26 42 5d f8 74 2b 5c 96 96 95 23 66 69 }
[ZOLT TRANSCRIPT]   raw_bytes[368..384]={ 12 41 48 de 8d 88 76 4f be e3 bb 10 ae 1a 23 23 }
[ZOLT TRANSCRIPT]   reversed[0..16]={ 23 23 1a ae 10 bb e3 be 4f 76 88 8d de 48 41 12 }
[ZOLT TRANSCRIPT]   reversed[368..384]={ 69 66 23 95 96 96 5c 2b 74 f8 5d 42 26 61 96 34 }
[ZOLT TRANSCRIPT] appendBytes: len=384, state_before={ 4d eb a7 ed 07 ce 39 56 ... }
[ZOLT TRANSCRIPT]   first_8_bytes={ 23 23 1a ae 10 bb e3 be }
[ZOLT TRANSCRIPT]   last_8_bytes={ 74 f8 5d 42 26 61 96 34 }
[ZOLT TRANSCRIPT]   state_after={ b2 93 9a 1f bf 4b 74 f4 ... }
[ZOLT PROVE] Appending Dory commitment 28/37
[ZOLT TRANSCRIPT] appendGT:
[ZOLT TRANSCRIPT]   raw_bytes[0..16]={ 01 00 00 00 00 00 00 00 00 00 00 00 00 00 00 00 }
[ZOLT TRANSCRIPT]   raw_bytes[368..384]={ 00 00 00 00 00 00 00 00 00 00 00 00 00 00 00 00 }
[ZOLT TRANSCRIPT]   reversed[0..16]={ 00 00 00 00 00 00 00 00 00 00 00 00 00 00 00 00 }
[ZOLT TRANSCRIPT]   reversed[368..384]={ 00 00 00 00 00 00 00 00 00 00 00 00 00 00 00 01 }
[ZOLT TRANSCRIPT] appendBytes: len=384, state_before={ b2 93 9a 1f bf 4b 74 f4 ... }
[ZOLT TRANSCRIPT]   first_8_bytes={ 00 00 00 00 00 00 00 00 }
[ZOLT TRANSCRIPT]   last_8_bytes={ 00 00 00 00 00 00 00 01 }
[ZOLT TRANSCRIPT]   state_after={ 7f 84 39 56 88 a5 5f ee ... }
[ZOLT PROVE] Appending Dory commitment 29/37
[ZOLT TRANSCRIPT] appendGT:
[ZOLT TRANSCRIPT]   raw_bytes[0..16]={ 01 00 00 00 00 00 00 00 00 00 00 00 00 00 00 00 }
[ZOLT TRANSCRIPT]   raw_bytes[368..384]={ 00 00 00 00 00 00 00 00 00 00 00 00 00 00 00 00 }
[ZOLT TRANSCRIPT]   reversed[0..16]={ 00 00 00 00 00 00 00 00 00 00 00 00 00 00 00 00 }
[ZOLT TRANSCRIPT]   reversed[368..384]={ 00 00 00 00 00 00 00 00 00 00 00 00 00 00 00 01 }
[ZOLT TRANSCRIPT] appendBytes: len=384, state_before={ 7f 84 39 56 88 a5 5f ee ... }
[ZOLT TRANSCRIPT]   first_8_bytes={ 00 00 00 00 00 00 00 00 }
[ZOLT TRANSCRIPT]   last_8_bytes={ 00 00 00 00 00 00 00 01 }
[ZOLT TRANSCRIPT]   state_after={ b5 ee c6 5f 40 cf 5d 19 ... }
[ZOLT PROVE] Appending Dory commitment 30/37
[ZOLT TRANSCRIPT] appendGT:
[ZOLT TRANSCRIPT]   raw_bytes[0..16]={ 01 00 00 00 00 00 00 00 00 00 00 00 00 00 00 00 }
[ZOLT TRANSCRIPT]   raw_bytes[368..384]={ 00 00 00 00 00 00 00 00 00 00 00 00 00 00 00 00 }
[ZOLT TRANSCRIPT]   reversed[0..16]={ 00 00 00 00 00 00 00 00 00 00 00 00 00 00 00 00 }
[ZOLT TRANSCRIPT]   reversed[368..384]={ 00 00 00 00 00 00 00 00 00 00 00 00 00 00 00 01 }
[ZOLT TRANSCRIPT] appendBytes: len=384, state_before={ b5 ee c6 5f 40 cf 5d 19 ... }
[ZOLT TRANSCRIPT]   first_8_bytes={ 00 00 00 00 00 00 00 00 }
[ZOLT TRANSCRIPT]   last_8_bytes={ 00 00 00 00 00 00 00 01 }
[ZOLT TRANSCRIPT]   state_after={ ec 13 95 a9 e0 5d e3 2f ... }
[ZOLT PROVE] Appending Dory commitment 31/37
[ZOLT TRANSCRIPT] appendGT:
[ZOLT TRANSCRIPT]   raw_bytes[0..16]={ 21 c6 a9 b4 97 2b 64 3a 85 1e 1c cf df 80 4f 45 }
[ZOLT TRANSCRIPT]   raw_bytes[368..384]={ f6 a4 c2 71 5b ee 17 eb 7e 21 f8 f6 e3 f3 c0 14 }
[ZOLT TRANSCRIPT]   reversed[0..16]={ 14 c0 f3 e3 f6 f8 21 7e eb 17 ee 5b 71 c2 a4 f6 }
[ZOLT TRANSCRIPT]   reversed[368..384]={ 45 4f 80 df cf 1c 1e 85 3a 64 2b 97 b4 a9 c6 21 }
[ZOLT TRANSCRIPT] appendBytes: len=384, state_before={ ec 13 95 a9 e0 5d e3 2f ... }
[ZOLT TRANSCRIPT]   first_8_bytes={ 14 c0 f3 e3 f6 f8 21 7e }
[ZOLT TRANSCRIPT]   last_8_bytes={ 3a 64 2b 97 b4 a9 c6 21 }
[ZOLT TRANSCRIPT]   state_after={ c3 fc dc 28 e2 43 9c c4 ... }
[ZOLT PROVE] Appending Dory commitment 32/37
[ZOLT TRANSCRIPT] appendGT:
[ZOLT TRANSCRIPT]   raw_bytes[0..16]={ ac d4 60 ac ba 76 88 54 bc 87 2c 97 2d 8f 27 b9 }
[ZOLT TRANSCRIPT]   raw_bytes[368..384]={ f1 a3 61 34 41 a2 3e 90 4e ca a1 30 23 29 e1 27 }
[ZOLT TRANSCRIPT]   reversed[0..16]={ 27 e1 29 23 30 a1 ca 4e 90 3e a2 41 34 61 a3 f1 }
[ZOLT TRANSCRIPT]   reversed[368..384]={ b9 27 8f 2d 97 2c 87 bc 54 88 76 ba ac 60 d4 ac }
[ZOLT TRANSCRIPT] appendBytes: len=384, state_before={ c3 fc dc 28 e2 43 9c c4 ... }
[ZOLT TRANSCRIPT]   first_8_bytes={ 27 e1 29 23 30 a1 ca 4e }
[ZOLT TRANSCRIPT]   last_8_bytes={ 54 88 76 ba ac 60 d4 ac }
[ZOLT TRANSCRIPT]   state_after={ 0c 24 41 c9 f8 ed e6 ab ... }
[ZOLT PROVE] Appending Dory commitment 33/37
[ZOLT TRANSCRIPT] appendGT:
[ZOLT TRANSCRIPT]   raw_bytes[0..16]={ 0f 8d 41 e3 a4 a1 af 1f b5 ee 6f 52 4a e2 2c f1 }
[ZOLT TRANSCRIPT]   raw_bytes[368..384]={ b1 00 5e 43 a8 39 c1 39 0e b5 66 a1 c9 7b 31 27 }
[ZOLT TRANSCRIPT]   reversed[0..16]={ 27 31 7b c9 a1 66 b5 0e 39 c1 39 a8 43 5e 00 b1 }
[ZOLT TRANSCRIPT]   reversed[368..384]={ f1 2c e2 4a 52 6f ee b5 1f af a1 a4 e3 41 8d 0f }
[ZOLT TRANSCRIPT] appendBytes: len=384, state_before={ 0c 24 41 c9 f8 ed e6 ab ... }
[ZOLT TRANSCRIPT]   first_8_bytes={ 27 31 7b c9 a1 66 b5 0e }
[ZOLT TRANSCRIPT]   last_8_bytes={ 1f af a1 a4 e3 41 8d 0f }
[ZOLT TRANSCRIPT]   state_after={ 41 4b a1 3a be c8 85 5d ... }
[ZOLT PROVE] Appending Dory commitment 34/37
[ZOLT TRANSCRIPT] appendGT:
[ZOLT TRANSCRIPT]   raw_bytes[0..16]={ 3a 14 20 2f ea 86 6c 8a 2a e3 fd 41 e9 44 dc e1 }
[ZOLT TRANSCRIPT]   raw_bytes[368..384]={ a5 d9 03 a0 05 89 cb e3 25 78 0b 54 34 0a fd 1a }
[ZOLT TRANSCRIPT]   reversed[0..16]={ 1a fd 0a 34 54 0b 78 25 e3 cb 89 05 a0 03 d9 a5 }
[ZOLT TRANSCRIPT]   reversed[368..384]={ e1 dc 44 e9 41 fd e3 2a 8a 6c 86 ea 2f 20 14 3a }
[ZOLT TRANSCRIPT] appendBytes: len=384, state_before={ 41 4b a1 3a be c8 85 5d ... }
[ZOLT TRANSCRIPT]   first_8_bytes={ 1a fd 0a 34 54 0b 78 25 }
[ZOLT TRANSCRIPT]   last_8_bytes={ 8a 6c 86 ea 2f 20 14 3a }
[ZOLT TRANSCRIPT]   state_after={ 2c 58 c1 3b 3f 2a 2a ab ... }
[ZOLT PROVE] Appending Dory commitment 35/37
[ZOLT TRANSCRIPT] appendGT:
[ZOLT TRANSCRIPT]   raw_bytes[0..16]={ 01 00 00 00 00 00 00 00 00 00 00 00 00 00 00 00 }
[ZOLT TRANSCRIPT]   raw_bytes[368..384]={ 00 00 00 00 00 00 00 00 00 00 00 00 00 00 00 00 }
[ZOLT TRANSCRIPT]   reversed[0..16]={ 00 00 00 00 00 00 00 00 00 00 00 00 00 00 00 00 }
[ZOLT TRANSCRIPT]   reversed[368..384]={ 00 00 00 00 00 00 00 00 00 00 00 00 00 00 00 01 }
[ZOLT TRANSCRIPT] appendBytes: len=384, state_before={ 2c 58 c1 3b 3f 2a 2a ab ... }
[ZOLT TRANSCRIPT]   first_8_bytes={ 00 00 00 00 00 00 00 00 }
[ZOLT TRANSCRIPT]   last_8_bytes={ 00 00 00 00 00 00 00 01 }
[ZOLT TRANSCRIPT]   state_after={ 33 7d c4 7c 74 c9 53 af ... }
[ZOLT PROVE] Appending Dory commitment 36/37
[ZOLT TRANSCRIPT] appendGT:
[ZOLT TRANSCRIPT]   raw_bytes[0..16]={ 62 b2 66 ab 9f 5b be b3 0a d1 7b 70 df 33 5a c2 }
[ZOLT TRANSCRIPT]   raw_bytes[368..384]={ 8e f8 9e bf 89 dd 24 37 7c 9c 53 d9 c5 62 2f 1e }
[ZOLT TRANSCRIPT]   reversed[0..16]={ 1e 2f 62 c5 d9 53 9c 7c 37 24 dd 89 bf 9e f8 8e }
[ZOLT TRANSCRIPT]   reversed[368..384]={ c2 5a 33 df 70 7b d1 0a b3 be 5b 9f ab 66 b2 62 }
[ZOLT TRANSCRIPT] appendBytes: len=384, state_before={ 33 7d c4 7c 74 c9 53 af ... }
[ZOLT TRANSCRIPT]   first_8_bytes={ 1e 2f 62 c5 d9 53 9c 7c }
[ZOLT TRANSCRIPT]   last_8_bytes={ b3 be 5b 9f ab 66 b2 62 }
[ZOLT TRANSCRIPT]   state_after={ f0 74 ef 8b 11 42 ae d7 ... }
[ZOLT PROVE] Appending Dory commitment 37/37
[ZOLT TRANSCRIPT] appendGT:
[ZOLT TRANSCRIPT]   raw_bytes[0..16]={ fc ed a4 47 69 89 ba 54 be 1f ba 41 c6 80 0c 45 }
[ZOLT TRANSCRIPT]   raw_bytes[368..384]={ 20 92 dc a5 c0 a3 96 11 66 39 b1 59 86 34 a3 08 }
[ZOLT TRANSCRIPT]   reversed[0..16]={ 08 a3 34 86 59 b1 39 66 11 96 a3 c0 a5 dc 92 20 }
[ZOLT TRANSCRIPT]   reversed[368..384]={ 45 0c 80 c6 41 ba 1f be 54 ba 89 69 47 a4 ed fc }
[ZOLT TRANSCRIPT] appendBytes: len=384, state_before={ f0 74 ef 8b 11 42 ae d7 ... }
[ZOLT TRANSCRIPT]   first_8_bytes={ 08 a3 34 86 59 b1 39 66 }
[ZOLT TRANSCRIPT]   last_8_bytes={ 54 ba 89 69 47 a4 ed fc }
[ZOLT TRANSCRIPT]   state_after={ 6f 1e 77 5e 51 c9 f2 fe ... }
[ZOLT PROVE] === Done Appending Commitments ===

[ZOLT PROVE] Deriving tau: num_cycle_vars=8, num_rows_bits=10
[ZOLT PROVE] tau[0] = challengeScalar()
[ZOLT TRANSCRIPT] challengeScalar128Bits: round=45
[ZOLT TRANSCRIPT]   state_before={ 6f 1e 77 5e 51 c9 f2 fe dc 64 bb 74 bf 0e ca 57 88 ba 83 83 b0 5e 3f 7e 3b bc 8d 39 5c c7 85 18 }
[ZOLT TRANSCRIPT]   challenge_bytes={ 80 ae dd c1 b9 14 d3 d3 b4 70 ba 5e 58 3b ee d2 }
[ZOLT TRANSCRIPT]   reversed={ d2 ee 3b 58 5e ba 70 b4 d3 d3 14 b9 c1 dd ae 80 }
[ZOLT TRANSCRIPT]   full_value=0xd2ee3b585eba70b4d3d314b9c1ddae80
[ZOLT TRANSCRIPT]   masked_value=0x12ee3b585eba70b4d3d314b9c1ddae80 (125-bit)
[ZOLT TRANSCRIPT]   result_limbs=[0x0, 0x0, 0xd3d314b9c1ddae80, 0x12ee3b585eba70b4]
[ZOLT PROVE] tau[1] = challengeScalar()
[ZOLT TRANSCRIPT] challengeScalar128Bits: round=46
[ZOLT TRANSCRIPT]   state_before={ 80 ae dd c1 b9 14 d3 d3 b4 70 ba 5e 58 3b ee d2 55 76 34 13 3b 08 77 c3 ec 51 fb d0 63 5c 9b 71 }
[ZOLT TRANSCRIPT]   challenge_bytes={ c9 1d dd 48 d6 e2 45 b6 a7 a2 be b4 e2 70 00 3b }
[ZOLT TRANSCRIPT]   reversed={ 3b 00 70 e2 b4 be a2 a7 b6 45 e2 d6 48 dd 1d c9 }
[ZOLT TRANSCRIPT]   full_value=0x3b0070e2b4bea2a7b645e2d648dd1dc9
[ZOLT TRANSCRIPT]   masked_value=0x1b0070e2b4bea2a7b645e2d648dd1dc9 (125-bit)
[ZOLT TRANSCRIPT]   result_limbs=[0x0, 0x0, 0xb645e2d648dd1dc9, 0x1b0070e2b4bea2a7]
[ZOLT PROVE] tau[2] = challengeScalar()
[ZOLT TRANSCRIPT] challengeScalar128Bits: round=47
[ZOLT TRANSCRIPT]   state_before={ c9 1d dd 48 d6 e2 45 b6 a7 a2 be b4 e2 70 00 3b 23 6f c7 e5 ec b0 67 64 8f 7c 2e 5d 9c e2 09 b5 }
[ZOLT TRANSCRIPT]   challenge_bytes={ 66 84 b8 1c d0 e9 f8 e8 b1 2d a3 f7 7c 74 62 8c }
[ZOLT TRANSCRIPT]   reversed={ 8c 62 74 7c f7 a3 2d b1 e8 f8 e9 d0 1c b8 84 66 }
[ZOLT TRANSCRIPT]   full_value=0x8c62747cf7a32db1e8f8e9d01cb88466
[ZOLT TRANSCRIPT]   masked_value=0xc62747cf7a32db1e8f8e9d01cb88466 (125-bit)
[ZOLT TRANSCRIPT]   result_limbs=[0x0, 0x0, 0xe8f8e9d01cb88466, 0xc62747cf7a32db1]
[ZOLT PROVE] tau[3] = challengeScalar()
[ZOLT TRANSCRIPT] challengeScalar128Bits: round=48
[ZOLT TRANSCRIPT]   state_before={ 66 84 b8 1c d0 e9 f8 e8 b1 2d a3 f7 7c 74 62 8c cc 94 df 32 e5 24 f4 ab 96 62 b9 aa 98 d2 ac da }
[ZOLT TRANSCRIPT]   challenge_bytes={ ad 45 d9 0c 3d a5 6c 68 22 14 15 48 b1 05 82 53 }
[ZOLT TRANSCRIPT]   reversed={ 53 82 05 b1 48 15 14 22 68 6c a5 3d 0c d9 45 ad }
[ZOLT TRANSCRIPT]   full_value=0x538205b148151422686ca53d0cd945ad
[ZOLT TRANSCRIPT]   masked_value=0x138205b148151422686ca53d0cd945ad (125-bit)
[ZOLT TRANSCRIPT]   result_limbs=[0x0, 0x0, 0x686ca53d0cd945ad, 0x138205b148151422]
[ZOLT PROVE] tau[4] = challengeScalar()
[ZOLT TRANSCRIPT] challengeScalar128Bits: round=49
[ZOLT TRANSCRIPT]   state_before={ ad 45 d9 0c 3d a5 6c 68 22 14 15 48 b1 05 82 53 5b a2 cc 77 d6 d3 e8 36 25 9a 47 3c 9f 76 8e 03 }
[ZOLT TRANSCRIPT]   challenge_bytes={ 88 3f 78 a8 5e 31 56 93 c8 04 21 17 ca 07 fe 5f }
[ZOLT TRANSCRIPT]   reversed={ 5f fe 07 ca 17 21 04 c8 93 56 31 5e a8 78 3f 88 }
[ZOLT TRANSCRIPT]   full_value=0x5ffe07ca172104c89356315ea8783f88
[ZOLT TRANSCRIPT]   masked_value=0x1ffe07ca172104c89356315ea8783f88 (125-bit)
[ZOLT TRANSCRIPT]   result_limbs=[0x0, 0x0, 0x9356315ea8783f88, 0x1ffe07ca172104c8]
[ZOLT PROVE] tau[5] = challengeScalar()
[ZOLT TRANSCRIPT] challengeScalar128Bits: round=50
[ZOLT TRANSCRIPT]   state_before={ 88 3f 78 a8 5e 31 56 93 c8 04 21 17 ca 07 fe 5f 1d d3 fb 06 e6 09 74 41 f1 4a 11 0f c1 b5 0e 65 }
[ZOLT TRANSCRIPT]   challenge_bytes={ 42 ac 18 7a 44 ae 00 0a c9 e3 e2 85 53 40 47 8e }
[ZOLT TRANSCRIPT]   reversed={ 8e 47 40 53 85 e2 e3 c9 0a 00 ae 44 7a 18 ac 42 }
[ZOLT TRANSCRIPT]   full_value=0x8e47405385e2e3c90a00ae447a18ac42
[ZOLT TRANSCRIPT]   masked_value=0xe47405385e2e3c90a00ae447a18ac42 (125-bit)
[ZOLT TRANSCRIPT]   result_limbs=[0x0, 0x0, 0xa00ae447a18ac42, 0xe47405385e2e3c9]
[ZOLT PROVE] tau[6] = challengeScalar()
[ZOLT TRANSCRIPT] challengeScalar128Bits: round=51
[ZOLT TRANSCRIPT]   state_before={ 42 ac 18 7a 44 ae 00 0a c9 e3 e2 85 53 40 47 8e ee be 0c 66 b1 84 ca 45 3d 30 39 65 08 3a d1 a2 }
[ZOLT TRANSCRIPT]   challenge_bytes={ a8 09 25 2f 3d 5e 07 8e 3d 96 96 e9 52 28 1a 27 }
[ZOLT TRANSCRIPT]   reversed={ 27 1a 28 52 e9 96 96 3d 8e 07 5e 3d 2f 25 09 a8 }
[ZOLT TRANSCRIPT]   full_value=0x271a2852e996963d8e075e3d2f2509a8
[ZOLT TRANSCRIPT]   masked_value=0x71a2852e996963d8e075e3d2f2509a8 (125-bit)
[ZOLT TRANSCRIPT]   result_limbs=[0x0, 0x0, 0x8e075e3d2f2509a8, 0x71a2852e996963d]
[ZOLT PROVE] tau[7] = challengeScalar()
[ZOLT TRANSCRIPT] challengeScalar128Bits: round=52
[ZOLT TRANSCRIPT]   state_before={ a8 09 25 2f 3d 5e 07 8e 3d 96 96 e9 52 28 1a 27 10 4f f7 77 a9 a6 93 cf 68 9c 02 1d 7e 7b 06 13 }
[ZOLT TRANSCRIPT]   challenge_bytes={ b1 8f c8 61 96 e9 74 9c 40 fa 07 de 1d ee c8 f7 }
[ZOLT TRANSCRIPT]   reversed={ f7 c8 ee 1d de 07 fa 40 9c 74 e9 96 61 c8 8f b1 }
[ZOLT TRANSCRIPT]   full_value=0xf7c8ee1dde07fa409c74e99661c88fb1
[ZOLT TRANSCRIPT]   masked_value=0x17c8ee1dde07fa409c74e99661c88fb1 (125-bit)
[ZOLT TRANSCRIPT]   result_limbs=[0x0, 0x0, 0x9c74e99661c88fb1, 0x17c8ee1dde07fa40]
[ZOLT PROVE] tau[8] = challengeScalar()
[ZOLT TRANSCRIPT] challengeScalar128Bits: round=53
[ZOLT TRANSCRIPT]   state_before={ b1 8f c8 61 96 e9 74 9c 40 fa 07 de 1d ee c8 f7 f0 eb 89 7f 1a bb d7 c4 29 b4 1d 54 ff e8 02 f3 }
[ZOLT TRANSCRIPT]   challenge_bytes={ 36 07 a2 32 2f 5c 4f d5 21 cc 41 05 02 06 42 62 }
[ZOLT TRANSCRIPT]   reversed={ 62 42 06 02 05 41 cc 21 d5 4f 5c 2f 32 a2 07 36 }
[ZOLT TRANSCRIPT]   full_value=0x624206020541cc21d54f5c2f32a20736
[ZOLT TRANSCRIPT]   masked_value=0x24206020541cc21d54f5c2f32a20736 (125-bit)
[ZOLT TRANSCRIPT]   result_limbs=[0x0, 0x0, 0xd54f5c2f32a20736, 0x24206020541cc21]
[ZOLT PROVE] tau[9] = challengeScalar()
[ZOLT TRANSCRIPT] challengeScalar128Bits: round=54
[ZOLT TRANSCRIPT]   state_before={ 36 07 a2 32 2f 5c 4f d5 21 cc 41 05 02 06 42 62 10 3b 1f 72 50 e7 0b 98 5e e7 35 0f bb 80 18 31 }
[ZOLT TRANSCRIPT]   challenge_bytes={ e7 75 a9 eb 58 40 b9 25 a0 03 1f 8b a7 2f e1 87 }
[ZOLT TRANSCRIPT]   reversed={ 87 e1 2f a7 8b 1f 03 a0 25 b9 40 58 eb a9 75 e7 }
[ZOLT TRANSCRIPT]   full_value=0x87e12fa78b1f03a025b94058eba975e7
[ZOLT TRANSCRIPT]   masked_value=0x7e12fa78b1f03a025b94058eba975e7 (125-bit)
[ZOLT TRANSCRIPT]   result_limbs=[0x0, 0x0, 0x25b94058eba975e7, 0x7e12fa78b1f03a0]

[PROOF_CONV] ===== STARTING CONVERT WITH TRANSCRIPT =====
[PROOF_CONV] trace_length=256, ram_K=65536
[STREAMING_OUTER] initWithScaling: tau.len=10
[STREAMING_OUTER] tau_high (limbs) = [0, 0, 25b94058eba975e7, 7e12fa78b1f03a0]
[STREAMING_OUTER] tau[0] (limbs) = [0, 0, d3d314b9c1ddae80, 12ee3b585eba70b4]
[STREAMING_OUTER] lagrange_tau_r0 present = false
[ZOLT UNISKIP_PROOF] Computing UniSkip from witnesses, tau.len=10
[ZOLT UNISKIP_PROOF] uni_poly_coeffs.len = 28
[ZOLT UNISKIP_PROOF] uni_poly_coeffs[0] = { 0, 0, 0, 0, 0, 0, 0, 0, 0, 0, 0, 0, 0, 0, 0, 0, 0, 0, 0, 0, 0, 0, 0, 0, 0, 0, 0, 0, 0, 0, 0, 0 }
[ZOLT UNISKIP_PROOF] uni_poly_coeffs[1] = { 0, 125, 58, 37, 119, 245, 140, 198, 124, 244, 79, 231, 255, 236, 87, 154, 188, 104, 226, 118, 138, 41, 61, 4, 21, 198, 94, 90, 113, 185, 212, 115 }
[ZOLT] STAGE1: tau.len = 10
[ZOLT TRANSCRIPT] appendMessage: "UncompressedUniPoly_begin" (len=25), round=55, state_before=[e7, 75, a9, eb, 58, 40, b9, 25]
[ZOLT TRANSCRIPT]   state_after={ 25 d3 cc 9b 7b 2c 52 54 ... }
[ZOLT TRANSCRIPT] appendBytes: len=32, state_before={ 25 d3 cc 9b 7b 2c 52 54 ... }
[ZOLT TRANSCRIPT]   first_8_bytes={ 00 00 00 00 00 00 00 00 }
[ZOLT TRANSCRIPT]   last_8_bytes={ 00 00 00 00 00 00 00 00 }
[ZOLT TRANSCRIPT]   state_after={ 09 d8 bd 78 97 39 0d fe ... }
[ZOLT TRANSCRIPT] appendBytes: len=32, state_before={ 09 d8 bd 78 97 39 0d fe ... }
[ZOLT TRANSCRIPT]   first_8_bytes={ 00 7d 3a 25 77 f5 8c c6 }
[ZOLT TRANSCRIPT]   last_8_bytes={ 15 c6 5e 5a 71 b9 d4 73 }
[ZOLT TRANSCRIPT]   state_after={ 55 dc 19 e7 bc f6 79 16 ... }
[ZOLT TRANSCRIPT] appendBytes: len=32, state_before={ 55 dc 19 e7 bc f6 79 16 ... }
[ZOLT TRANSCRIPT]   first_8_bytes={ 06 28 2c 1f 2c 74 03 21 }
[ZOLT TRANSCRIPT]   last_8_bytes={ 9c 72 53 26 d8 01 21 9f }
[ZOLT TRANSCRIPT]   state_after={ fc 09 75 30 66 7a cf 66 ... }
[ZOLT TRANSCRIPT] appendBytes: len=32, state_before={ fc 09 75 30 66 7a cf 66 ... }
[ZOLT TRANSCRIPT]   first_8_bytes={ 2f d9 00 03 d1 59 98 20 }
[ZOLT TRANSCRIPT]   last_8_bytes={ 14 df 68 83 71 a9 d8 83 }
[ZOLT TRANSCRIPT]   state_after={ 55 70 7b 7d 10 d5 cb c1 ... }
[ZOLT TRANSCRIPT] appendBytes: len=32, state_before={ 55 70 7b 7d 10 d5 cb c1 ... }
[ZOLT TRANSCRIPT]   first_8_bytes={ 30 3c ab 0a cd be cf a1 }
[ZOLT TRANSCRIPT]   last_8_bytes={ 01 c3 07 04 19 b9 74 14 }
[ZOLT TRANSCRIPT]   state_after={ 52 c5 83 dd de 7f 82 a0 ... }
[ZOLT TRANSCRIPT] appendBytes: len=32, state_before={ 52 c5 83 dd de 7f 82 a0 ... }
[ZOLT TRANSCRIPT]   first_8_bytes={ 29 5d 1e 00 f0 f5 c7 a5 }
[ZOLT TRANSCRIPT]   last_8_bytes={ 10 5c 81 f2 e0 55 61 ff }
[ZOLT TRANSCRIPT]   state_after={ db 12 fd 15 9d 03 ee 56 ... }
[ZOLT TRANSCRIPT] appendBytes: len=32, state_before={ db 12 fd 15 9d 03 ee 56 ... }
[ZOLT TRANSCRIPT]   first_8_bytes={ 13 de eb 80 dc 5e 5b c7 }
[ZOLT TRANSCRIPT]   last_8_bytes={ c1 b0 b6 af 32 4f e1 60 }
[ZOLT TRANSCRIPT]   state_after={ 89 89 ac 01 b4 33 3a ec ... }
[ZOLT TRANSCRIPT] appendBytes: len=32, state_before={ 89 89 ac 01 b4 33 3a ec ... }
[ZOLT TRANSCRIPT]   first_8_bytes={ 09 00 eb 94 02 f1 f6 99 }
[ZOLT TRANSCRIPT]   last_8_bytes={ db 7a cd 13 41 f8 d2 41 }
[ZOLT TRANSCRIPT]   state_after={ bd 23 62 70 ac 33 16 ba ... }
[ZOLT TRANSCRIPT] appendBytes: len=32, state_before={ bd 23 62 70 ac 33 16 ba ... }
[ZOLT TRANSCRIPT]   first_8_bytes={ 18 ab de 79 c1 dc b0 87 }
[ZOLT TRANSCRIPT]   last_8_bytes={ eb 60 cd 40 bc 1f 13 79 }
[ZOLT TRANSCRIPT]   state_after={ 1c ac 24 cc ed d6 bf 81 ... }
[ZOLT TRANSCRIPT] appendBytes: len=32, state_before={ 1c ac 24 cc ed d6 bf 81 ... }
[ZOLT TRANSCRIPT]   first_8_bytes={ 18 99 f8 29 a4 83 8e 1b }
[ZOLT TRANSCRIPT]   last_8_bytes={ 52 95 92 8c 67 40 f4 d8 }
[ZOLT TRANSCRIPT]   state_after={ d0 db 0b b5 2f 4e b2 23 ... }
[ZOLT TRANSCRIPT] appendBytes: len=32, state_before={ d0 db 0b b5 2f 4e b2 23 ... }
[ZOLT TRANSCRIPT]   first_8_bytes={ 0d 54 22 c5 58 c1 50 8a }
[ZOLT TRANSCRIPT]   last_8_bytes={ 3c 2c e2 9f 72 0d bd 26 }
[ZOLT TRANSCRIPT]   state_after={ 8c 8b 25 e8 65 2e 1e 87 ... }
[ZOLT TRANSCRIPT] appendBytes: len=32, state_before={ 8c 8b 25 e8 65 2e 1e 87 ... }
[ZOLT TRANSCRIPT]   first_8_bytes={ 2b 87 f6 2f 20 3b a9 05 }
[ZOLT TRANSCRIPT]   last_8_bytes={ de 9c d6 15 fc 8c 14 a8 }
[ZOLT TRANSCRIPT]   state_after={ 76 10 c2 c4 e3 4e 3d 8d ... }
[ZOLT TRANSCRIPT] appendBytes: len=32, state_before={ 76 10 c2 c4 e3 4e 3d 8d ... }
[ZOLT TRANSCRIPT]   first_8_bytes={ 0c af ac 15 d9 e7 b0 43 }
[ZOLT TRANSCRIPT]   last_8_bytes={ 27 54 c6 3d a3 29 c5 ae }
[ZOLT TRANSCRIPT]   state_after={ 15 25 75 43 a6 75 9d 20 ... }
[ZOLT TRANSCRIPT] appendBytes: len=32, state_before={ 15 25 75 43 a6 75 9d 20 ... }
[ZOLT TRANSCRIPT]   first_8_bytes={ 19 62 91 c4 53 b6 58 72 }
[ZOLT TRANSCRIPT]   last_8_bytes={ 32 c0 a9 4b d3 77 e3 53 }
[ZOLT TRANSCRIPT]   state_after={ cd 79 d8 20 e7 8a 9d 45 ... }
[ZOLT TRANSCRIPT] appendBytes: len=32, state_before={ cd 79 d8 20 e7 8a 9d 45 ... }
[ZOLT TRANSCRIPT]   first_8_bytes={ 03 ab 2c 03 df 81 6b be }
[ZOLT TRANSCRIPT]   last_8_bytes={ c5 06 e4 0a d5 9a 13 50 }
[ZOLT TRANSCRIPT]   state_after={ d6 76 a5 3c 7d b9 b3 20 ... }
[ZOLT TRANSCRIPT] appendBytes: len=32, state_before={ d6 76 a5 3c 7d b9 b3 20 ... }
[ZOLT TRANSCRIPT]   first_8_bytes={ 21 f8 96 35 5a ce 40 e5 }
[ZOLT TRANSCRIPT]   last_8_bytes={ c0 31 f0 4d 5c 4c 7a b5 }
[ZOLT TRANSCRIPT]   state_after={ 27 77 52 74 1f 1e 9f f2 ... }
[ZOLT TRANSCRIPT] appendBytes: len=32, state_before={ 27 77 52 74 1f 1e 9f f2 ... }
[ZOLT TRANSCRIPT]   first_8_bytes={ 08 1a 01 db a9 ad 15 4e }
[ZOLT TRANSCRIPT]   last_8_bytes={ b3 67 60 ab 62 01 c4 c6 }
[ZOLT TRANSCRIPT]   state_after={ b3 6a 88 1c 4d fb 59 8f ... }
[ZOLT TRANSCRIPT] appendBytes: len=32, state_before={ b3 6a 88 1c 4d fb 59 8f ... }
[ZOLT TRANSCRIPT]   first_8_bytes={ 17 0e 77 1d 35 92 5b 9a }
[ZOLT TRANSCRIPT]   last_8_bytes={ 3c da 01 bb b0 89 e3 a2 }
[ZOLT TRANSCRIPT]   state_after={ 0d 14 33 bc 09 28 60 c9 ... }
[ZOLT TRANSCRIPT] appendBytes: len=32, state_before={ 0d 14 33 bc 09 28 60 c9 ... }
[ZOLT TRANSCRIPT]   first_8_bytes={ 24 de 11 30 27 a1 17 d2 }
[ZOLT TRANSCRIPT]   last_8_bytes={ 55 ff f5 1a 2e 9f 47 4f }
[ZOLT TRANSCRIPT]   state_after={ 70 63 6e 02 7d bf ea 51 ... }
[ZOLT TRANSCRIPT] appendBytes: len=32, state_before={ 70 63 6e 02 7d bf ea 51 ... }
[ZOLT TRANSCRIPT]   first_8_bytes={ 13 57 78 51 9f a7 bc b3 }
[ZOLT TRANSCRIPT]   last_8_bytes={ f2 a4 6f 0c 95 c3 44 bb }
[ZOLT TRANSCRIPT]   state_after={ 42 ca 2f d2 da b9 32 75 ... }
[ZOLT TRANSCRIPT] appendBytes: len=32, state_before={ 42 ca 2f d2 da b9 32 75 ... }
[ZOLT TRANSCRIPT]   first_8_bytes={ 0b d4 93 54 11 2c 4c a2 }
[ZOLT TRANSCRIPT]   last_8_bytes={ 3a e0 e9 be 42 b2 54 e2 }
[ZOLT TRANSCRIPT]   state_after={ 2a 9e 45 c1 52 06 e4 cc ... }
[ZOLT TRANSCRIPT] appendBytes: len=32, state_before={ 2a 9e 45 c1 52 06 e4 cc ... }
[ZOLT TRANSCRIPT]   first_8_bytes={ 1f d2 4d 5c dc b4 bc 67 }
[ZOLT TRANSCRIPT]   last_8_bytes={ ac 54 52 92 05 8a 50 7a }
[ZOLT TRANSCRIPT]   state_after={ dd 83 aa 44 eb cf 92 ac ... }
[ZOLT TRANSCRIPT] appendBytes: len=32, state_before={ dd 83 aa 44 eb cf 92 ac ... }
[ZOLT TRANSCRIPT]   first_8_bytes={ 29 f2 6f d5 40 74 8b 17 }
[ZOLT TRANSCRIPT]   last_8_bytes={ a4 95 6f e2 69 b9 ee 44 }
[ZOLT TRANSCRIPT]   state_after={ a3 b4 a4 ec 8e f5 be 1f ... }
[ZOLT TRANSCRIPT] appendBytes: len=32, state_before={ a3 b4 a4 ec 8e f5 be 1f ... }
[ZOLT TRANSCRIPT]   first_8_bytes={ 14 1f e3 92 02 5d 7e fe }
[ZOLT TRANSCRIPT]   last_8_bytes={ 8f bc 31 06 1e 7e 8c 61 }
[ZOLT TRANSCRIPT]   state_after={ 15 7e 31 b7 81 d8 4a fd ... }
[ZOLT TRANSCRIPT] appendBytes: len=32, state_before={ 15 7e 31 b7 81 d8 4a fd ... }
[ZOLT TRANSCRIPT]   first_8_bytes={ 18 99 0b cb 47 c4 89 b7 }
[ZOLT TRANSCRIPT]   last_8_bytes={ dd 97 4e 58 43 2b d6 50 }
[ZOLT TRANSCRIPT]   state_after={ 33 8b ed db 4b 49 86 d1 ... }
[ZOLT TRANSCRIPT] appendBytes: len=32, state_before={ 33 8b ed db 4b 49 86 d1 ... }
[ZOLT TRANSCRIPT]   first_8_bytes={ 22 95 aa 03 84 ef 08 cb }
[ZOLT TRANSCRIPT]   last_8_bytes={ af e5 70 4b 6b 69 7b 07 }
[ZOLT TRANSCRIPT]   state_after={ d8 a4 50 bc 69 cd 17 6c ... }
[ZOLT TRANSCRIPT] appendBytes: len=32, state_before={ d8 a4 50 bc 69 cd 17 6c ... }
[ZOLT TRANSCRIPT]   first_8_bytes={ 26 63 18 ad 31 dd e6 c9 }
[ZOLT TRANSCRIPT]   last_8_bytes={ 5d 07 58 b6 54 cb b9 cb }
[ZOLT TRANSCRIPT]   state_after={ dd 66 b0 8c bd 78 f9 84 ... }
[ZOLT TRANSCRIPT] appendBytes: len=32, state_before={ dd 66 b0 8c bd 78 f9 84 ... }
[ZOLT TRANSCRIPT]   first_8_bytes={ 20 03 4f 25 1f d6 f1 30 }
[ZOLT TRANSCRIPT]   last_8_bytes={ c8 f9 2f d4 10 fd 37 0b }
[ZOLT TRANSCRIPT]   state_after={ a4 cc 4b da 9f b8 fc ed ... }
[ZOLT TRANSCRIPT] appendMessage: "UncompressedUniPoly_end" (len=23), round=84, state_before=[a4, cc, 4b, da, 9f, b8, fc, ed]
[ZOLT TRANSCRIPT]   state_after={ 14 6a 63 4c 41 0c f7 af ... }
[ZOLT TRANSCRIPT] challengeScalar128Bits: round=85
[ZOLT TRANSCRIPT]   state_before={ 14 6a 63 4c 41 0c f7 af de 90 23 99 ec 1b 8a 92 d8 d0 aa 15 4d 29 f1 5d 58 43 92 5c 7a a3 37 5f }
[ZOLT TRANSCRIPT]   challenge_bytes={ 12 8e 4a 6b fb 1a 51 e0 e5 7b 4e 6f ef ba 79 24 }
[ZOLT TRANSCRIPT]   reversed={ 24 79 ba ef 6f 4e 7b e5 e0 51 1a fb 6b 4a 8e 12 }
[ZOLT TRANSCRIPT]   full_value=0x2479baef6f4e7be5e0511afb6b4a8e12
[ZOLT TRANSCRIPT]   masked_value=0x479baef6f4e7be5e0511afb6b4a8e12 (125-bit)
[ZOLT TRANSCRIPT]   result_limbs=[0x0, 0x0, 0xe0511afb6b4a8e12, 0x479baef6f4e7be5]
[STREAMING_OUTER] initWithScaling: tau.len=10
[STREAMING_OUTER] tau_high (limbs) = [0, 0, 25b94058eba975e7, 7e12fa78b1f03a0]
[STREAMING_OUTER] tau[0] (limbs) = [0, 0, d3d314b9c1ddae80, 12ee3b585eba70b4]
[STREAMING_OUTER] lagrange_tau_r0 present = true
[STREAMING_OUTER] lagrange_tau_r0 (limbs) = [2e213f6199a49f6c, 732afefa3c327e25, 26efcbebc01df753, 1c97a6fbe35a69f8]
[ZOLT] STAGE1: uni_skip_claim@SpartanOuter = { 24, 96, 147, 249, 146, 156, 163, 58, 53, 21, 127, 47, 120, 183, 77, 192, 214, 254, 64, 193, 91, 80, 22, 83, 188, 224, 156, 85, 116, 209, 59, 181 }
[ZOLT] computeLagrangeEvalsAtR0: r0 = { 21, 75, 84, 124, 110, 148, 16, 193, 153, 24, 33, 175, 203, 8, 61, 96, 117, 202, 73, 228, 51, 172, 96, 177, 91, 210, 108, 76, 151, 86, 23, 223 }
[ZOLT] computeLagrangeEvalsAtR0: w[0] = { 34, 84, 176, 138, 228, 150, 185, 99, 61, 172, 253, 141, 52, 16, 136, 126, 245, 20, 37, 81, 99, 161, 4, 95, 227, 107, 1, 101, 156, 199, 4, 93 }
[ZOLT] computeLagrangeEvalsAtR0: w[1] = { 24, 159, 23, 176, 90, 147, 149, 107, 8, 13, 84, 249, 204, 197, 41, 114, 171, 30, 30, 119, 206, 65, 231, 22, 142, 84, 230, 30, 76, 8, 87, 179 }
[ZOLT] computeLagrangeEvalsAtR0: w[2] = { 27, 149, 167, 126, 109, 127, 231, 119, 30, 179, 35, 28, 118, 9, 165, 150, 62, 113, 183, 53, 218, 11, 146, 88, 243, 103, 31, 90, 114, 23, 53, 247 }
[ZOLT] computeLagrangeEvalsAtR0: w[3] = { 18, 181, 27, 80, 117, 197, 91, 76, 160, 109, 62, 186, 133, 176, 36, 108, 203, 113, 11, 121, 59, 147, 251, 173, 212, 193, 103, 201, 161, 218, 1, 14 }
[ZOLT] computeLagrangeEvalsAtR0: w[4] = { 31, 170, 104, 180, 221, 217, 226, 125, 231, 151, 114, 255, 232, 240, 216, 175, 71, 16, 200, 183, 11, 146, 180, 239, 11, 38, 132, 26, 250, 25, 6, 36 }
[ZOLT] computeLagrangeEvalsAtR0: w[5] = { 27, 238, 212, 62, 101, 156, 139, 220, 27, 87, 223, 214, 70, 252, 247, 102, 229, 78, 25, 242, 91, 151, 74, 28, 64, 49, 228, 37, 10, 64, 16, 125 }
[ZOLT] computeLagrangeEvalsAtR0: w[6] = { 39, 195, 52, 140, 74, 169, 250, 226, 78, 47, 185, 235, 227, 202, 57, 104, 60, 189, 92, 214, 49, 62, 45, 158, 219, 85, 95, 144, 162, 225, 54, 248 }
[ZOLT] computeLagrangeEvalsAtR0: w[7] = { 34, 154, 9, 216, 154, 83, 194, 166, 174, 236, 198, 81, 30, 102, 236, 164, 176, 84, 82, 15, 74, 21, 242, 240, 40, 120, 132, 66, 2, 42, 245, 139 }
[ZOLT] computeLagrangeEvalsAtR0: w[8] = { 15, 114, 185, 12, 178, 70, 25, 231, 150, 172, 191, 229, 181, 164, 252, 52, 71, 217, 156, 215, 132, 64, 24, 50, 155, 196, 166, 68, 243, 50, 146, 169 }
[ZOLT] computeLagrangeEvalsAtR0: w[9] = { 35, 178, 23, 66, 73, 255, 233, 157, 182, 78, 90, 240, 36, 180, 163, 226, 229, 216, 60, 212, 44, 23, 242, 29, 114, 120, 96, 120, 6, 167, 151, 37 }
[ZOLT] STAGE1: appending uni_skip_claim (cache_openings)
[ZOLT TRANSCRIPT] appendBytes: len=32, state_before={ 12 8e 4a 6b fb 1a 51 e0 ... }
[ZOLT TRANSCRIPT]   first_8_bytes={ 18 60 93 f9 92 9c a3 3a }
[ZOLT TRANSCRIPT]   last_8_bytes={ bc e0 9c 55 74 d1 3b b5 }
[ZOLT TRANSCRIPT]   state_after={ d7 31 8f 59 18 6a 62 4f ... }
[ZOLT TRANSCRIPT] appendBytes: len=32, state_before={ d7 31 8f 59 18 6a 62 4f ... }
[ZOLT TRANSCRIPT]   first_8_bytes={ 18 60 93 f9 92 9c a3 3a }
[ZOLT TRANSCRIPT]   last_8_bytes={ bc e0 9c 55 74 d1 3b b5 }
[ZOLT TRANSCRIPT]   state_after={ 82 96 05 5f ae 0b ce 9e ... }
[ZOLT TRANSCRIPT] challengeScalarFull: round=88
[ZOLT TRANSCRIPT]   standard_limbs=[0xdd62f89c746b019a, 0xa14b95fcbd4e5b4c, 0, 0]
[ZOLT TRANSCRIPT]   mont_result=[0x4683ab9c315120fd, 0x65bea0460a438566, 0x3bbee39a62882c39, 0xfa5a7793961aec]
[ZOLT TRANSCRIPT]   canonical_value=0xa14b95fcbd4e5b4cdd62f89c746b019a
[ZOLT] STAGE1: batching_coeff = { 0, 0, 0, 0, 0, 0, 0, 0, 0, 0, 0, 0, 0, 0, 0, 0, 161, 75, 149, 252, 189, 78, 91, 76, 221, 98, 248, 156, 116, 107, 1, 154 }
[ZOLT] STAGE1_INITIAL: claim = { 254, 42, 176, 4, 225, 54, 201, 23, 187, 250, 176, 156, 47, 150, 198, 220, 27, 105, 69, 55, 33, 149, 240, 199, 167, 81, 93, 199, 216, 218, 95, 25 }
[GRUEN ROUND 9] q(0) = { 25, 231, 194, 253, 65, 215, 174, 179, 84, 223, 188, 186, 11, 19, 185, 17, 110, 180, 169, 229, 56, 5, 38, 239, 24, 101, 235, 233, 84, 161, 221, 31 }
[GRUEN ROUND 9] q(1) = { 45, 121, 70, 166, 251, 41, 180, 204, 186, 155, 63, 234, 89, 82, 177, 195, 55, 113, 47, 231, 196, 179, 174, 255, 235, 224, 134, 72, 91, 55, 17, 15 }
[GRUEN ROUND 9] previous_claim = { 24, 96, 147, 249, 146, 156, 163, 58, 53, 21, 127, 47, 120, 183, 77, 192, 214, 254, 64, 193, 91, 80, 22, 83, 188, 224, 156, 85, 116, 209, 59, 181 }
[ZOLT] STAGE1_ROUND_0: c0 = { 213, 211, 5, 124, 218, 220, 89, 244, 157, 153, 188, 62, 77, 110, 108, 84, 76, 191, 21, 237, 210, 122, 138, 247, 49, 11, 60, 254, 248, 11, 161, 33 }
[ZOLT] STAGE1_ROUND_0: c2 = { 241, 130, 40, 152, 24, 236, 176, 210, 72, 26, 148, 228, 2, 238, 124, 170, 120, 48, 37, 153, 124, 177, 142, 190, 6, 66, 11, 214, 250, 221, 0, 25 }
[ZOLT] STAGE1_ROUND_0: c3 = { 237, 29, 128, 37, 84, 231, 214, 52, 55, 137, 80, 231, 194, 84, 134, 169, 76, 98, 127, 102, 79, 99, 150, 83, 180, 67, 90, 131, 91, 81, 98, 31 }
[ZOLT TRANSCRIPT] appendMessage: "UniPoly_begin" (len=13), round=89, state_before=[a1, 4b, 95, fc, bd, 4e, 5b, 4c]
[ZOLT TRANSCRIPT]   state_after={ ab 6d 1b 2a 33 23 06 5f ... }
[ZOLT TRANSCRIPT] appendBytes: len=32, state_before={ ab 6d 1b 2a 33 23 06 5f ... }
[ZOLT TRANSCRIPT]   first_8_bytes={ 21 a1 0b f8 fe 3c 0b 31 }
[ZOLT TRANSCRIPT]   last_8_bytes={ f4 59 dc da 7c 05 d3 d5 }
[ZOLT TRANSCRIPT]   state_after={ c8 b8 2f c8 a5 cb 93 bf ... }
[ZOLT TRANSCRIPT] appendBytes: len=32, state_before={ c8 b8 2f c8 a5 cb 93 bf ... }
[ZOLT TRANSCRIPT]   first_8_bytes={ 19 00 dd fa d6 0b 42 06 }
[ZOLT TRANSCRIPT]   last_8_bytes={ d2 b0 ec 18 98 28 82 f1 }
[ZOLT TRANSCRIPT]   state_after={ ad 89 45 b6 ef 81 87 f6 ... }
[ZOLT TRANSCRIPT] appendBytes: len=32, state_before={ ad 89 45 b6 ef 81 87 f6 ... }
[ZOLT TRANSCRIPT]   first_8_bytes={ 1f 62 51 5b 83 5a 43 b4 }
[ZOLT TRANSCRIPT]   last_8_bytes={ 34 d6 e7 54 25 80 1d ed }
[ZOLT TRANSCRIPT]   state_after={ 83 d1 7e 01 23 10 92 8b ... }
[ZOLT TRANSCRIPT] appendMessage: "UniPoly_end" (len=11), round=93, state_before=[83, d1, 7e, 01, 23, 10, 92, 8b]
[ZOLT TRANSCRIPT]   state_after={ 11 91 ad 1b f7 20 d2 bc ... }
[ZOLT TRANSCRIPT] challengeScalar128Bits: round=94
[ZOLT TRANSCRIPT]   state_before={ 11 91 ad 1b f7 20 d2 bc 58 ed 6a 77 45 7b 1c 32 51 04 54 bd 96 91 ac aa 24 20 1f d8 22 35 d6 9f }
[ZOLT TRANSCRIPT]   challenge_bytes={ 4e fc b7 52 38 55 9a e7 61 35 d9 6e 4e f4 91 98 }
[ZOLT TRANSCRIPT]   reversed={ 98 91 f4 4e 6e d9 35 61 e7 9a 55 38 52 b7 fc 4e }
[ZOLT TRANSCRIPT]   full_value=0x9891f44e6ed93561e79a553852b7fc4e
[ZOLT TRANSCRIPT]   masked_value=0x1891f44e6ed93561e79a553852b7fc4e (125-bit)
[ZOLT TRANSCRIPT]   result_limbs=[0x0, 0x0, 0xe79a553852b7fc4e, 0x1891f44e6ed93561]
[ZOLT] STAGE1_ROUND_0: challenge = { 56, 63, 154, 144, 121, 158, 76, 102, 84, 33, 93, 123, 169, 58, 183, 19, 255, 225, 80, 248, 34, 32, 167, 47, 5, 217, 167, 169, 171, 171, 67, 15 }
[GRUEN ROUND 8] q(0) = { 28, 166, 30, 101, 243, 73, 33, 197, 206, 7, 140, 49, 206, 232, 185, 79, 188, 129, 66, 138, 123, 52, 211, 90, 90, 34, 173, 123, 2, 73, 100, 232 }
[GRUEN ROUND 8] q(1) = { 41, 30, 38, 57, 175, 184, 76, 176, 223, 191, 251, 102, 22, 137, 9, 143, 218, 177, 176, 62, 4, 6, 238, 6, 165, 178, 213, 157, 168, 206, 80, 255 }
[GRUEN ROUND 8] previous_claim = { 43, 174, 36, 95, 169, 94, 37, 205, 94, 110, 231, 201, 19, 183, 200, 138, 22, 178, 78, 4, 74, 204, 237, 17, 149, 89, 223, 33, 49, 49, 60, 149 }
[ZOLT] STAGE1_ROUND_1: c0 = { 157, 220, 204, 124, 186, 138, 38, 165, 217, 213, 55, 226, 151, 237, 229, 147, 168, 235, 216, 209, 176, 174, 134, 54, 213, 237, 40, 221, 63, 236, 75, 18 }
[ZOLT] STAGE1_ROUND_1: c2 = { 180, 209, 67, 147, 162, 153, 93, 44, 8, 79, 151, 61, 126, 83, 184, 151, 157, 122, 238, 92, 229, 191, 77, 174, 63, 52, 233, 69, 52, 20, 183, 24 }
[ZOLT] STAGE1_ROUND_1: c3 = { 129, 212, 175, 213, 156, 238, 98, 32, 15, 82, 238, 10, 196, 140, 226, 196, 222, 148, 17, 145, 42, 159, 52, 33, 156, 121, 195, 80, 121, 30, 93, 15 }
[ZOLT TRANSCRIPT] appendMessage: "UniPoly_begin" (len=13), round=95, state_before=[4e, fc, b7, 52, 38, 55, 9a, e7]
[ZOLT TRANSCRIPT]   state_after={ 23 a0 53 7a bf 70 b5 47 ... }
[ZOLT TRANSCRIPT] appendBytes: len=32, state_before={ 23 a0 53 7a bf 70 b5 47 ... }
[ZOLT TRANSCRIPT]   first_8_bytes={ 12 4b ec 3f dd 28 ed d5 }
[ZOLT TRANSCRIPT]   last_8_bytes={ a5 26 8a ba 7c cc dc 9d }
[ZOLT TRANSCRIPT]   state_after={ 64 e4 8c 8c e0 49 ac 8c ... }
[ZOLT TRANSCRIPT] appendBytes: len=32, state_before={ 64 e4 8c 8c e0 49 ac 8c ... }
[ZOLT TRANSCRIPT]   first_8_bytes={ 18 b7 14 34 45 e9 34 3f }
[ZOLT TRANSCRIPT]   last_8_bytes={ 2c 5d 99 a2 93 43 d1 b4 }
[ZOLT TRANSCRIPT]   state_after={ 3c a5 db 91 e6 db 3d e9 ... }
[ZOLT TRANSCRIPT] appendBytes: len=32, state_before={ 3c a5 db 91 e6 db 3d e9 ... }
[ZOLT TRANSCRIPT]   first_8_bytes={ 0f 5d 1e 79 50 c3 79 9c }
[ZOLT TRANSCRIPT]   last_8_bytes={ 20 62 ee 9c d5 af d4 81 }
[ZOLT TRANSCRIPT]   state_after={ 28 c0 b6 d9 11 d0 60 fb ... }
[ZOLT TRANSCRIPT] appendMessage: "UniPoly_end" (len=11), round=99, state_before=[28, c0, b6, d9, 11, d0, 60, fb]
[ZOLT TRANSCRIPT]   state_after={ e1 0a 35 07 77 3e 4d 80 ... }
[ZOLT TRANSCRIPT] challengeScalar128Bits: round=100
[ZOLT TRANSCRIPT]   state_before={ e1 0a 35 07 77 3e 4d 80 eb 1e 9b 31 61 e7 79 26 79 2b a1 9a 25 a1 87 45 2f cf 70 86 36 25 c6 f3 }
[ZOLT TRANSCRIPT]   challenge_bytes={ b4 99 39 e8 b1 52 e9 ac 04 ed 3d 07 0d 23 4a bd }
[ZOLT TRANSCRIPT]   reversed={ bd 4a 23 0d 07 3d ed 04 ac e9 52 b1 e8 39 99 b4 }
[ZOLT TRANSCRIPT]   full_value=0xbd4a230d073ded04ace952b1e83999b4
[ZOLT TRANSCRIPT]   masked_value=0x1d4a230d073ded04ace952b1e83999b4 (125-bit)
[ZOLT TRANSCRIPT]   result_limbs=[0x0, 0x0, 0xace952b1e83999b4, 0x1d4a230d073ded04]
[ZOLT] STAGE1_ROUND_1: challenge = { 68, 21, 244, 143, 82, 252, 111, 10, 150, 34, 24, 44, 243, 75, 55, 168, 14, 192, 229, 146, 2, 123, 61, 186, 247, 248, 89, 137, 8, 47, 39, 8 }
[GRUEN ROUND 7] q(0) = { 31, 100, 19, 196, 32, 243, 108, 58, 98, 195, 212, 150, 183, 147, 178, 129, 124, 29, 49, 48, 111, 129, 19, 101, 19, 114, 163, 170, 4, 76, 119, 120 }
[GRUEN ROUND 7] q(1) = { 1, 29, 228, 120, 156, 6, 49, 51, 48, 218, 194, 200, 35, 123, 127, 224, 55, 175, 228, 155, 243, 156, 13, 168, 32, 188, 121, 213, 82, 169, 18, 216 }
[GRUEN ROUND 7] previous_claim = { 23, 113, 100, 21, 153, 95, 186, 21, 126, 16, 235, 23, 46, 170, 199, 147, 73, 67, 17, 228, 13, 103, 74, 159, 19, 219, 12, 62, 86, 217, 17, 77 }
[ZOLT] STAGE1_ROUND_2: c0 = { 144, 194, 1, 11, 1, 50, 224, 131, 53, 233, 126, 228, 20, 211, 175, 119, 47, 14, 51, 235, 119, 65, 214, 178, 37, 21, 76, 157, 141, 165, 130, 10 }
[ZOLT] STAGE1_ROUND_2: c2 = { 227, 153, 40, 221, 52, 12, 4, 179, 10, 169, 126, 114, 73, 227, 98, 89, 4, 100, 179, 37, 242, 137, 9, 149, 22, 208, 41, 15, 243, 141, 47, 33 }
[ZOLT] STAGE1_ROUND_2: c3 = { 185, 146, 209, 83, 217, 214, 92, 199, 0, 71, 212, 221, 26, 39, 132, 229, 216, 106, 84, 164, 32, 76, 172, 133, 107, 54, 250, 219, 157, 13, 161, 24 }
[ZOLT TRANSCRIPT] appendMessage: "UniPoly_begin" (len=13), round=101, state_before=[b4, 99, 39, e8, b1, 52, e9, ac]
[ZOLT TRANSCRIPT]   state_after={ 02 71 da d8 54 29 7c 52 ... }
[ZOLT TRANSCRIPT] appendBytes: len=32, state_before={ 02 71 da d8 54 29 7c 52 ... }
[ZOLT TRANSCRIPT]   first_8_bytes={ 0a 82 a5 8d 9d 4c 15 25 }
[ZOLT TRANSCRIPT]   last_8_bytes={ 83 e0 32 01 0b 01 c2 90 }
[ZOLT TRANSCRIPT]   state_after={ ef 75 83 46 59 69 97 bc ... }
[ZOLT TRANSCRIPT] appendBytes: len=32, state_before={ ef 75 83 46 59 69 97 bc ... }
[ZOLT TRANSCRIPT]   first_8_bytes={ 21 2f 8d f3 0f 29 d0 16 }
[ZOLT TRANSCRIPT]   last_8_bytes={ b3 04 0c 34 dd 28 99 e3 }
[ZOLT TRANSCRIPT]   state_after={ 43 06 47 2e a7 fc 48 17 ... }
[ZOLT TRANSCRIPT] appendBytes: len=32, state_before={ 43 06 47 2e a7 fc 48 17 ... }
[ZOLT TRANSCRIPT]   first_8_bytes={ 18 a1 0d 9d db fa 36 6b }
[ZOLT TRANSCRIPT]   last_8_bytes={ c7 5c d6 d9 53 d1 92 b9 }
[ZOLT TRANSCRIPT]   state_after={ 11 61 cf f9 cf 18 ab d8 ... }
[ZOLT TRANSCRIPT] appendMessage: "UniPoly_end" (len=11), round=105, state_before=[11, 61, cf, f9, cf, 18, ab, d8]
[ZOLT TRANSCRIPT]   state_after={ 8b 68 ed 42 69 d7 e2 87 ... }
[ZOLT TRANSCRIPT] challengeScalar128Bits: round=106
[ZOLT TRANSCRIPT]   state_before={ 8b 68 ed 42 69 d7 e2 87 7a 48 75 56 33 39 13 89 b4 11 5c 5e a1 85 5b 30 a1 cc 40 23 e4 26 11 f9 }
[ZOLT TRANSCRIPT]   challenge_bytes={ 71 ac 33 a7 ad 6d 86 3b 94 37 a0 03 2e dd f4 a9 }
[ZOLT TRANSCRIPT]   reversed={ a9 f4 dd 2e 03 a0 37 94 3b 86 6d ad a7 33 ac 71 }
[ZOLT TRANSCRIPT]   full_value=0xa9f4dd2e03a037943b866dada733ac71
[ZOLT TRANSCRIPT]   masked_value=0x9f4dd2e03a037943b866dada733ac71 (125-bit)
[ZOLT TRANSCRIPT]   result_limbs=[0x0, 0x0, 0x3b866dada733ac71, 0x9f4dd2e03a03794]
[ZOLT] STAGE1_ROUND_2: challenge = { 11, 182, 219, 230, 155, 40, 95, 1, 143, 168, 52, 99, 147, 81, 166, 114, 125, 134, 116, 154, 8, 181, 127, 237, 250, 17, 98, 21, 185, 112, 228, 31 }
[GRUEN ROUND 6] q(0) = { 43, 28, 71, 94, 180, 143, 28, 100, 216, 148, 120, 169, 18, 213, 172, 253, 186, 57, 10, 35, 117, 134, 205, 249, 127, 108, 225, 136, 44, 118, 179, 87 }
[GRUEN ROUND 6] q(1) = { 15, 51, 39, 254, 126, 2, 188, 79, 168, 87, 136, 111, 42, 113, 162, 0, 155, 128, 251, 184, 170, 133, 17, 156, 15, 199, 100, 147, 152, 87, 59, 83 }
[GRUEN ROUND 6] previous_claim = { 2, 221, 189, 113, 170, 149, 188, 203, 27, 182, 63, 122, 244, 46, 110, 3, 45, 10, 19, 115, 111, 212, 222, 124, 95, 217, 92, 246, 0, 21, 195, 21 }
[ZOLT] STAGE1_ROUND_3: c0 = { 245, 42, 76, 61, 229, 243, 78, 84, 168, 3, 157, 229, 113, 23, 173, 209, 192, 83, 115, 94, 55, 158, 100, 183, 121, 27, 47, 235, 114, 195, 78, 4 }
[ZOLT] STAGE1_ROUND_3: c2 = { 50, 226, 85, 160, 5, 4, 138, 180, 7, 252, 113, 56, 250, 78, 94, 108, 137, 82, 166, 56, 71, 232, 81, 174, 184, 144, 14, 231, 129, 99, 125, 8 }
[ZOLT] STAGE1_ROUND_3: c3 = { 129, 209, 73, 184, 156, 159, 167, 80, 115, 145, 186, 156, 63, 41, 61, 150, 105, 84, 163, 174, 206, 225, 46, 166, 68, 158, 20, 234, 250, 28, 131, 14 }
[ZOLT TRANSCRIPT] appendMessage: "UniPoly_begin" (len=13), round=107, state_before=[71, ac, 33, a7, ad, 6d, 86, 3b]
[ZOLT TRANSCRIPT]   state_after={ ca 4f b7 28 84 40 44 6f ... }
[ZOLT TRANSCRIPT] appendBytes: len=32, state_before={ ca 4f b7 28 84 40 44 6f ... }
[ZOLT TRANSCRIPT]   first_8_bytes={ 04 4e c3 72 eb 2f 1b 79 }
[ZOLT TRANSCRIPT]   last_8_bytes={ 54 4e f3 e5 3d 4c 2a f5 }
[ZOLT TRANSCRIPT]   state_after={ f0 8f 67 df 33 76 7a 38 ... }
[ZOLT TRANSCRIPT] appendBytes: len=32, state_before={ f0 8f 67 df 33 76 7a 38 ... }
[ZOLT TRANSCRIPT]   first_8_bytes={ 08 7d 63 81 e7 0e 90 b8 }
[ZOLT TRANSCRIPT]   last_8_bytes={ b4 8a 04 05 a0 55 e2 32 }
[ZOLT TRANSCRIPT]   state_after={ ef a7 72 93 ec 4f 8a 44 ... }
[ZOLT TRANSCRIPT] appendBytes: len=32, state_before={ ef a7 72 93 ec 4f 8a 44 ... }
[ZOLT TRANSCRIPT]   first_8_bytes={ 0e 83 1c fa ea 14 9e 44 }
[ZOLT TRANSCRIPT]   last_8_bytes={ 50 a7 9f 9c b8 49 d1 81 }
[ZOLT TRANSCRIPT]   state_after={ 10 f7 39 45 a5 d0 3f 69 ... }
[ZOLT TRANSCRIPT] appendMessage: "UniPoly_end" (len=11), round=111, state_before=[10, f7, 39, 45, a5, d0, 3f, 69]
[ZOLT TRANSCRIPT]   state_after={ 8e 7e 08 50 de 1c dc 40 ... }
[ZOLT TRANSCRIPT] challengeScalar128Bits: round=112
[ZOLT TRANSCRIPT]   state_before={ 8e 7e 08 50 de 1c dc 40 ee 75 d0 68 5c cb 34 99 51 d7 2a c6 9c 3c 18 da 15 0f c4 4f 2f 7a 10 7f }
[ZOLT TRANSCRIPT]   challenge_bytes={ 08 51 e0 e8 e9 0f a2 be 48 87 a0 2d c7 8a cd 26 }
[ZOLT TRANSCRIPT]   reversed={ 26 cd 8a c7 2d a0 87 48 be a2 0f e9 e8 e0 51 08 }
[ZOLT TRANSCRIPT]   full_value=0x26cd8ac72da08748bea20fe9e8e05108
[ZOLT TRANSCRIPT]   masked_value=0x6cd8ac72da08748bea20fe9e8e05108 (125-bit)
[ZOLT TRANSCRIPT]   result_limbs=[0x0, 0x0, 0xbea20fe9e8e05108, 0x6cd8ac72da08748]
[ZOLT] STAGE1_ROUND_3: challenge = { 49, 8, 11, 49, 179, 45, 33, 241, 122, 180, 9, 94, 232, 222, 46, 120, 24, 72, 15, 244, 3, 157, 104, 94, 206, 250, 37, 181, 209, 44, 182, 38 }
[GRUEN ROUND 5] q(0) = { 41, 115, 213, 47, 131, 243, 101, 135, 204, 81, 14, 159, 63, 184, 201, 24, 162, 39, 140, 41, 178, 15, 3, 195, 51, 133, 47, 161, 83, 201, 47, 226 }
[GRUEN ROUND 5] q(1) = { 36, 187, 254, 146, 56, 37, 137, 118, 8, 104, 64, 79, 239, 150, 44, 16, 34, 42, 218, 116, 173, 165, 91, 182, 123, 155, 246, 166, 5, 76, 51, 207 }
[GRUEN ROUND 5] previous_claim = { 36, 10, 49, 114, 72, 59, 81, 113, 50, 176, 134, 54, 42, 11, 12, 49, 223, 116, 115, 152, 201, 49, 104, 197, 70, 94, 2, 41, 168, 136, 154, 207 }
[ZOLT] STAGE1_ROUND_4: c0 = { 49, 9, 23, 147, 225, 20, 102, 200, 179, 45, 65, 165, 167, 76, 30, 116, 222, 203, 110, 240, 220, 120, 53, 103, 65, 225, 159, 149, 96, 164, 108, 35 }
[ZOLT] STAGE1_ROUND_4: c2 = { 108, 21, 220, 80, 75, 165, 80, 105, 75, 235, 5, 94, 152, 108, 54, 207, 244, 178, 7, 169, 24, 169, 19, 56, 7, 201, 24, 25, 47, 53, 100, 13 }
[ZOLT] STAGE1_ROUND_4: c3 = { 24, 183, 60, 222, 43, 50, 7, 103, 154, 88, 59, 232, 6, 201, 183, 64, 65, 73, 224, 26, 167, 94, 241, 195, 58, 0, 197, 159, 218, 47, 198, 40 }
[ZOLT TRANSCRIPT] appendMessage: "UniPoly_begin" (len=13), round=113, state_before=[08, 51, e0, e8, e9, 0f, a2, be]
[ZOLT TRANSCRIPT]   state_after={ 51 f4 49 e8 4d a1 46 e5 ... }
[ZOLT TRANSCRIPT] appendBytes: len=32, state_before={ 51 f4 49 e8 4d a1 46 e5 ... }
[ZOLT TRANSCRIPT]   first_8_bytes={ 23 6c a4 60 95 9f e1 41 }
[ZOLT TRANSCRIPT]   last_8_bytes={ c8 66 14 e1 93 17 09 31 }
[ZOLT TRANSCRIPT]   state_after={ e7 bd bd d8 54 5d a7 aa ... }
[ZOLT TRANSCRIPT] appendBytes: len=32, state_before={ e7 bd bd d8 54 5d a7 aa ... }
[ZOLT TRANSCRIPT]   first_8_bytes={ 0d 64 35 2f 19 18 c9 07 }
[ZOLT TRANSCRIPT]   last_8_bytes={ 69 50 a5 4b 50 dc 15 6c }
[ZOLT TRANSCRIPT]   state_after={ 51 bd 7f eb 10 91 d3 0c ... }
[ZOLT TRANSCRIPT] appendBytes: len=32, state_before={ 51 bd 7f eb 10 91 d3 0c ... }
[ZOLT TRANSCRIPT]   first_8_bytes={ 28 c6 2f da 9f c5 00 3a }
[ZOLT TRANSCRIPT]   last_8_bytes={ 67 07 32 2b de 3c b7 18 }
[ZOLT TRANSCRIPT]   state_after={ f3 c6 d9 57 d2 97 f0 3a ... }
[ZOLT TRANSCRIPT] appendMessage: "UniPoly_end" (len=11), round=117, state_before=[f3, c6, d9, 57, d2, 97, f0, 3a]
[ZOLT TRANSCRIPT]   state_after={ b2 5d b4 96 6a 75 fa 6f ... }
[ZOLT TRANSCRIPT] challengeScalar128Bits: round=118
[ZOLT TRANSCRIPT]   state_before={ b2 5d b4 96 6a 75 fa 6f 01 b2 d9 b7 20 58 08 2d 8c 4b c8 42 4f 49 62 29 da a7 8e d0 33 93 21 22 }
[ZOLT TRANSCRIPT]   challenge_bytes={ 21 a9 99 78 60 0e fb fc 2e bb 0f 90 13 8d 20 4d }
[ZOLT TRANSCRIPT]   reversed={ 4d 20 8d 13 90 0f bb 2e fc fb 0e 60 78 99 a9 21 }
[ZOLT TRANSCRIPT]   full_value=0x4d208d13900fbb2efcfb0e607899a921
[ZOLT TRANSCRIPT]   masked_value=0xd208d13900fbb2efcfb0e607899a921 (125-bit)
[ZOLT TRANSCRIPT]   result_limbs=[0x0, 0x0, 0xfcfb0e607899a921, 0xd208d13900fbb2e]
[ZOLT] STAGE1_ROUND_4: challenge = { 212, 38, 187, 147, 132, 196, 194, 80, 210, 64, 233, 41, 67, 49, 26, 185, 69, 76, 233, 8, 120, 231, 11, 189, 102, 104, 156, 30, 247, 208, 18, 29 }
[GRUEN ROUND 4] q(0) = { 2, 233, 110, 123, 150, 94, 249, 247, 250, 117, 125, 198, 88, 41, 165, 142, 232, 175, 96, 22, 204, 57, 178, 49, 105, 54, 195, 28, 111, 8, 5, 239 }
[GRUEN ROUND 4] q(1) = { 14, 209, 238, 243, 66, 250, 206, 197, 125, 194, 142, 230, 71, 115, 79, 80, 218, 181, 217, 148, 146, 109, 8, 139, 92, 108, 95, 104, 141, 58, 25, 23 }
[GRUEN ROUND 4] previous_claim = { 2, 214, 238, 240, 57, 191, 127, 240, 130, 169, 59, 64, 236, 192, 238, 78, 171, 38, 171, 62, 240, 238, 14, 46, 234, 18, 174, 68, 120, 60, 0, 70 }
[ZOLT] STAGE1_ROUND_5: c0 = { 139, 104, 116, 239, 200, 222, 67, 198, 38, 215, 3, 170, 213, 32, 37, 114, 61, 158, 141, 84, 246, 253, 249, 179, 71, 148, 164, 65, 69, 136, 224, 40 }
[ZOLT] STAGE1_ROUND_5: c2 = { 151, 10, 239, 84, 65, 185, 139, 92, 2, 238, 40, 88, 166, 229, 190, 98, 244, 54, 254, 164, 31, 134, 188, 137, 146, 159, 244, 37, 138, 159, 80, 42 }
[ZOLT] STAGE1_ROUND_5: c3 = { 196, 151, 159, 72, 159, 161, 54, 190, 162, 15, 194, 248, 65, 54, 53, 59, 220, 43, 155, 83, 115, 196, 99, 90, 152, 246, 50, 246, 171, 45, 232, 23 }
[ZOLT TRANSCRIPT] appendMessage: "UniPoly_begin" (len=13), round=119, state_before=[21, a9, 99, 78, 60, 0e, fb, fc]
[ZOLT TRANSCRIPT]   state_after={ a8 b4 75 1d be d4 03 7a ... }
[ZOLT TRANSCRIPT] appendBytes: len=32, state_before={ a8 b4 75 1d be d4 03 7a ... }
[ZOLT TRANSCRIPT]   first_8_bytes={ 28 e0 88 45 41 a4 94 47 }
[ZOLT TRANSCRIPT]   last_8_bytes={ c6 43 de c8 ef 74 68 8b }
[ZOLT TRANSCRIPT]   state_after={ e5 79 ab 2c 91 57 91 d2 ... }
[ZOLT TRANSCRIPT] appendBytes: len=32, state_before={ e5 79 ab 2c 91 57 91 d2 ... }
[ZOLT TRANSCRIPT]   first_8_bytes={ 2a 50 9f 8a 25 f4 9f 92 }
[ZOLT TRANSCRIPT]   last_8_bytes={ 5c 8b b9 41 54 ef 0a 97 }
[ZOLT TRANSCRIPT]   state_after={ 8b 42 a5 9c 22 b1 26 82 ... }
[ZOLT TRANSCRIPT] appendBytes: len=32, state_before={ 8b 42 a5 9c 22 b1 26 82 ... }
[ZOLT TRANSCRIPT]   first_8_bytes={ 17 e8 2d ab f6 32 f6 98 }
[ZOLT TRANSCRIPT]   last_8_bytes={ be 36 a1 9f 48 9f 97 c4 }
[ZOLT TRANSCRIPT]   state_after={ 62 39 7f 52 15 f2 2d f4 ... }
[ZOLT TRANSCRIPT] appendMessage: "UniPoly_end" (len=11), round=123, state_before=[62, 39, 7f, 52, 15, f2, 2d, f4]
[ZOLT TRANSCRIPT]   state_after={ 3a 3d 58 f8 67 43 2b e6 ... }
[ZOLT TRANSCRIPT] challengeScalar128Bits: round=124
[ZOLT TRANSCRIPT]   state_before={ 3a 3d 58 f8 67 43 2b e6 92 5f f3 f8 5e c2 e1 2d cd f0 ea 88 1f 21 d4 53 3b 25 57 5c 5e bf 31 06 }
[ZOLT TRANSCRIPT]   challenge_bytes={ cb 4e 26 17 e3 20 1a 1f 25 5f 6d 72 6d 59 73 99 }
[ZOLT TRANSCRIPT]   reversed={ 99 73 59 6d 72 6d 5f 25 1f 1a 20 e3 17 26 4e cb }
[ZOLT TRANSCRIPT]   full_value=0x9973596d726d5f251f1a20e317264ecb
[ZOLT TRANSCRIPT]   masked_value=0x1973596d726d5f251f1a20e317264ecb (125-bit)
[ZOLT TRANSCRIPT]   result_limbs=[0x0, 0x0, 0x1f1a20e317264ecb, 0x1973596d726d5f25]
[ZOLT] STAGE1_ROUND_5: challenge = { 79, 176, 15, 253, 140, 160, 180, 245, 24, 143, 44, 13, 196, 229, 181, 127, 186, 85, 142, 237, 178, 252, 141, 70, 24, 112, 160, 169, 139, 35, 119, 9 }
[GRUEN ROUND 3] q(0) = { 17, 245, 111, 237, 82, 133, 170, 53, 235, 59, 132, 116, 147, 149, 197, 239, 191, 64, 22, 9, 203, 165, 26, 0, 60, 120, 13, 110, 163, 214, 158, 164 }
[GRUEN ROUND 3] q(1) = { 12, 189, 245, 82, 105, 225, 81, 48, 54, 240, 166, 97, 251, 201, 227, 143, 237, 132, 255, 156, 166, 89, 13, 126, 33, 232, 47, 212, 66, 162, 125, 71 }
[GRUEN ROUND 3] previous_claim = { 47, 40, 87, 104, 175, 172, 133, 177, 53, 141, 119, 196, 111, 231, 235, 28, 21, 124, 163, 193, 52, 44, 192, 242, 194, 122, 174, 227, 225, 107, 205, 47 }
[ZOLT] STAGE1_ROUND_6: c0 = { 151, 49, 43, 24, 104, 10, 140, 255, 54, 158, 226, 71, 233, 148, 157, 66, 168, 91, 195, 186, 119, 32, 180, 99, 28, 39, 62, 48, 216, 23, 180, 6 }
[ZOLT] STAGE1_ROUND_6: c2 = { 42, 137, 48, 45, 147, 176, 24, 88, 94, 187, 178, 42, 167, 58, 187, 74, 60, 101, 81, 2, 250, 184, 90, 190, 243, 74, 245, 128, 28, 8, 167, 5 }
[ZOLT] STAGE1_ROUND_6: c3 = { 193, 174, 189, 99, 155, 241, 44, 95, 29, 125, 178, 188, 106, 138, 182, 67, 161, 213, 18, 106, 240, 89, 211, 255, 50, 160, 49, 26, 154, 26, 191, 1 }
[ZOLT TRANSCRIPT] appendMessage: "UniPoly_begin" (len=13), round=125, state_before=[cb, 4e, 26, 17, e3, 20, 1a, 1f]
[ZOLT TRANSCRIPT]   state_after={ 91 56 b6 09 97 f2 0d fb ... }
[ZOLT TRANSCRIPT] appendBytes: len=32, state_before={ 91 56 b6 09 97 f2 0d fb ... }
[ZOLT TRANSCRIPT]   first_8_bytes={ 06 b4 17 d8 30 3e 27 1c }
[ZOLT TRANSCRIPT]   last_8_bytes={ ff 8c 0a 68 18 2b 31 97 }
[ZOLT TRANSCRIPT]   state_after={ d0 d6 a4 86 72 03 8f 1c ... }
[ZOLT TRANSCRIPT] appendBytes: len=32, state_before={ d0 d6 a4 86 72 03 8f 1c ... }
[ZOLT TRANSCRIPT]   first_8_bytes={ 05 a7 08 1c 80 f5 4a f3 }
[ZOLT TRANSCRIPT]   last_8_bytes={ 58 18 b0 93 2d 30 89 2a }
[ZOLT TRANSCRIPT]   state_after={ cc 31 58 3c bf e6 8e a3 ... }
[ZOLT TRANSCRIPT] appendBytes: len=32, state_before={ cc 31 58 3c bf e6 8e a3 ... }
[ZOLT TRANSCRIPT]   first_8_bytes={ 01 bf 1a 9a 1a 31 a0 32 }
[ZOLT TRANSCRIPT]   last_8_bytes={ 5f 2c f1 9b 63 bd ae c1 }
[ZOLT TRANSCRIPT]   state_after={ fa 90 9e 2b d0 78 a4 fa ... }
[ZOLT TRANSCRIPT] appendMessage: "UniPoly_end" (len=11), round=129, state_before=[fa, 90, 9e, 2b, d0, 78, a4, fa]
[ZOLT TRANSCRIPT]   state_after={ 21 5e f1 2c 43 9c 08 60 ... }
[ZOLT TRANSCRIPT] challengeScalar128Bits: round=130
[ZOLT TRANSCRIPT]   state_before={ 21 5e f1 2c 43 9c 08 60 66 79 48 71 b0 f6 27 73 47 32 bd 90 b9 12 34 59 40 eb 7e 1a df 5f c7 fc }
[ZOLT TRANSCRIPT]   challenge_bytes={ fe 03 e4 86 86 f1 b6 6b 26 c8 c5 22 0c a6 4b dc }
[ZOLT TRANSCRIPT]   reversed={ dc 4b a6 0c 22 c5 c8 26 6b b6 f1 86 86 e4 03 fe }
[ZOLT TRANSCRIPT]   full_value=0xdc4ba60c22c5c8266bb6f18686e403fe
[ZOLT TRANSCRIPT]   masked_value=0x1c4ba60c22c5c8266bb6f18686e403fe (125-bit)
[ZOLT TRANSCRIPT]   result_limbs=[0x0, 0x0, 0x6bb6f18686e403fe, 0x1c4ba60c22c5c826]
[ZOLT] STAGE1_ROUND_6: challenge = { 2, 244, 122, 192, 92, 187, 11, 183, 106, 115, 182, 24, 152, 10, 121, 86, 115, 211, 20, 76, 174, 16, 233, 174, 5, 136, 49, 237, 209, 205, 218, 8 }
[GRUEN ROUND 2] q(0) = { 30, 145, 241, 141, 87, 142, 190, 8, 15, 203, 170, 240, 163, 122, 189, 235, 169, 210, 129, 175, 66, 86, 108, 105, 242, 53, 125, 6, 90, 238, 221, 39 }
[GRUEN ROUND 2] q(1) = { 23, 116, 121, 184, 63, 160, 135, 5, 55, 169, 221, 58, 220, 152, 149, 68, 156, 123, 170, 240, 185, 186, 194, 137, 2, 218, 25, 47, 94, 152, 104, 129 }
[GRUEN ROUND 2] previous_claim = { 36, 248, 19, 149, 243, 113, 238, 226, 228, 179, 71, 73, 154, 221, 205, 139, 144, 248, 124, 186, 59, 214, 101, 209, 198, 119, 227, 190, 95, 60, 158, 231 }
[ZOLT] STAGE1_ROUND_7: c0 = { 228, 64, 106, 188, 195, 24, 140, 112, 31, 86, 173, 98, 158, 246, 52, 48, 123, 224, 208, 166, 3, 89, 25, 245, 223, 194, 116, 26, 152, 142, 240, 33 }
[ZOLT] STAGE1_ROUND_7: c2 = { 103, 178, 209, 132, 52, 114, 116, 63, 50, 59, 204, 70, 191, 194, 238, 5, 3, 74, 123, 53, 249, 54, 95, 175, 178, 96, 205, 21, 39, 203, 56, 16 }
[ZOLT] STAGE1_ROUND_7: c3 = { 103, 7, 227, 169, 119, 176, 2, 201, 174, 212, 96, 51, 200, 147, 36, 175, 2, 220, 154, 17, 245, 251, 222, 247, 80, 219, 23, 207, 87, 171, 242, 41 }
[ZOLT TRANSCRIPT] appendMessage: "UniPoly_begin" (len=13), round=131, state_before=[fe, 03, e4, 86, 86, f1, b6, 6b]
[ZOLT TRANSCRIPT]   state_after={ 7f 6b 16 96 43 0e 27 3c ... }
[ZOLT TRANSCRIPT] appendBytes: len=32, state_before={ 7f 6b 16 96 43 0e 27 3c ... }
[ZOLT TRANSCRIPT]   first_8_bytes={ 21 f0 8e 98 1a 74 c2 df }
[ZOLT TRANSCRIPT]   last_8_bytes={ 70 8c 18 c3 bc 6a 40 e4 }
[ZOLT TRANSCRIPT]   state_after={ 72 fc 38 ec 27 dc d8 d0 ... }
[ZOLT TRANSCRIPT] appendBytes: len=32, state_before={ 72 fc 38 ec 27 dc d8 d0 ... }
[ZOLT TRANSCRIPT]   first_8_bytes={ 10 38 cb 27 15 cd 60 b2 }
[ZOLT TRANSCRIPT]   last_8_bytes={ 3f 74 72 34 84 d1 b2 67 }
[ZOLT TRANSCRIPT]   state_after={ 0a 79 b7 7c 8c 48 7b 9c ... }
[ZOLT TRANSCRIPT] appendBytes: len=32, state_before={ 0a 79 b7 7c 8c 48 7b 9c ... }
[ZOLT TRANSCRIPT]   first_8_bytes={ 29 f2 ab 57 cf 17 db 50 }
[ZOLT TRANSCRIPT]   last_8_bytes={ c9 02 b0 77 a9 e3 07 67 }
[ZOLT TRANSCRIPT]   state_after={ 04 42 85 7e 8d c6 84 5c ... }
[ZOLT TRANSCRIPT] appendMessage: "UniPoly_end" (len=11), round=135, state_before=[04, 42, 85, 7e, 8d, c6, 84, 5c]
[ZOLT TRANSCRIPT]   state_after={ b8 d4 5e 7d 5a 56 c9 e7 ... }
[ZOLT TRANSCRIPT] challengeScalar128Bits: round=136
[ZOLT TRANSCRIPT]   state_before={ b8 d4 5e 7d 5a 56 c9 e7 3a 74 12 a1 98 59 19 70 25 14 c8 d5 71 88 b4 60 c8 b1 09 57 64 de b0 ef }
[ZOLT TRANSCRIPT]   challenge_bytes={ 85 89 4e 68 24 20 91 e0 82 b8 ff 2d df e5 23 75 }
[ZOLT TRANSCRIPT]   reversed={ 75 23 e5 df 2d ff b8 82 e0 91 20 24 68 4e 89 85 }
[ZOLT TRANSCRIPT]   full_value=0x7523e5df2dffb882e0912024684e8985
[ZOLT TRANSCRIPT]   masked_value=0x1523e5df2dffb882e0912024684e8985 (125-bit)
[ZOLT TRANSCRIPT]   result_limbs=[0x0, 0x0, 0xe0912024684e8985, 0x1523e5df2dffb882]
[ZOLT] STAGE1_ROUND_7: challenge = { 74, 131, 51, 125, 140, 234, 170, 234, 159, 224, 218, 57, 32, 2, 124, 44, 167, 233, 2, 165, 252, 1, 51, 218, 107, 217, 163, 200, 212, 239, 44, 20 }
[GRUEN ROUND 1] q(0) = { 41, 2, 81, 224, 203, 112, 117, 4, 180, 225, 126, 59, 46, 124, 165, 167, 107, 137, 210, 218, 156, 192, 94, 91, 98, 123, 216, 181, 61, 232, 179, 196 }
[GRUEN ROUND 1] q(1) = { 23, 116, 121, 184, 63, 160, 135, 5, 55, 169, 221, 58, 220, 152, 149, 68, 156, 123, 170, 240, 185, 186, 194, 137, 2, 218, 25, 47, 94, 152, 104, 129 }
[GRUEN ROUND 1] previous_claim = { 27, 70, 43, 87, 123, 178, 35, 225, 193, 49, 191, 54, 138, 249, 223, 65, 148, 179, 206, 206, 150, 55, 189, 218, 232, 94, 142, 12, 172, 189, 208, 7 }
[ZOLT] STAGE1_ROUND_8: c0 = { 102, 168, 151, 219, 166, 16, 249, 139, 137, 234, 101, 248, 13, 69, 236, 52, 36, 200, 126, 123, 78, 161, 249, 129, 142, 222, 207, 74, 176, 206, 155, 28 }
[ZOLT] STAGE1_ROUND_8: c2 = { 34, 91, 131, 208, 202, 65, 144, 217, 246, 137, 3, 40, 204, 5, 62, 158, 197, 41, 87, 151, 145, 18, 201, 51, 209, 95, 127, 10, 247, 223, 183, 4 }
[ZOLT] STAGE1_ROUND_8: c3 = { 157, 37, 168, 72, 66, 83, 164, 223, 27, 149, 108, 245, 145, 95, 178, 130, 99, 75, 77, 42, 169, 70, 252, 236, 194, 22, 89, 197, 45, 133, 213, 45 }
[ZOLT TRANSCRIPT] appendMessage: "UniPoly_begin" (len=13), round=137, state_before=[85, 89, 4e, 68, 24, 20, 91, e0]
[ZOLT TRANSCRIPT]   state_after={ b3 dd 50 d5 13 87 53 36 ... }
[ZOLT TRANSCRIPT] appendBytes: len=32, state_before={ b3 dd 50 d5 13 87 53 36 ... }
[ZOLT TRANSCRIPT]   first_8_bytes={ 1c 9b ce b0 4a cf de 8e }
[ZOLT TRANSCRIPT]   last_8_bytes={ 8b f9 10 a6 db 97 a8 66 }
[ZOLT TRANSCRIPT]   state_after={ d0 98 65 9d 1a 06 30 17 ... }
[ZOLT TRANSCRIPT] appendBytes: len=32, state_before={ d0 98 65 9d 1a 06 30 17 ... }
[ZOLT TRANSCRIPT]   first_8_bytes={ 04 b7 df f7 0a 7f 5f d1 }
[ZOLT TRANSCRIPT]   last_8_bytes={ d9 90 41 ca d0 83 5b 22 }
[ZOLT TRANSCRIPT]   state_after={ c3 e7 39 33 df 89 04 cc ... }
[ZOLT TRANSCRIPT] appendBytes: len=32, state_before={ c3 e7 39 33 df 89 04 cc ... }
[ZOLT TRANSCRIPT]   first_8_bytes={ 2d d5 85 2d c5 59 16 c2 }
[ZOLT TRANSCRIPT]   last_8_bytes={ df a4 53 42 48 a8 25 9d }
[ZOLT TRANSCRIPT]   state_after={ b1 95 4a 2a a1 2c 1e 4a ... }
[ZOLT TRANSCRIPT] appendMessage: "UniPoly_end" (len=11), round=141, state_before=[b1, 95, 4a, 2a, a1, 2c, 1e, 4a]
[ZOLT TRANSCRIPT]   state_after={ c3 47 5f d4 58 63 71 6a ... }
[ZOLT TRANSCRIPT] challengeScalar128Bits: round=142
[ZOLT TRANSCRIPT]   state_before={ c3 47 5f d4 58 63 71 6a cd df dd 9b 2e 3a 99 f8 d8 8b 94 eb 61 7f 49 02 e2 8c 2a 27 c0 2f 40 5a }
[ZOLT TRANSCRIPT]   challenge_bytes={ f1 d6 7f 60 99 63 27 33 6d 24 60 cf dc 3f 78 69 }
[ZOLT TRANSCRIPT]   reversed={ 69 78 3f dc cf 60 24 6d 33 27 63 99 60 7f d6 f1 }
[ZOLT TRANSCRIPT]   full_value=0x69783fdccf60246d33276399607fd6f1
[ZOLT TRANSCRIPT]   masked_value=0x9783fdccf60246d33276399607fd6f1 (125-bit)
[ZOLT TRANSCRIPT]   result_limbs=[0x0, 0x0, 0x33276399607fd6f1, 0x9783fdccf60246d]
[ZOLT] STAGE1_ROUND_8: challenge = { 160, 166, 163, 199, 164, 243, 55, 123, 149, 85, 177, 173, 247, 126, 130, 163, 184, 116, 3, 116, 138, 209, 203, 213, 235, 137, 110, 41, 218, 131, 65, 18 }
[ZOLT] STAGE1_FINAL: num_rounds = 9
[ZOLT] STAGE1_FINAL: prover eq_factor (split_eq.current_scalar) = { 160, 136, 82, 89, 14, 117, 138, 100, 210, 243, 34, 95, 122, 133, 142, 115, 151, 7, 207, 70, 185, 193, 85, 191, 151, 152, 103, 192, 252, 250, 173, 22 }
[ZOLT] STAGE1_FINAL: prover eq_factor limbs = [6e23c16af93eea85, f0e7271d60b84f16, 5e7caa6d38e9b1a3, 1b18e10a0f6f8e87]
[ZOLT MLE] effective_len = 8, eq_evals.len = 256
[ZOLT MLE] eq_evals[0] = { 15, 60, 86, 2, 215, 194, 124, 134, 94, 33, 199, 135, 159, 174, 105, 1, 18, 180, 163, 97, 56, 220, 255, 54, 37, 69, 35, 243, 128, 59, 192, 177 }
[ZOLT MLE] eq_evals[1] = { 26, 193, 155, 117, 182, 16, 162, 172, 213, 234, 58, 121, 243, 199, 51, 175, 169, 112, 76, 153, 232, 72, 124, 204, 64, 33, 12, 69, 197, 123, 90, 47 }
[ZOLT MLE] eq_evals[2] = { 28, 206, 6, 100, 66, 52, 228, 53, 212, 71, 85, 221, 250, 43, 20, 166, 12, 162, 25, 109, 194, 81, 103, 215, 5, 29, 113, 231, 78, 241, 17, 235 }
[ZOLT MLE] r_cycle[0] = { 18, 65, 131, 218, 41, 110, 137, 235, 213, 203, 209, 138, 116, 3, 116, 184, 163, 130, 126, 247, 173, 177, 85, 149, 123, 55, 243, 164, 199, 163, 166, 160 }
[ZOLT MLE] r_cycle[1] = { 20, 44, 239, 212, 200, 163, 217, 107, 218, 51, 1, 252, 165, 2, 233, 167, 44, 124, 2, 32, 57, 218, 224, 159, 234, 170, 234, 140, 125, 51, 131, 74 }
[ZOLT MLE] r_cycle[2] = { 8, 218, 205, 209, 237, 49, 136, 5, 174, 233, 16, 174, 76, 20, 211, 115, 86, 121, 10, 152, 24, 182, 115, 106, 183, 11, 187, 92, 192, 122, 244, 2 }
[ZOLT MLE] r_cycle[3] = { 9, 119, 35, 139, 169, 160, 112, 24, 70, 141, 252, 178, 237, 142, 85, 186, 127, 181, 229, 196, 13, 44, 143, 24, 245, 180, 160, 140, 253, 15, 176, 79 }
[ZOLT MLE] r_cycle[4] = { 29, 18, 208, 247, 30, 156, 104, 102, 189, 11, 231, 120, 8, 233, 76, 69, 185, 26, 49, 67, 41, 233, 64, 210, 80, 194, 196, 132, 147, 187, 38, 212 }
[ZOLT MLE] r_cycle[5] = { 38, 182, 44, 209, 181, 37, 250, 206, 94, 104, 157, 3, 244, 15, 72, 24, 120, 46, 222, 232, 94, 9, 180, 122, 241, 33, 45, 179, 49, 11, 8, 49 }
[ZOLT MLE] r_cycle[6] = { 31, 228, 112, 185, 21, 98, 17, 250, 237, 127, 181, 8, 154, 116, 134, 125, 114, 166, 81, 147, 99, 52, 168, 143, 1, 95, 40, 155, 230, 219, 182, 11 }
[ZOLT MLE] r_cycle[7] = { 8, 39, 47, 8, 137, 89, 248, 247, 186, 61, 123, 2, 146, 229, 192, 14, 168, 55, 75, 243, 44, 24, 34, 150, 10, 111, 252, 82, 143, 244, 21, 68 }
[ZOLT] OPENING_CLAIMS: r_cycle.len = 8
[ZOLT] OPENING_CLAIMS: cycle_witnesses.len = 256
[ZOLT] OPENING_CLAIMS: r_cycle[0] = { 160, 166, 163, 199, 164, 243, 55, 123, 149, 85, 177, 173, 247, 126, 130, 163, 184, 116, 3, 116, 138, 209, 203, 213, 235, 137, 110, 41, 218, 131, 65, 18 }
[ZOLT] OPENING_CLAIMS: r_cycle[last] = { 68, 21, 244, 143, 82, 252, 111, 10, 150, 34, 24, 44, 243, 75, 55, 168, 14, 192, 229, 146, 2, 123, 61, 186, 247, 248, 89, 137, 8, 47, 39, 8 }
[ZOLT] OPENING_CLAIMS: witness[0].LeftInstructionInput = { 0, 0, 0, 0, 0, 0, 0, 0, 0, 0, 0, 0, 0, 0, 0, 0, 0, 0, 0, 0, 0, 0, 0, 0, 0, 0, 0, 0, 0, 0, 0, 0 }
[ZOLT] OPENING_CLAIMS: witness[0].RightInstructionInput = { 0, 128, 0, 0, 0, 0, 0, 0, 0, 0, 0, 0, 0, 0, 0, 0, 0, 0, 0, 0, 0, 0, 0, 0, 0, 0, 0, 0, 0, 0, 0, 0 }
[ZOLT] OPENING_CLAIMS: witness[0].Product = { 0, 0, 0, 0, 0, 0, 0, 0, 0, 0, 0, 0, 0, 0, 0, 0, 0, 0, 0, 0, 0, 0, 0, 0, 0, 0, 0, 0, 0, 0, 0, 0 }
[ZOLT] OPENING_CLAIMS: witness[0].PC = { 0, 0, 0, 128, 0, 0, 0, 0, 0, 0, 0, 0, 0, 0, 0, 0, 0, 0, 0, 0, 0, 0, 0, 0, 0, 0, 0, 0, 0, 0, 0, 0 }
[ZOLT] OPENING_CLAIMS: witness[1].LeftInstructionInput = { 0, 128, 0, 0, 0, 0, 0, 0, 0, 0, 0, 0, 0, 0, 0, 0, 0, 0, 0, 0, 0, 0, 0, 0, 0, 0, 0, 0, 0, 0, 0, 0 }
[ZOLT] OPENING_CLAIMS: witness[1].PC = { 4, 0, 0, 128, 0, 0, 0, 0, 0, 0, 0, 0, 0, 0, 0, 0, 0, 0, 0, 0, 0, 0, 0, 0, 0, 0, 0, 0, 0, 0, 0, 0 }
[ZOLT] OPENING_CLAIMS: r1cs_input_evals[0] (LeftInstructionInput) = { 170, 23, 154, 33, 114, 37, 79, 174, 190, 17, 175, 210, 72, 241, 210, 5, 117, 99, 65, 164, 214, 248, 150, 167, 114, 209, 183, 137, 193, 214, 186, 45 }
[ZOLT] OPENING_CLAIMS: r1cs_input_evals[1] (RightInstructionInput) = { 172, 223, 112, 43, 200, 210, 251, 233, 171, 181, 184, 202, 97, 95, 114, 136, 51, 122, 114, 117, 71, 150, 48, 194, 152, 167, 55, 29, 27, 104, 109, 18 }
[ZOLT] OPENING_CLAIMS: r1cs_input_evals[2] (Product) = { 64, 150, 141, 158, 116, 152, 109, 218, 3, 173, 138, 170, 56, 245, 69, 190, 144, 113, 111, 95, 90, 204, 253, 184, 83, 187, 182, 28, 22, 156, 150, 40 }
[ZOLT] OPENING_CLAIMS: Starting to append 36 claims to transcript
[ZOLT] OPENING_CLAIMS: transcript state before = { 241, 214, 127, 96, 153, 99, 39, 51 }
[ZOLT TRANSCRIPT] appendBytes: len=32, state_before={ f1 d6 7f 60 99 63 27 33 ... }
[ZOLT TRANSCRIPT]   first_8_bytes={ 2d ba d6 c1 89 b7 d1 72 }
[ZOLT TRANSCRIPT]   last_8_bytes={ ae 4f 25 72 21 9a 17 aa }
[ZOLT TRANSCRIPT]   state_after={ 7c 3d c4 b8 47 3f 96 c4 ... }
[ZOLT] OPENING_CLAIMS: claim[0] = { 45, 186, 214, 193, 137, 183, 209, 114, 167, 150, 248, 214, 164, 65, 99, 117, 5, 210, 241, 72, 210, 175, 17, 190, 174, 79, 37, 114, 33, 154, 23, 170 }, state = { 124, 61, 196, 184, 71, 63, 150, 196 }
[ZOLT TRANSCRIPT] appendBytes: len=32, state_before={ 7c 3d c4 b8 47 3f 96 c4 ... }
[ZOLT TRANSCRIPT]   first_8_bytes={ 12 6d 68 1b 1d 37 a7 98 }
[ZOLT TRANSCRIPT]   last_8_bytes={ e9 fb d2 c8 2b 70 df ac }
[ZOLT TRANSCRIPT]   state_after={ e8 37 e2 17 4c 02 57 2b ... }
[ZOLT] OPENING_CLAIMS: claim[1] = { 18, 109, 104, 27, 29, 55, 167, 152, 194, 48, 150, 71, 117, 114, 122, 51, 136, 114, 95, 97, 202, 184, 181, 171, 233, 251, 210, 200, 43, 112, 223, 172 }, state = { 232, 55, 226, 23, 76, 2, 87, 43 }
[ZOLT TRANSCRIPT] appendBytes: len=32, state_before={ e8 37 e2 17 4c 02 57 2b ... }
[ZOLT TRANSCRIPT]   first_8_bytes={ 28 96 9c 16 1c b6 bb 53 }
[ZOLT TRANSCRIPT]   last_8_bytes={ da 6d 98 74 9e 8d 96 40 }
[ZOLT TRANSCRIPT]   state_after={ 9c c1 92 91 0f 6a 53 fc ... }
[ZOLT] OPENING_CLAIMS: claim[2] = { 40, 150, 156, 22, 28, 182, 187, 83, 184, 253, 204, 90, 95, 111, 113, 144, 190, 69, 245, 56, 170, 138, 173, 3, 218, 109, 152, 116, 158, 141, 150, 64 }, state = { 156, 193, 146, 145, 15, 106, 83, 252 }
[ZOLT TRANSCRIPT] appendBytes: len=32, state_before={ 9c c1 92 91 0f 6a 53 fc ... }
[ZOLT TRANSCRIPT]   first_8_bytes={ 09 c3 1b f6 1d 9e de 8b }
[ZOLT TRANSCRIPT]   last_8_bytes={ 82 fd d9 1d 74 1b c3 16 }
[ZOLT TRANSCRIPT]   state_after={ 9a 5b fb 35 bc 98 1e a3 ... }
[ZOLT] OPENING_CLAIMS: claim[3] = { 9, 195, 27, 246, 29, 158, 222, 139, 221, 235, 215, 196, 204, 147, 38, 15, 102, 20, 139, 133, 86, 9, 20, 12, 130, 253, 217, 29, 116, 27, 195, 22 }, state = { 154, 91, 251, 53, 188, 152, 30, 163 }
[ZOLT TRANSCRIPT] appendBytes: len=32, state_before={ 9a 5b fb 35 bc 98 1e a3 ... }
[ZOLT TRANSCRIPT]   first_8_bytes={ 28 12 b8 a7 94 11 fb c3 }
[ZOLT TRANSCRIPT]   last_8_bytes={ 75 23 61 da fd b5 28 e2 }
[ZOLT TRANSCRIPT]   state_after={ d0 24 8d f0 b3 18 25 7d ... }
[ZOLT] OPENING_CLAIMS: claim[4] = { 40, 18, 184, 167, 148, 17, 251, 195, 49, 17, 43, 42, 221, 20, 61, 175, 236, 154, 8, 98, 140, 185, 86, 122, 117, 35, 97, 218, 253, 181, 40, 226 }, state = { 208, 36, 141, 240, 179, 24, 37, 125 }
[ZOLT TRANSCRIPT] appendBytes: len=32, state_before={ d0 24 8d f0 b3 18 25 7d ... }
[ZOLT TRANSCRIPT]   first_8_bytes={ 0d 98 0c 8a 6d 9f 91 5c }
[ZOLT TRANSCRIPT]   last_8_bytes={ 3d 36 8e f4 ac 80 41 77 }
[ZOLT TRANSCRIPT]   state_after={ cd 08 b4 d9 56 3b b7 c9 ... }
[ZOLT TRANSCRIPT] appendBytes: len=32, state_before={ cd 08 b4 d9 56 3b b7 c9 ... }
[ZOLT TRANSCRIPT]   first_8_bytes={ 0a e5 4a d1 ae 41 ec 61 }
[ZOLT TRANSCRIPT]   last_8_bytes={ 6f 73 b1 f5 92 49 b8 63 }
[ZOLT TRANSCRIPT]   state_after={ 5f 28 66 60 5f 4e 6a d7 ... }
[ZOLT TRANSCRIPT] appendBytes: len=32, state_before={ 5f 28 66 60 5f 4e 6a d7 ... }
[ZOLT TRANSCRIPT]   first_8_bytes={ 0a e5 4a d1 ae 41 ec 61 }
[ZOLT TRANSCRIPT]   last_8_bytes={ 6f 73 b1 f5 92 49 b8 63 }
[ZOLT TRANSCRIPT]   state_after={ 2a 86 91 cf 19 70 5f 08 ... }
[ZOLT TRANSCRIPT] appendBytes: len=32, state_before={ 2a 86 91 cf 19 70 5f 08 ... }
[ZOLT TRANSCRIPT]   first_8_bytes={ 1a 83 33 e2 7d 05 84 bc }
[ZOLT TRANSCRIPT]   last_8_bytes={ fa d8 f2 8c b3 27 b2 6a }
[ZOLT TRANSCRIPT]   state_after={ a2 d5 a8 c3 ce 97 81 b7 ... }
[ZOLT TRANSCRIPT] appendBytes: len=32, state_before={ a2 d5 a8 c3 ce 97 81 b7 ... }
[ZOLT TRANSCRIPT]   first_8_bytes={ 00 00 00 00 00 00 00 00 }
[ZOLT TRANSCRIPT]   last_8_bytes={ 00 00 00 00 00 00 00 00 }
[ZOLT TRANSCRIPT]   state_after={ 55 20 d3 5c 3d 1f c4 00 ... }
[ZOLT TRANSCRIPT] appendBytes: len=32, state_before={ 55 20 d3 5c 3d 1f c4 00 ... }
[ZOLT TRANSCRIPT]   first_8_bytes={ 16 f0 fd d1 79 bd 47 d8 }
[ZOLT TRANSCRIPT]   last_8_bytes={ 0b 71 aa b2 96 aa 48 fb }
[ZOLT TRANSCRIPT]   state_after={ 1a 04 97 34 16 1d 29 db ... }
[ZOLT TRANSCRIPT] appendBytes: len=32, state_before={ 1a 04 97 34 16 1d 29 db ... }
[ZOLT TRANSCRIPT]   first_8_bytes={ 2c 21 ce fb 87 79 6f 70 }
[ZOLT TRANSCRIPT]   last_8_bytes={ f9 2b 49 25 01 e4 6b d2 }
[ZOLT TRANSCRIPT]   state_after={ 03 8b 87 e6 f0 a7 14 f4 ... }
[ZOLT TRANSCRIPT] appendBytes: len=32, state_before={ 03 8b 87 e6 f0 a7 14 f4 ... }
[ZOLT TRANSCRIPT]   first_8_bytes={ 27 e3 0b 94 37 85 b1 51 }
[ZOLT TRANSCRIPT]   last_8_bytes={ e4 f2 76 2f 24 47 cc 54 }
[ZOLT TRANSCRIPT]   state_after={ 52 35 c0 53 e2 34 e2 1d ... }
[ZOLT TRANSCRIPT] appendBytes: len=32, state_before={ 52 35 c0 53 e2 34 e2 1d ... }
[ZOLT TRANSCRIPT]   first_8_bytes={ 00 00 00 00 00 00 00 00 }
[ZOLT TRANSCRIPT]   last_8_bytes={ 00 00 00 00 00 00 00 00 }
[ZOLT TRANSCRIPT]   state_after={ a4 4b 47 82 6a ac a6 bd ... }
[ZOLT] OPENING_CLAIMS: claim[13] = { 0, 0, 0, 0, 0, 0, 0, 0, 0, 0, 0, 0, 0, 0, 0, 0, 0, 0, 0, 0, 0, 0, 0, 0, 0, 0, 0, 0, 0, 0, 0, 0 }, state = { 164, 75, 71, 130, 106, 172, 166, 189 }
[ZOLT TRANSCRIPT] appendBytes: len=32, state_before={ a4 4b 47 82 6a ac a6 bd ... }
[ZOLT TRANSCRIPT]   first_8_bytes={ 00 00 00 00 00 00 00 00 }
[ZOLT TRANSCRIPT]   last_8_bytes={ 00 00 00 00 00 00 00 00 }
[ZOLT TRANSCRIPT]   state_after={ 15 b7 f6 a7 a0 58 68 a2 ... }
[ZOLT] OPENING_CLAIMS: claim[14] = { 0, 0, 0, 0, 0, 0, 0, 0, 0, 0, 0, 0, 0, 0, 0, 0, 0, 0, 0, 0, 0, 0, 0, 0, 0, 0, 0, 0, 0, 0, 0, 0 }, state = { 21, 183, 246, 167, 160, 88, 104, 162 }
[ZOLT TRANSCRIPT] appendBytes: len=32, state_before={ 15 b7 f6 a7 a0 58 68 a2 ... }
[ZOLT TRANSCRIPT]   first_8_bytes={ 14 e6 7f 57 e4 16 aa a4 }
[ZOLT TRANSCRIPT]   last_8_bytes={ 98 a4 73 70 2f a1 36 a2 }
[ZOLT TRANSCRIPT]   state_after={ 43 19 bd 0e 31 92 1c c6 ... }
[ZOLT] OPENING_CLAIMS: claim[15] = { 20, 230, 127, 87, 228, 22, 170, 164, 20, 234, 1, 23, 2, 204, 107, 216, 109, 144, 12, 255, 116, 121, 91, 219, 152, 164, 115, 112, 47, 161, 54, 162 }, state = { 67, 25, 189, 14, 49, 146, 28, 198 }
[ZOLT TRANSCRIPT] appendBytes: len=32, state_before={ 43 19 bd 0e 31 92 1c c6 ... }
[ZOLT TRANSCRIPT]   first_8_bytes={ 2b 41 bf 84 c2 d8 ce 67 }
[ZOLT TRANSCRIPT]   last_8_bytes={ ff a6 84 ca 1d 69 c0 b4 }
[ZOLT TRANSCRIPT]   state_after={ d2 84 13 ea 09 09 2a 64 ... }
[ZOLT] OPENING_CLAIMS: claim[16] = { 43, 65, 191, 132, 194, 216, 206, 103, 84, 221, 142, 7, 22, 231, 113, 208, 32, 181, 67, 171, 40, 238, 107, 142, 255, 166, 132, 202, 29, 105, 192, 180 }, state = { 210, 132, 19, 234, 9, 9, 42, 100 }
[ZOLT TRANSCRIPT] appendBytes: len=32, state_before={ d2 84 13 ea 09 09 2a 64 ... }
[ZOLT TRANSCRIPT]   first_8_bytes={ 16 1e 3c 80 67 b6 00 fd }
[ZOLT TRANSCRIPT]   last_8_bytes={ 4e 43 20 c8 5d de dd 78 }
[ZOLT TRANSCRIPT]   state_after={ dd 10 fc 7d 22 5b 37 f4 ... }
[ZOLT] OPENING_CLAIMS: claim[17] = { 22, 30, 60, 128, 103, 182, 0, 253, 190, 214, 169, 171, 232, 241, 8, 22, 73, 165, 138, 81, 74, 161, 202, 194, 78, 67, 32, 200, 93, 222, 221, 120 }, state = { 221, 16, 252, 125, 34, 91, 55, 244 }
[ZOLT TRANSCRIPT] appendBytes: len=32, state_before={ dd 10 fc 7d 22 5b 37 f4 ... }
[ZOLT TRANSCRIPT]   first_8_bytes={ 16 1e 3c 80 67 b6 00 fd }
[ZOLT TRANSCRIPT]   last_8_bytes={ 4e 43 20 c8 5d de dd 78 }
[ZOLT TRANSCRIPT]   state_after={ 2b 10 9b 2a 4c f5 34 b1 ... }
[ZOLT] OPENING_CLAIMS: claim[18] = { 22, 30, 60, 128, 103, 182, 0, 253, 190, 214, 169, 171, 232, 241, 8, 22, 73, 165, 138, 81, 74, 161, 202, 194, 78, 67, 32, 200, 93, 222, 221, 120 }, state = { 43, 16, 155, 42, 76, 245, 52, 177 }
[ZOLT TRANSCRIPT] appendBytes: len=32, state_before={ 2b 10 9b 2a 4c f5 34 b1 ... }
[ZOLT TRANSCRIPT]   first_8_bytes={ 00 00 00 00 00 00 00 00 }
[ZOLT TRANSCRIPT]   last_8_bytes={ 00 00 00 00 00 00 00 00 }
[ZOLT TRANSCRIPT]   state_after={ f9 9a ef e7 76 9e d0 ab ... }
[ZOLT] OPENING_CLAIMS: claim[19] = { 0, 0, 0, 0, 0, 0, 0, 0, 0, 0, 0, 0, 0, 0, 0, 0, 0, 0, 0, 0, 0, 0, 0, 0, 0, 0, 0, 0, 0, 0, 0, 0 }, state = { 249, 154, 239, 231, 118, 158, 208, 171 }
[ZOLT TRANSCRIPT] appendBytes: len=32, state_before={ f9 9a ef e7 76 9e d0 ab ... }
[ZOLT TRANSCRIPT]   first_8_bytes={ 00 00 00 00 00 00 00 00 }
[ZOLT TRANSCRIPT]   last_8_bytes={ 00 00 00 00 00 00 00 00 }
[ZOLT TRANSCRIPT]   state_after={ 6d 33 98 c6 fd c4 c3 4e ... }
[ZOLT] OPENING_CLAIMS: claim[20] = { 0, 0, 0, 0, 0, 0, 0, 0, 0, 0, 0, 0, 0, 0, 0, 0, 0, 0, 0, 0, 0, 0, 0, 0, 0, 0, 0, 0, 0, 0, 0, 0 }, state = { 109, 51, 152, 198, 253, 196, 195, 78 }
[ZOLT TRANSCRIPT] appendBytes: len=32, state_before={ 6d 33 98 c6 fd c4 c3 4e ... }
[ZOLT TRANSCRIPT]   first_8_bytes={ 29 f4 ed 06 f6 b9 0a 84 }
[ZOLT TRANSCRIPT]   last_8_bytes={ 6d 6b b1 9a 16 be 2d 5d }
[ZOLT TRANSCRIPT]   state_after={ 66 db be 92 42 61 ec db ... }
[ZOLT TRANSCRIPT] appendBytes: len=32, state_before={ 66 db be 92 42 61 ec db ... }
[ZOLT TRANSCRIPT]   first_8_bytes={ 28 f9 14 2b 25 6f ae c7 }
[ZOLT TRANSCRIPT]   last_8_bytes={ ae 1b 74 04 bb a6 cb 58 }
[ZOLT TRANSCRIPT]   state_after={ 17 1b ee 9e 78 46 c1 70 ... }
[ZOLT TRANSCRIPT] appendBytes: len=32, state_before={ 17 1b ee 9e 78 46 c1 70 ... }
[ZOLT TRANSCRIPT]   first_8_bytes={ 15 a8 4c 3a 26 a0 4e b0 }
[ZOLT TRANSCRIPT]   last_8_bytes={ ff ae 36 37 5a fb 03 b7 }
[ZOLT TRANSCRIPT]   state_after={ 8d fa 2e a0 10 88 db b1 ... }
[ZOLT TRANSCRIPT] appendBytes: len=32, state_before={ 8d fa 2e a0 10 88 db b1 ... }
[ZOLT TRANSCRIPT]   first_8_bytes={ 00 00 00 00 00 00 00 00 }
[ZOLT TRANSCRIPT]   last_8_bytes={ 00 00 00 00 00 00 00 00 }
[ZOLT TRANSCRIPT]   state_after={ d8 2d 31 e9 2f 42 40 41 ... }
[ZOLT TRANSCRIPT] appendBytes: len=32, state_before={ d8 2d 31 e9 2f 42 40 41 ... }
[ZOLT TRANSCRIPT]   first_8_bytes={ 00 00 00 00 00 00 00 00 }
[ZOLT TRANSCRIPT]   last_8_bytes={ 00 00 00 00 00 00 00 00 }
[ZOLT TRANSCRIPT]   state_after={ 93 ad 81 c5 6f f9 76 80 ... }
[ZOLT TRANSCRIPT] appendBytes: len=32, state_before={ 93 ad 81 c5 6f f9 76 80 ... }
[ZOLT TRANSCRIPT]   first_8_bytes={ 00 00 00 00 00 00 00 00 }
[ZOLT TRANSCRIPT]   last_8_bytes={ 00 00 00 00 00 00 00 00 }
[ZOLT TRANSCRIPT]   state_after={ 6c 28 2d fa 2a 8c 81 94 ... }
[ZOLT TRANSCRIPT] appendBytes: len=32, state_before={ 6c 28 2d fa 2a 8c 81 94 ... }
[ZOLT TRANSCRIPT]   first_8_bytes={ 00 00 00 00 00 00 00 00 }
[ZOLT TRANSCRIPT]   last_8_bytes={ 00 00 00 00 00 00 00 00 }
[ZOLT TRANSCRIPT]   state_after={ d8 fb 65 23 32 88 5f 4c ... }
[ZOLT TRANSCRIPT] appendBytes: len=32, state_before={ d8 fb 65 23 32 88 5f 4c ... }
[ZOLT TRANSCRIPT]   first_8_bytes={ 0b e5 30 44 09 01 70 24 }
[ZOLT TRANSCRIPT]   last_8_bytes={ 7c b0 5d 19 e6 df 40 a1 }
[ZOLT TRANSCRIPT]   state_after={ 34 a1 6f 47 45 ce 66 39 ... }
[ZOLT TRANSCRIPT] appendBytes: len=32, state_before={ 34 a1 6f 47 45 ce 66 39 ... }
[ZOLT TRANSCRIPT]   first_8_bytes={ 09 c3 1b f6 1d 9e de 8b }
[ZOLT TRANSCRIPT]   last_8_bytes={ 82 fd d9 1d 74 1b c3 16 }
[ZOLT TRANSCRIPT]   state_after={ 38 d7 1e cd 6c 58 ae df ... }
[ZOLT TRANSCRIPT] appendBytes: len=32, state_before={ 38 d7 1e cd 6c 58 ae df ... }
[ZOLT TRANSCRIPT]   first_8_bytes={ 00 00 00 00 00 00 00 00 }
[ZOLT TRANSCRIPT]   last_8_bytes={ 00 00 00 00 00 00 00 00 }
[ZOLT TRANSCRIPT]   state_after={ ce dc 8c bd 4a 32 f9 b3 ... }
[ZOLT TRANSCRIPT] appendBytes: len=32, state_before={ ce dc 8c bd 4a 32 f9 b3 ... }
[ZOLT TRANSCRIPT]   first_8_bytes={ 00 00 00 00 00 00 00 00 }
[ZOLT TRANSCRIPT]   last_8_bytes={ 00 00 00 00 00 00 00 00 }
[ZOLT TRANSCRIPT]   state_after={ 83 4f 21 48 f5 e0 82 8d ... }
[ZOLT TRANSCRIPT] appendBytes: len=32, state_before={ 83 4f 21 48 f5 e0 82 8d ... }
[ZOLT TRANSCRIPT]   first_8_bytes={ 09 36 d7 82 87 50 b2 ad }
[ZOLT TRANSCRIPT]   last_8_bytes={ 2a 46 1f 56 ee b3 d8 ca }
[ZOLT TRANSCRIPT]   state_after={ 68 99 c6 5b e4 0c 1d 74 ... }
[ZOLT TRANSCRIPT] appendBytes: len=32, state_before={ 68 99 c6 5b e4 0c 1d 74 ... }
[ZOLT TRANSCRIPT]   first_8_bytes={ 00 00 00 00 00 00 00 00 }
[ZOLT TRANSCRIPT]   last_8_bytes={ 00 00 00 00 00 00 00 00 }
[ZOLT TRANSCRIPT]   state_after={ 55 eb 22 da a3 d5 4e b0 ... }
[ZOLT TRANSCRIPT] appendBytes: len=32, state_before={ 55 eb 22 da a3 d5 4e b0 ... }
[ZOLT TRANSCRIPT]   first_8_bytes={ 00 00 00 00 00 00 00 00 }
[ZOLT TRANSCRIPT]   last_8_bytes={ 00 00 00 00 00 00 00 00 }
[ZOLT TRANSCRIPT]   state_after={ c9 a1 78 21 27 d4 b6 98 ... }
[ZOLT TRANSCRIPT] appendBytes: len=32, state_before={ c9 a1 78 21 27 d4 b6 98 ... }
[ZOLT TRANSCRIPT]   first_8_bytes={ 00 00 00 00 00 00 00 00 }
[ZOLT TRANSCRIPT]   last_8_bytes={ 00 00 00 00 00 00 00 00 }
[ZOLT TRANSCRIPT]   state_after={ 1f 38 0d af 0c a4 1a a4 ... }
[ZOLT] STAGE2_PRE: transcript state before tau_high = { 31, 56, 13, 175, 12, 164, 26, 164 }
[ZOLT TRANSCRIPT] challengeScalar128Bits: round=179
[ZOLT TRANSCRIPT]   state_before={ 1f 38 0d af 0c a4 1a a4 11 f2 a7 83 e2 4e b7 bb 45 27 cf 7b 51 9d 94 e1 36 63 2c 6c 81 91 16 51 }
[ZOLT TRANSCRIPT]   challenge_bytes={ 88 7b f4 6c 56 e8 60 fc 1b ba 56 a7 45 c3 a6 9e }
[ZOLT TRANSCRIPT]   reversed={ 9e a6 c3 45 a7 56 ba 1b fc 60 e8 56 6c f4 7b 88 }
[ZOLT TRANSCRIPT]   full_value=0x9ea6c345a756ba1bfc60e8566cf47b88
[ZOLT TRANSCRIPT]   masked_value=0x1ea6c345a756ba1bfc60e8566cf47b88 (125-bit)
[ZOLT TRANSCRIPT]   result_limbs=[0x0, 0x0, 0xfc60e8566cf47b88, 0x1ea6c345a756ba1b]
[ZOLT] STAGE2: sampled tau_high = { 5, 145, 40, 7, 230, 86, 73, 57, 141, 65, 17, 157, 176, 139, 102, 49, 121, 36, 53, 44, 244, 9, 244, 129, 196, 167, 38, 52, 254, 104, 113, 99 }
[ZOLT] STAGE2: tau_high = { 5, 145, 40, 7, 230, 86, 73, 57, 141, 65, 17, 157, 176, 139, 102, 49, 121, 36, 53, 44, 244, 9, 244, 129, 196, 167, 38, 52, 254, 104, 113, 99 }
[ZOLT] STAGE2: base_evals[0] = { 40, 150, 156, 22, 28, 182, 187, 83, 184, 253, 204, 90, 95, 111, 113, 144, 190, 69, 245, 56, 170, 138, 173, 3, 218, 109, 152, 116, 158, 141, 150, 64 }
[ZOLT] STAGE2: base_evals[1] = { 9, 195, 27, 246, 29, 158, 222, 139, 221, 235, 215, 196, 204, 147, 38, 15, 102, 20, 139, 133, 86, 9, 20, 12, 130, 253, 217, 29, 116, 27, 195, 22 }
[ZOLT] STAGE2: base_evals[2] = { 40, 18, 184, 167, 148, 17, 251, 195, 49, 17, 43, 42, 221, 20, 61, 175, 236, 154, 8, 98, 140, 185, 86, 122, 117, 35, 97, 218, 253, 181, 40, 226 }
[ZOLT] STAGE2: base_evals[3] = { 13, 152, 12, 138, 109, 159, 145, 92, 87, 33, 226, 65, 62, 163, 89, 110, 184, 158, 85, 64, 149, 146, 235, 133, 61, 54, 142, 244, 172, 128, 65, 119 }
[ZOLT] STAGE2: base_evals[4] = { 40, 249, 20, 43, 37, 111, 174, 199, 240, 252, 192, 236, 158, 147, 34, 82, 148, 148, 219, 39, 4, 154, 102, 25, 174, 27, 116, 4, 187, 166, 203, 88 }
[ZOLT] STAGE2_UNISKIP: extended_evals[0] = { 38, 212, 63, 39, 174, 16, 34, 97, 56, 24, 137, 147, 214, 36, 187, 64, 47, 220, 3, 137, 13, 15, 186, 110, 236, 107, 228, 44, 135, 90, 226, 54 }
[ZOLT] STAGE2_UNISKIP: extended_evals[1] = { 42, 183, 235, 109, 150, 127, 38, 87, 78, 215, 75, 80, 53, 16, 212, 185, 123, 136, 53, 108, 93, 81, 139, 68, 234, 197, 205, 72, 37, 54, 67, 86 }
[ZOLT] STAGE2_UNISKIP: extended_evals[2] = { 34, 248, 152, 55, 163, 208, 164, 102, 100, 164, 96, 63, 178, 227, 47, 61, 165, 97, 212, 233, 221, 137, 250, 78, 161, 199, 225, 37, 125, 54, 129, 25 }
[ZOLT] STAGE2_UNISKIP: extended_evals[3] = { 1, 142, 132, 88, 124, 103, 228, 123, 173, 134, 19, 177, 23, 201, 138, 56, 227, 20, 105, 176, 214, 66, 244, 208, 109, 26, 139, 214, 233, 81, 154, 219 }
[ZOLT] STAGE2_UNISKIP: coeffs[0] = { 101, 143, 189, 186, 48, 139, 214, 120, 187, 124, 202, 84, 234, 204, 207, 56, 7, 109, 216, 79, 66, 2, 220, 92, 53, 36, 196, 92, 55, 181, 104, 13 }
[ZOLT] STAGE2_UNISKIP: coeffs[1] = { 74, 174, 234, 128, 147, 86, 173, 214, 234, 108, 96, 253, 6, 11, 28, 92, 249, 97, 201, 104, 62, 16, 155, 155, 233, 106, 90, 205, 167, 36, 45, 17 }
[ZOLT] STAGE2_UNISKIP: coeffs[2] = { 59, 70, 100, 105, 96, 90, 234, 231, 203, 33, 76, 234, 103, 126, 137, 72, 252, 155, 124, 127, 253, 28, 42, 150, 37, 100, 107, 52, 237, 238, 224, 36 }
[ZOLT] STAGE2_UNISKIP: coeffs[3] = { 159, 121, 217, 149, 44, 1, 99, 160, 126, 61, 239, 40, 224, 150, 212, 123, 165, 131, 17, 108, 109, 17, 251, 81, 52, 110, 207, 242, 245, 58, 133, 25 }
[ZOLT] STAGE2_UNISKIP: coeffs[4] = { 107, 250, 95, 10, 228, 83, 44, 168, 180, 164, 20, 220, 148, 179, 162, 182, 113, 120, 114, 98, 126, 129, 135, 201, 104, 62, 53, 245, 226, 108, 156, 12 }
[ZOLT] STAGE2_UNISKIP: coeffs[5] = { 184, 200, 207, 6, 208, 145, 176, 199, 66, 152, 117, 155, 113, 163, 166, 189, 198, 25, 237, 43, 155, 88, 22, 224, 22, 113, 0, 158, 18, 237, 57, 48 }
[ZOLT] STAGE2_UNISKIP: coeffs[6] = { 253, 19, 39, 9, 21, 6, 115, 12, 26, 25, 93, 37, 183, 139, 44, 94, 224, 125, 170, 237, 41, 176, 58, 250, 20, 236, 166, 8, 72, 217, 208, 14 }
[ZOLT] STAGE2_UNISKIP: coeffs[7] = { 54, 98, 11, 87, 250, 186, 250, 115, 232, 172, 225, 58, 219, 118, 143, 168, 222, 137, 92, 139, 70, 221, 127, 1, 68, 34, 55, 46, 146, 252, 91, 25 }
[ZOLT] STAGE2_UNISKIP: coeffs[8] = { 172, 192, 173, 51, 84, 159, 171, 132, 61, 65, 196, 249, 79, 138, 220, 201, 220, 58, 202, 181, 100, 21, 162, 55, 14, 185, 153, 78, 176, 201, 105, 40 }
[ZOLT] STAGE2_UNISKIP: coeffs[9] = { 154, 178, 221, 117, 89, 225, 199, 234, 173, 193, 184, 179, 88, 181, 29, 163, 123, 112, 248, 101, 195, 99, 204, 169, 228, 65, 14, 133, 126, 202, 98, 19 }
[ZOLT] STAGE2_UNISKIP: coeffs[10] = { 4, 210, 76, 79, 205, 57, 153, 68, 19, 214, 21, 93, 193, 64, 155, 230, 187, 45, 126, 129, 110, 169, 212, 224, 212, 17, 20, 82, 49, 33, 106, 15 }
[ZOLT] STAGE2_UNISKIP: coeffs[11] = { 226, 251, 167, 64, 170, 136, 145, 63, 237, 78, 25, 0, 206, 153, 62, 130, 84, 252, 220, 138, 9, 81, 88, 18, 229, 250, 241, 6, 236, 124, 226, 7 }
[ZOLT] STAGE2_UNISKIP: coeffs[12] = { 57, 100, 133, 157, 132, 33, 166, 12, 233, 49, 133, 117, 121, 104, 91, 179, 249, 153, 110, 76, 189, 15, 61, 89, 227, 235, 75, 57, 136, 28, 164, 10 }
[ZOLT] STAGE2_UNISKIP: total num_coeffs = 13
[ZOLT] STAGE2_UNISKIP: input_claim = { 35, 110, 111, 119, 192, 48, 103, 244, 128, 98, 119, 190, 227, 124, 210, 42, 241, 37, 117, 109, 17, 190, 245, 54, 201, 213, 210, 2, 73, 206, 110, 76 }
[ZOLT] STAGE2_UNISKIP: domain_sum = { 35, 110, 111, 119, 192, 48, 103, 244, 128, 98, 119, 190, 227, 124, 210, 42, 241, 37, 117, 109, 17, 190, 245, 54, 201, 213, 210, 2, 73, 206, 110, 76 }
[ZOLT] STAGE2_UNISKIP: sum matches input_claim? true
[ZOLT TRANSCRIPT] appendMessage: "UncompressedUniPoly_begin" (len=25), round=180, state_before=[88, 7b, f4, 6c, 56, e8, 60, fc]
[ZOLT TRANSCRIPT]   state_after={ 5a 4b a6 20 8b 09 ac 72 ... }
[ZOLT TRANSCRIPT] appendBytes: len=32, state_before={ 5a 4b a6 20 8b 09 ac 72 ... }
[ZOLT TRANSCRIPT]   first_8_bytes={ 0d 68 b5 37 5c c4 24 35 }
[ZOLT TRANSCRIPT]   last_8_bytes={ 78 d6 8b 30 ba bd 8f 65 }
[ZOLT TRANSCRIPT]   state_after={ 7d 7d 0b a9 94 4f ed 49 ... }
[ZOLT TRANSCRIPT] appendBytes: len=32, state_before={ 7d 7d 0b a9 94 4f ed 49 ... }
[ZOLT TRANSCRIPT]   first_8_bytes={ 11 2d 24 a7 cd 5a 6a e9 }
[ZOLT TRANSCRIPT]   last_8_bytes={ d6 ad 56 93 80 ea ae 4a }
[ZOLT TRANSCRIPT]   state_after={ ea f4 25 4b 76 6f 61 c0 ... }
[ZOLT TRANSCRIPT] appendBytes: len=32, state_before={ ea f4 25 4b 76 6f 61 c0 ... }
[ZOLT TRANSCRIPT]   first_8_bytes={ 24 e0 ee ed 34 6b 64 25 }
[ZOLT TRANSCRIPT]   last_8_bytes={ e7 ea 5a 60 69 64 46 3b }
[ZOLT TRANSCRIPT]   state_after={ 45 8b 3a f2 ac e6 10 2b ... }
[ZOLT TRANSCRIPT] appendBytes: len=32, state_before={ 45 8b 3a f2 ac e6 10 2b ... }
[ZOLT TRANSCRIPT]   first_8_bytes={ 19 85 3a f5 f2 cf 6e 34 }
[ZOLT TRANSCRIPT]   last_8_bytes={ a0 63 01 2c 95 d9 79 9f }
[ZOLT TRANSCRIPT]   state_after={ 87 67 07 0e b3 00 42 f8 ... }
[ZOLT TRANSCRIPT] appendBytes: len=32, state_before={ 87 67 07 0e b3 00 42 f8 ... }
[ZOLT TRANSCRIPT]   first_8_bytes={ 0c 9c 6c e2 f5 35 3e 68 }
[ZOLT TRANSCRIPT]   last_8_bytes={ a8 2c 53 e4 0a 5f fa 6b }
[ZOLT TRANSCRIPT]   state_after={ 0b 96 de 3f 9c 29 9b 93 ... }
[ZOLT TRANSCRIPT] appendBytes: len=32, state_before={ 0b 96 de 3f 9c 29 9b 93 ... }
[ZOLT TRANSCRIPT]   first_8_bytes={ 30 39 ed 12 9e 00 71 16 }
[ZOLT TRANSCRIPT]   last_8_bytes={ c7 b0 91 d0 06 cf c8 b8 }
[ZOLT TRANSCRIPT]   state_after={ cb 67 93 33 ba e0 8c c7 ... }
[ZOLT TRANSCRIPT] appendBytes: len=32, state_before={ cb 67 93 33 ba e0 8c c7 ... }
[ZOLT TRANSCRIPT]   first_8_bytes={ 0e d0 d9 48 08 a6 ec 14 }
[ZOLT TRANSCRIPT]   last_8_bytes={ 0c 73 06 15 09 27 13 fd }
[ZOLT TRANSCRIPT]   state_after={ 64 54 01 15 ec 29 41 21 ... }
[ZOLT TRANSCRIPT] appendBytes: len=32, state_before={ 64 54 01 15 ec 29 41 21 ... }
[ZOLT TRANSCRIPT]   first_8_bytes={ 19 5b fc 92 2e 37 22 44 }
[ZOLT TRANSCRIPT]   last_8_bytes={ 73 fa ba fa 57 0b 62 36 }
[ZOLT TRANSCRIPT]   state_after={ c9 84 b3 d5 ab 43 8d 6b ... }
[ZOLT TRANSCRIPT] appendBytes: len=32, state_before={ c9 84 b3 d5 ab 43 8d 6b ... }
[ZOLT TRANSCRIPT]   first_8_bytes={ 28 69 c9 b0 4e 99 b9 0e }
[ZOLT TRANSCRIPT]   last_8_bytes={ 84 ab 9f 54 33 ad c0 ac }
[ZOLT TRANSCRIPT]   state_after={ a5 d6 89 a6 0b 0e 64 8d ... }
[ZOLT TRANSCRIPT] appendBytes: len=32, state_before={ a5 d6 89 a6 0b 0e 64 8d ... }
[ZOLT TRANSCRIPT]   first_8_bytes={ 13 62 ca 7e 85 0e 41 e4 }
[ZOLT TRANSCRIPT]   last_8_bytes={ ea c7 e1 59 75 dd b2 9a }
[ZOLT TRANSCRIPT]   state_after={ 81 60 ff 23 91 4a b6 aa ... }
[ZOLT TRANSCRIPT] appendBytes: len=32, state_before={ 81 60 ff 23 91 4a b6 aa ... }
[ZOLT TRANSCRIPT]   first_8_bytes={ 0f 6a 21 31 52 14 11 d4 }
[ZOLT TRANSCRIPT]   last_8_bytes={ 44 99 39 cd 4f 4c d2 04 }
[ZOLT TRANSCRIPT]   state_after={ 8c 9b 00 fc 78 dd 14 40 ... }
[ZOLT TRANSCRIPT] appendBytes: len=32, state_before={ 8c 9b 00 fc 78 dd 14 40 ... }
[ZOLT TRANSCRIPT]   first_8_bytes={ 07 e2 7c ec 06 f1 fa e5 }
[ZOLT TRANSCRIPT]   last_8_bytes={ 3f 91 88 aa 40 a7 fb e2 }
[ZOLT TRANSCRIPT]   state_after={ 1a 28 fd 21 1d d3 1d 73 ... }
[ZOLT TRANSCRIPT] appendBytes: len=32, state_before={ 1a 28 fd 21 1d d3 1d 73 ... }
[ZOLT TRANSCRIPT]   first_8_bytes={ 0a a4 1c 88 39 4b eb e3 }
[ZOLT TRANSCRIPT]   last_8_bytes={ 0c a6 21 84 9d 85 64 39 }
[ZOLT TRANSCRIPT]   state_after={ 55 38 1e db 29 d6 da fe ... }
[ZOLT TRANSCRIPT] appendMessage: "UncompressedUniPoly_end" (len=23), round=194, state_before=[55, 38, 1e, db, 29, d6, da, fe]
[ZOLT TRANSCRIPT]   state_after={ 5c bd 3a ca 91 b8 bf c7 ... }
[ZOLT TRANSCRIPT] challengeScalar128Bits: round=195
[ZOLT TRANSCRIPT]   state_before={ 5c bd 3a ca 91 b8 bf c7 bb 5d a3 79 f1 c9 d1 4a f2 17 0b 6a 03 0b 01 2e 08 93 f1 61 21 53 4f 96 }
[ZOLT TRANSCRIPT]   challenge_bytes={ 5f 3a 4c 61 8b 74 8c 54 ae 40 35 21 e3 cf ad f4 }
[ZOLT TRANSCRIPT]   reversed={ f4 ad cf e3 21 35 40 ae 54 8c 74 8b 61 4c 3a 5f }
[ZOLT TRANSCRIPT]   full_value=0xf4adcfe3213540ae548c748b614c3a5f
[ZOLT TRANSCRIPT]   masked_value=0x14adcfe3213540ae548c748b614c3a5f (125-bit)
[ZOLT TRANSCRIPT]   result_limbs=[0x0, 0x0, 0x548c748b614c3a5f, 0x14adcfe3213540ae]
[ZOLT] STAGE2: r0 = { 44, 3, 137, 11, 138, 68, 28, 248, 108, 91, 193, 131, 42, 202, 137, 188, 189, 198, 5, 112, 35, 51, 176, 56, 54, 174, 162, 157, 255, 12, 110, 222 }
[ZOLT] STAGE2: uni_skip_claim = { 17, 15, 58, 168, 96, 33, 176, 128, 6, 150, 188, 166, 92, 157, 164, 145, 48, 62, 29, 14, 133, 80, 106, 86, 41, 110, 40, 58, 86, 135, 177, 38 }
[ZOLT] STAGE2: transcript state BEFORE uni_skip_claim append = { 95, 58, 76, 97, 139, 116, 140, 84 }
[ZOLT TRANSCRIPT] appendBytes: len=32, state_before={ 5f 3a 4c 61 8b 74 8c 54 ... }
[ZOLT TRANSCRIPT]   first_8_bytes={ 11 0f 3a a8 60 21 b0 80 }
[ZOLT TRANSCRIPT]   last_8_bytes={ 29 6e 28 3a 56 87 b1 26 }
[ZOLT TRANSCRIPT]   state_after={ 55 ec 32 90 db da c5 6d ... }
[ZOLT] STAGE2: transcript state AFTER uni_skip_claim append = { 85, 236, 50, 144, 219, 218, 197, 109 }
[ZOLT] STAGE2: inserted uni_skip_claim = { 17, 15, 58, 168, 96, 33, 176, 128, 6, 150, 188, 166, 92, 157, 164, 145, 48, 62, 29, 14, 133, 80, 106, 86, 41, 110, 40, 58, 86, 135, 177, 38 }
[ZOLT] STAGE1_CHALLENGES: all_challenges.len = 9, cycle_challenges.len = 8
[ZOLT] STAGE1_CHALLENGES: cycle_challenges[0] (r_0) = { 8, 39, 47, 8, 137, 89, 248, 247, 186, 61, 123, 2, 146, 229, 192, 14, 168, 55, 75, 243, 44, 24, 34, 150, 10, 111, 252, 82, 143, 244, 21, 68 }
[ZOLT] STAGE1_CHALLENGES: cycle_challenges[last] (r_{n-1}) = { 18, 65, 131, 218, 41, 110, 137, 235, 213, 203, 209, 138, 116, 3, 116, 184, 163, 130, 126, 247, 173, 177, 85, 149, 123, 55, 243, 164, 199, 163, 166, 160 }
[ZOLT] STAGE2: tau_stage2.len = 9
[ZOLT] STAGE2: tau_stage2[0] = { 18, 65, 131, 218, 41, 110, 137, 235, 213, 203, 209, 138, 116, 3, 116, 184, 163, 130, 126, 247, 173, 177, 85, 149, 123, 55, 243, 164, 199, 163, 166, 160 }
[ZOLT] STAGE2: tau_stage2[last] = { 5, 145, 40, 7, 230, 86, 73, 57, 141, 65, 17, 157, 176, 139, 102, 49, 121, 36, 53, 44, 244, 9, 244, 129, 196, 167, 38, 52, 254, 104, 113, 99 }
[ZOLT] STAGE2_BATCHED: max_rounds=24, n_cycle=8, log_ram_k=16
[ZOLT] RWC_DEBUG: ram_read_value_claim = { 0, 0, 0, 0, 0, 0, 0, 0, 0, 0, 0, 0, 0, 0, 0, 0, 0, 0, 0, 0, 0, 0, 0, 0, 0, 0, 0, 0, 0, 0, 0, 0 }
[ZOLT] RWC_DEBUG: ram_write_value_claim = { 0, 0, 0, 0, 0, 0, 0, 0, 0, 0, 0, 0, 0, 0, 0, 0, 0, 0, 0, 0, 0, 0, 0, 0, 0, 0, 0, 0, 0, 0, 0, 0 }
[ZOLT TRANSCRIPT] challengeScalarFull: round=197
[ZOLT TRANSCRIPT]   standard_limbs=[0x8e42b5b345c1d674, 0x3f9cf1f76c882aac, 0, 0]
[ZOLT TRANSCRIPT]   mont_result=[0xebd6e2db577391b, 0xa5d79ce0e1fe0298, 0x557b675130840402, 0x23f3287c394a3575]
[ZOLT TRANSCRIPT]   canonical_value=0x3f9cf1f76c882aac8e42b5b345c1d674
[ZOLT] STAGE2_BATCHED: gamma_rwc = { 0, 0, 0, 0, 0, 0, 0, 0, 0, 0, 0, 0, 0, 0, 0, 0, 63, 156, 241, 247, 108, 136, 42, 172, 142, 66, 181, 179, 69, 193, 214, 116 }
[ZOLT TRANSCRIPT] challengeScalar128Bits: round=198
[ZOLT TRANSCRIPT]   state_before={ 3f 9c f1 f7 6c 88 2a ac 8e 42 b5 b3 45 c1 d6 74 c4 97 6c 2c 1b 58 3b e2 b1 c5 be e6 9d 56 60 81 }
[ZOLT TRANSCRIPT]   challenge_bytes={ a6 f3 1a 99 d5 4a 9e 23 53 48 87 94 75 af 37 0d }
[ZOLT TRANSCRIPT]   reversed={ 0d 37 af 75 94 87 48 53 23 9e 4a d5 99 1a f3 a6 }
[ZOLT TRANSCRIPT]   full_value=0xd37af7594874853239e4ad5991af3a6
[ZOLT TRANSCRIPT]   masked_value=0xd37af7594874853239e4ad5991af3a6 (125-bit)
[ZOLT TRANSCRIPT]   result_limbs=[0x0, 0x0, 0x239e4ad5991af3a6, 0xd37af7594874853]
[ZOLT TRANSCRIPT] challengeScalar128Bits: round=199
[ZOLT TRANSCRIPT]   state_before={ a6 f3 1a 99 d5 4a 9e 23 53 48 87 94 75 af 37 0d 39 43 c1 fe 78 17 e1 3f 7a 87 56 64 ff b4 80 c5 }
[ZOLT TRANSCRIPT]   challenge_bytes={ e7 6c 8b 97 96 0d a5 5b f3 87 9c 29 93 aa 00 7a }
[ZOLT TRANSCRIPT]   reversed={ 7a 00 aa 93 29 9c 87 f3 5b a5 0d 96 97 8b 6c e7 }
[ZOLT TRANSCRIPT]   full_value=0x7a00aa93299c87f35ba50d96978b6ce7
[ZOLT TRANSCRIPT]   masked_value=0x1a00aa93299c87f35ba50d96978b6ce7 (125-bit)
[ZOLT TRANSCRIPT]   result_limbs=[0x0, 0x0, 0x5ba50d96978b6ce7, 0x1a00aa93299c87f3]
[ZOLT TRANSCRIPT] challengeScalar128Bits: round=200
[ZOLT TRANSCRIPT]   state_before={ e7 6c 8b 97 96 0d a5 5b f3 87 9c 29 93 aa 00 7a 8e f0 53 8f 80 77 67 42 57 78 60 ef 0a 4e 8c c1 }
[ZOLT TRANSCRIPT]   challenge_bytes={ 2e dd 22 bf e0 7d d6 36 51 87 a1 96 d7 7d 21 2e }
[ZOLT TRANSCRIPT]   reversed={ 2e 21 7d d7 96 a1 87 51 36 d6 7d e0 bf 22 dd 2e }
[ZOLT TRANSCRIPT]   full_value=0x2e217dd796a1875136d67de0bf22dd2e
[ZOLT TRANSCRIPT]   masked_value=0xe217dd796a1875136d67de0bf22dd2e (125-bit)
[ZOLT TRANSCRIPT]   result_limbs=[0x0, 0x0, 0x36d67de0bf22dd2e, 0xe217dd796a18751]
[ZOLT TRANSCRIPT] challengeScalar128Bits: round=201
[ZOLT TRANSCRIPT]   state_before={ 2e dd 22 bf e0 7d d6 36 51 87 a1 96 d7 7d 21 2e 83 e0 b3 2e df bd e1 e5 85 b0 66 e9 6e 7c 3a e3 }
[ZOLT TRANSCRIPT]   challenge_bytes={ 81 2b 3c 78 85 d4 84 13 9c b8 d3 df 8e fe e0 ed }
[ZOLT TRANSCRIPT]   reversed={ ed e0 fe 8e df d3 b8 9c 13 84 d4 85 78 3c 2b 81 }
[ZOLT TRANSCRIPT]   full_value=0xede0fe8edfd3b89c1384d485783c2b81
[ZOLT TRANSCRIPT]   masked_value=0xde0fe8edfd3b89c1384d485783c2b81 (125-bit)
[ZOLT TRANSCRIPT]   result_limbs=[0x0, 0x0, 0x1384d485783c2b81, 0xde0fe8edfd3b89c]
[ZOLT TRANSCRIPT] challengeScalar128Bits: round=202
[ZOLT TRANSCRIPT]   state_before={ 81 2b 3c 78 85 d4 84 13 9c b8 d3 df 8e fe e0 ed ea 7e 64 25 fe 93 a0 e7 ef aa 58 95 e5 88 81 c0 }
[ZOLT TRANSCRIPT]   challenge_bytes={ bd 72 5e ee b2 1d bd fd 2b fa b6 7d 3b 5e 9a 44 }
[ZOLT TRANSCRIPT]   reversed={ 44 9a 5e 3b 7d b6 fa 2b fd bd 1d b2 ee 5e 72 bd }
[ZOLT TRANSCRIPT]   full_value=0x449a5e3b7db6fa2bfdbd1db2ee5e72bd
[ZOLT TRANSCRIPT]   masked_value=0x49a5e3b7db6fa2bfdbd1db2ee5e72bd (125-bit)
[ZOLT TRANSCRIPT]   result_limbs=[0x0, 0x0, 0xfdbd1db2ee5e72bd, 0x49a5e3b7db6fa2b]
[ZOLT TRANSCRIPT] challengeScalar128Bits: round=203
[ZOLT TRANSCRIPT]   state_before={ bd 72 5e ee b2 1d bd fd 2b fa b6 7d 3b 5e 9a 44 16 e8 61 de b0 84 05 21 f1 36 b8 6c e5 52 d8 35 }
[ZOLT TRANSCRIPT]   challenge_bytes={ 1a 0e 21 e9 7e ef aa 62 6c 16 0f 85 77 9d 9f 87 }
[ZOLT TRANSCRIPT]   reversed={ 87 9f 9d 77 85 0f 16 6c 62 aa ef 7e e9 21 0e 1a }
[ZOLT TRANSCRIPT]   full_value=0x879f9d77850f166c62aaef7ee9210e1a
[ZOLT TRANSCRIPT]   masked_value=0x79f9d77850f166c62aaef7ee9210e1a (125-bit)
[ZOLT TRANSCRIPT]   result_limbs=[0x0, 0x0, 0x62aaef7ee9210e1a, 0x79f9d77850f166c]
[ZOLT TRANSCRIPT] challengeScalar128Bits: round=204
[ZOLT TRANSCRIPT]   state_before={ 1a 0e 21 e9 7e ef aa 62 6c 16 0f 85 77 9d 9f 87 58 f0 71 c7 6b c3 ea fc 11 7c 05 33 1e 38 5e 26 }
[ZOLT TRANSCRIPT]   challenge_bytes={ 6d ef bc 1f 91 b9 b9 fa d6 84 e6 98 b5 80 63 ba }
[ZOLT TRANSCRIPT]   reversed={ ba 63 80 b5 98 e6 84 d6 fa b9 b9 91 1f bc ef 6d }
[ZOLT TRANSCRIPT]   full_value=0xba6380b598e684d6fab9b9911fbcef6d
[ZOLT TRANSCRIPT]   masked_value=0x1a6380b598e684d6fab9b9911fbcef6d (125-bit)
[ZOLT TRANSCRIPT]   result_limbs=[0x0, 0x0, 0xfab9b9911fbcef6d, 0x1a6380b598e684d6]
[ZOLT TRANSCRIPT] challengeScalar128Bits: round=205
[ZOLT TRANSCRIPT]   state_before={ 6d ef bc 1f 91 b9 b9 fa d6 84 e6 98 b5 80 63 ba d0 bc 14 59 04 08 c3 44 b8 2d 13 8c 8b d2 6f b4 }
[ZOLT TRANSCRIPT]   challenge_bytes={ 6f df c7 69 4c 5c 60 d8 23 e8 87 bb 06 b5 ca b6 }
[ZOLT TRANSCRIPT]   reversed={ b6 ca b5 06 bb 87 e8 23 d8 60 5c 4c 69 c7 df 6f }
[ZOLT TRANSCRIPT]   full_value=0xb6cab506bb87e823d8605c4c69c7df6f
[ZOLT TRANSCRIPT]   masked_value=0x16cab506bb87e823d8605c4c69c7df6f (125-bit)
[ZOLT TRANSCRIPT]   result_limbs=[0x0, 0x0, 0xd8605c4c69c7df6f, 0x16cab506bb87e823]
[ZOLT TRANSCRIPT] challengeScalar128Bits: round=206
[ZOLT TRANSCRIPT]   state_before={ 6f df c7 69 4c 5c 60 d8 23 e8 87 bb 06 b5 ca b6 5b 3d c0 f4 ab f7 de dc 50 b4 79 6c 3a 45 cf db }
[ZOLT TRANSCRIPT]   challenge_bytes={ 43 2f cb 80 bc 22 dd 8d d8 f7 b1 fc 35 7d 0f 24 }
[ZOLT TRANSCRIPT]   reversed={ 24 0f 7d 35 fc b1 f7 d8 8d dd 22 bc 80 cb 2f 43 }
[ZOLT TRANSCRIPT]   full_value=0x240f7d35fcb1f7d88ddd22bc80cb2f43
[ZOLT TRANSCRIPT]   masked_value=0x40f7d35fcb1f7d88ddd22bc80cb2f43 (125-bit)
[ZOLT TRANSCRIPT]   result_limbs=[0x0, 0x0, 0x8ddd22bc80cb2f43, 0x40f7d35fcb1f7d8]
[ZOLT TRANSCRIPT] challengeScalar128Bits: round=207
[ZOLT TRANSCRIPT]   state_before={ 43 2f cb 80 bc 22 dd 8d d8 f7 b1 fc 35 7d 0f 24 50 0b eb 9c 0f 13 c5 ae 54 80 54 c9 73 eb 8a ea }
[ZOLT TRANSCRIPT]   challenge_bytes={ f2 5a 34 7b 76 33 be ba dc 74 9a 8e 69 e5 3b c4 }
[ZOLT TRANSCRIPT]   reversed={ c4 3b e5 69 8e 9a 74 dc ba be 33 76 7b 34 5a f2 }
[ZOLT TRANSCRIPT]   full_value=0xc43be5698e9a74dcbabe33767b345af2
[ZOLT TRANSCRIPT]   masked_value=0x43be5698e9a74dcbabe33767b345af2 (125-bit)
[ZOLT TRANSCRIPT]   result_limbs=[0x0, 0x0, 0xbabe33767b345af2, 0x43be5698e9a74dc]
[ZOLT TRANSCRIPT] challengeScalar128Bits: round=208
[ZOLT TRANSCRIPT]   state_before={ f2 5a 34 7b 76 33 be ba dc 74 9a 8e 69 e5 3b c4 d9 7a 87 31 f7 fb 5d d5 a3 1b b3 6c e7 79 dc b7 }
[ZOLT TRANSCRIPT]   challenge_bytes={ 15 7b 76 a8 94 f2 f2 4d 88 d8 4d 85 8d 4e d0 fb }
[ZOLT TRANSCRIPT]   reversed={ fb d0 4e 8d 85 4d d8 88 4d f2 f2 94 a8 76 7b 15 }
[ZOLT TRANSCRIPT]   full_value=0xfbd04e8d854dd8884df2f294a8767b15
[ZOLT TRANSCRIPT]   masked_value=0x1bd04e8d854dd8884df2f294a8767b15 (125-bit)
[ZOLT TRANSCRIPT]   result_limbs=[0x0, 0x0, 0x4df2f294a8767b15, 0x1bd04e8d854dd888]
[ZOLT TRANSCRIPT] challengeScalar128Bits: round=209
[ZOLT TRANSCRIPT]   state_before={ 15 7b 76 a8 94 f2 f2 4d 88 d8 4d 85 8d 4e d0 fb 17 3b a2 1d 17 20 07 5e 5b 95 ac 54 57 15 d3 6a }
[ZOLT TRANSCRIPT]   challenge_bytes={ 8f f1 6c ef e9 28 b3 b0 a9 ff 8b 2e 05 38 e9 d4 }
[ZOLT TRANSCRIPT]   reversed={ d4 e9 38 05 2e 8b ff a9 b0 b3 28 e9 ef 6c f1 8f }
[ZOLT TRANSCRIPT]   full_value=0xd4e938052e8bffa9b0b328e9ef6cf18f
[ZOLT TRANSCRIPT]   masked_value=0x14e938052e8bffa9b0b328e9ef6cf18f (125-bit)
[ZOLT TRANSCRIPT]   result_limbs=[0x0, 0x0, 0xb0b328e9ef6cf18f, 0x14e938052e8bffa9]
[ZOLT TRANSCRIPT] challengeScalar128Bits: round=210
[ZOLT TRANSCRIPT]   state_before={ 8f f1 6c ef e9 28 b3 b0 a9 ff 8b 2e 05 38 e9 d4 56 4f 79 4c a9 4c 4c 61 d0 9a 0c fb 7a b3 ff d8 }
[ZOLT TRANSCRIPT]   challenge_bytes={ 70 fb 32 f9 82 30 9a 6a 29 d1 3f b0 b9 bc 4a 54 }
[ZOLT TRANSCRIPT]   reversed={ 54 4a bc b9 b0 3f d1 29 6a 9a 30 82 f9 32 fb 70 }
[ZOLT TRANSCRIPT]   full_value=0x544abcb9b03fd1296a9a3082f932fb70
[ZOLT TRANSCRIPT]   masked_value=0x144abcb9b03fd1296a9a3082f932fb70 (125-bit)
[ZOLT TRANSCRIPT]   result_limbs=[0x0, 0x0, 0x6a9a3082f932fb70, 0x144abcb9b03fd129]
[ZOLT TRANSCRIPT] challengeScalar128Bits: round=211
[ZOLT TRANSCRIPT]   state_before={ 70 fb 32 f9 82 30 9a 6a 29 d1 3f b0 b9 bc 4a 54 d6 ec f8 c1 7a 33 16 6b 67 fb 0e d3 50 e4 69 24 }
[ZOLT TRANSCRIPT]   challenge_bytes={ 7e 4e c1 28 a0 c0 4e 9e 0f ca ed e6 25 67 6e c4 }
[ZOLT TRANSCRIPT]   reversed={ c4 6e 67 25 e6 ed ca 0f 9e 4e c0 a0 28 c1 4e 7e }
[ZOLT TRANSCRIPT]   full_value=0xc46e6725e6edca0f9e4ec0a028c14e7e
[ZOLT TRANSCRIPT]   masked_value=0x46e6725e6edca0f9e4ec0a028c14e7e (125-bit)
[ZOLT TRANSCRIPT]   result_limbs=[0x0, 0x0, 0x9e4ec0a028c14e7e, 0x46e6725e6edca0f]
[ZOLT TRANSCRIPT] challengeScalar128Bits: round=212
[ZOLT TRANSCRIPT]   state_before={ 7e 4e c1 28 a0 c0 4e 9e 0f ca ed e6 25 67 6e c4 18 34 8b 96 6b 5d 1f ae e7 31 14 b4 7a ab 0f 1b }
[ZOLT TRANSCRIPT]   challenge_bytes={ 7f ee e1 56 69 2b 79 06 a6 8c 59 a2 8f 3a 4f f9 }
[ZOLT TRANSCRIPT]   reversed={ f9 4f 3a 8f a2 59 8c a6 06 79 2b 69 56 e1 ee 7f }
[ZOLT TRANSCRIPT]   full_value=0xf94f3a8fa2598ca606792b6956e1ee7f
[ZOLT TRANSCRIPT]   masked_value=0x194f3a8fa2598ca606792b6956e1ee7f (125-bit)
[ZOLT TRANSCRIPT]   result_limbs=[0x0, 0x0, 0x6792b6956e1ee7f, 0x194f3a8fa2598ca6]
[ZOLT TRANSCRIPT] challengeScalar128Bits: round=213
[ZOLT TRANSCRIPT]   state_before={ 7f ee e1 56 69 2b 79 06 a6 8c 59 a2 8f 3a 4f f9 92 42 3e 95 16 4f dd 81 89 c4 cf 4d 30 bc d0 ad }
[ZOLT TRANSCRIPT]   challenge_bytes={ a0 44 ab 1f 2d 1d 4b e2 ab 65 ad dd bc 1f 57 a5 }
[ZOLT TRANSCRIPT]   reversed={ a5 57 1f bc dd ad 65 ab e2 4b 1d 2d 1f ab 44 a0 }
[ZOLT TRANSCRIPT]   full_value=0xa5571fbcddad65abe24b1d2d1fab44a0
[ZOLT TRANSCRIPT]   masked_value=0x5571fbcddad65abe24b1d2d1fab44a0 (125-bit)
[ZOLT TRANSCRIPT]   result_limbs=[0x0, 0x0, 0xe24b1d2d1fab44a0, 0x5571fbcddad65ab]
[ZOLT TRANSCRIPT] challengeScalarFull: round=214
[ZOLT TRANSCRIPT]   standard_limbs=[0x1f4686eb0382d391, 0xa28a98689d108510, 0, 0]
[ZOLT TRANSCRIPT]   mont_result=[0x1f2d1f59827b7a67, 0x1ce2e19fcccc362, 0x1f238a3dd551c661, 0xf24e2a2d1eeb966]
[ZOLT TRANSCRIPT]   canonical_value=0xa28a98689d1085101f4686eb0382d391
[ZOLT] STAGE2_BATCHED: gamma_instr = { 0, 0, 0, 0, 0, 0, 0, 0, 0, 0, 0, 0, 0, 0, 0, 0, 162, 138, 152, 104, 157, 16, 133, 16, 31, 70, 134, 235, 3, 130, 211, 145 }
[ZOLT] STAGE2_BATCHED: input_claim[0] (ProductVirtualRemainder) = { 17, 15, 58, 168, 96, 33, 176, 128, 6, 150, 188, 166, 92, 157, 164, 145, 48, 62, 29, 14, 133, 80, 106, 86, 41, 110, 40, 58, 86, 135, 177, 38 }
[ZOLT] STAGE2_BATCHED: input_claim[1] (RamRafEvaluation) = { 0, 0, 0, 0, 0, 0, 0, 0, 0, 0, 0, 0, 0, 0, 0, 0, 0, 0, 0, 0, 0, 0, 0, 0, 0, 0, 0, 0, 0, 0, 0, 0 }
[ZOLT] STAGE2_BATCHED: input_claim[2] (RamReadWriteChecking) = { 0, 0, 0, 0, 0, 0, 0, 0, 0, 0, 0, 0, 0, 0, 0, 0, 0, 0, 0, 0, 0, 0, 0, 0, 0, 0, 0, 0, 0, 0, 0, 0 }
[ZOLT] STAGE2_BATCHED: input_claim[3] (OutputSumcheck) = 0
[ZOLT] STAGE2_BATCHED: input_claim[4] (InstructionLookupsClaimReduction) = { 4, 107, 252, 30, 30, 165, 143, 192, 80, 100, 170, 79, 239, 241, 219, 207, 138, 165, 10, 136, 153, 107, 44, 141, 124, 21, 237, 68, 94, 91, 240, 54 }
[ZOLT TRANSCRIPT] appendBytes: len=32, state_before={ a2 8a 98 68 9d 10 85 10 ... }
[ZOLT TRANSCRIPT]   first_8_bytes={ 11 0f 3a a8 60 21 b0 80 }
[ZOLT TRANSCRIPT]   last_8_bytes={ 29 6e 28 3a 56 87 b1 26 }
[ZOLT TRANSCRIPT]   state_after={ 79 ca dd 2e 9e 1d d6 f3 ... }
[ZOLT TRANSCRIPT] appendBytes: len=32, state_before={ 79 ca dd 2e 9e 1d d6 f3 ... }
[ZOLT TRANSCRIPT]   first_8_bytes={ 00 00 00 00 00 00 00 00 }
[ZOLT TRANSCRIPT]   last_8_bytes={ 00 00 00 00 00 00 00 00 }
[ZOLT TRANSCRIPT]   state_after={ 4b c6 1f 44 66 67 c6 fc ... }
[ZOLT TRANSCRIPT] appendBytes: len=32, state_before={ 4b c6 1f 44 66 67 c6 fc ... }
[ZOLT TRANSCRIPT]   first_8_bytes={ 00 00 00 00 00 00 00 00 }
[ZOLT TRANSCRIPT]   last_8_bytes={ 00 00 00 00 00 00 00 00 }
[ZOLT TRANSCRIPT]   state_after={ 15 c8 23 12 82 de 85 4c ... }
[ZOLT TRANSCRIPT] appendBytes: len=32, state_before={ 15 c8 23 12 82 de 85 4c ... }
[ZOLT TRANSCRIPT]   first_8_bytes={ 00 00 00 00 00 00 00 00 }
[ZOLT TRANSCRIPT]   last_8_bytes={ 00 00 00 00 00 00 00 00 }
[ZOLT TRANSCRIPT]   state_after={ 52 4d 2c 37 12 81 bd 11 ... }
[ZOLT TRANSCRIPT] appendBytes: len=32, state_before={ 52 4d 2c 37 12 81 bd 11 ... }
[ZOLT TRANSCRIPT]   first_8_bytes={ 04 6b fc 1e 1e a5 8f c0 }
[ZOLT TRANSCRIPT]   last_8_bytes={ 7c 15 ed 44 5e 5b f0 36 }
[ZOLT TRANSCRIPT]   state_after={ a8 27 6f fe b9 8b cd 44 ... }
[ZOLT] STAGE2_PRE: input_claim[0] = { 38, 177, 135, 86, 58, 40, 110, 41, 86, 106, 80, 133, 14, 29, 62, 48, 145, 164, 157, 92, 166, 188, 150, 6, 128, 176, 33, 96, 168, 58, 15, 17, }
[ZOLT] STAGE2_PRE: num_rounds[0] = 8
[ZOLT] STAGE2_PRE: degree[0] = 3
[ZOLT] STAGE2_PRE: input_claim[1] = { 0, 0, 0, 0, 0, 0, 0, 0, 0, 0, 0, 0, 0, 0, 0, 0, 0, 0, 0, 0, 0, 0, 0, 0, 0, 0, 0, 0, 0, 0, 0, 0, }
[ZOLT] STAGE2_PRE: num_rounds[1] = 16
[ZOLT] STAGE2_PRE: degree[1] = 3
[ZOLT] STAGE2_PRE: input_claim[2] = { 0, 0, 0, 0, 0, 0, 0, 0, 0, 0, 0, 0, 0, 0, 0, 0, 0, 0, 0, 0, 0, 0, 0, 0, 0, 0, 0, 0, 0, 0, 0, 0, }
[ZOLT] STAGE2_PRE: num_rounds[2] = 24
[ZOLT] STAGE2_PRE: degree[2] = 3
[ZOLT] STAGE2_PRE: input_claim[3] = { 0, 0, 0, 0, 0, 0, 0, 0, 0, 0, 0, 0, 0, 0, 0, 0, 0, 0, 0, 0, 0, 0, 0, 0, 0, 0, 0, 0, 0, 0, 0, 0, }
[ZOLT] STAGE2_PRE: num_rounds[3] = 16
[ZOLT] STAGE2_PRE: degree[3] = 3
[ZOLT] STAGE2_PRE: input_claim[4] = { 54, 240, 91, 94, 68, 237, 21, 124, 141, 44, 107, 153, 136, 10, 165, 138, 207, 219, 241, 239, 79, 170, 100, 80, 192, 143, 165, 30, 30, 252, 107, 4, }
[ZOLT] STAGE2_PRE: num_rounds[4] = 8
[ZOLT] STAGE2_PRE: degree[4] = 3
[ZOLT] STAGE2: transcript state after input_claims = { 168, 39, 111, 254, 185, 139, 205, 68 }
[ZOLT TRANSCRIPT] challengeScalarFull: round=220
[ZOLT TRANSCRIPT]   standard_limbs=[0x93e02c5275217d95, 0x16452e8f73265d, 0, 0]
[ZOLT TRANSCRIPT]   mont_result=[0x18659550388b49bf, 0xde7a71d4873953a0, 0xdbd4d093ed4d47c3, 0x8e1ffc02e768f69]
[ZOLT TRANSCRIPT]   canonical_value=0x16452e8f73265d93e02c5275217d95
[ZOLT TRANSCRIPT] challengeScalarFull: round=221
[ZOLT TRANSCRIPT]   standard_limbs=[0x6f6e51e3a4cfdc6f, 0xc6028c2066ee93fd, 0, 0]
[ZOLT TRANSCRIPT]   mont_result=[0xc48c4364e3d6dd21, 0x68cf6aea04713e72, 0xd68738d70b416ac1, 0x2b99556204de3382]
[ZOLT TRANSCRIPT]   canonical_value=0xc6028c2066ee93fd6f6e51e3a4cfdc6f
[ZOLT TRANSCRIPT] challengeScalarFull: round=222
[ZOLT TRANSCRIPT]   standard_limbs=[0xd02a49df0293043a, 0x405bfd30c2160744, 0, 0]
[ZOLT TRANSCRIPT]   mont_result=[0xffeef48a9ed491bc, 0x1d9dcb7a59e70be2, 0x501d6ab78529b973, 0x10b3f25aaea0854b]
[ZOLT TRANSCRIPT]   canonical_value=0x405bfd30c2160744d02a49df0293043a
[ZOLT TRANSCRIPT] challengeScalarFull: round=223
[ZOLT TRANSCRIPT]   standard_limbs=[0xd9f89662eb228329, 0x3302421e3dceb8b2, 0, 0]
[ZOLT TRANSCRIPT]   mont_result=[0x7b46f010ebd3aaec, 0x21ac9bd41ffc9227, 0x23a96fad10b97ab4, 0x29d3f0d7dca1818]
[ZOLT TRANSCRIPT]   canonical_value=0x3302421e3dceb8b2d9f89662eb228329
[ZOLT TRANSCRIPT] challengeScalarFull: round=224
[ZOLT TRANSCRIPT]   standard_limbs=[0x65838d643eb1c1f3, 0x16deef8f56bf0904, 0, 0]
[ZOLT TRANSCRIPT]   mont_result=[0x6e8649fbc1fae023, 0x82e8d5bd411ef5fa, 0x6051cabd261e5d58, 0x1bb2ff410294e8bd]
[ZOLT TRANSCRIPT]   canonical_value=0x16deef8f56bf090465838d643eb1c1f3
[ZOLT] STAGE2_PRE: batching_coeffs.len = 5
[ZOLT] STAGE2_PRE: batching_coeff[0] = { 149, 125, 33, 117, 82, 44, 224, 147, 93, 38, 115, 143, 46, 69, 22, 0, 0, 0, 0, 0, 0, 0, 0, 0, 0, 0, 0, 0, 0, 0, 0, 0, }
[ZOLT] STAGE2_PRE: batching_coeff[1] = { 111, 220, 207, 164, 227, 81, 110, 111, 253, 147, 238, 102, 32, 140, 2, 198, 0, 0, 0, 0, 0, 0, 0, 0, 0, 0, 0, 0, 0, 0, 0, 0, }
[ZOLT] STAGE2_PRE: batching_coeff[2] = { 58, 4, 147, 2, 223, 73, 42, 208, 68, 7, 22, 194, 48, 253, 91, 64, 0, 0, 0, 0, 0, 0, 0, 0, 0, 0, 0, 0, 0, 0, 0, 0, }
[ZOLT] STAGE2_PRE: batching_coeff[3] = { 41, 131, 34, 235, 98, 150, 248, 217, 178, 184, 206, 61, 30, 66, 2, 51, 0, 0, 0, 0, 0, 0, 0, 0, 0, 0, 0, 0, 0, 0, 0, 0, }
[ZOLT] STAGE2_PRE: batching_coeff[4] = { 243, 193, 177, 62, 100, 141, 131, 101, 4, 9, 191, 86, 143, 239, 222, 22, 0, 0, 0, 0, 0, 0, 0, 0, 0, 0, 0, 0, 0, 0, 0, 0, }
[ZOLT] STAGE2_BATCHED: batching_coeff[0] = { 0, 0, 0, 0, 0, 0, 0, 0, 0, 0, 0, 0, 0, 0, 0, 0, 0, 22, 69, 46, 143, 115, 38, 93, 147, 224, 44, 82, 117, 33, 125, 149 }
[ZOLT] STAGE2_BATCHED: initial batched_claim = { 6, 195, 9, 90, 238, 250, 24, 253, 118, 103, 27, 53, 186, 249, 63, 51, 141, 193, 232, 66, 59, 79, 135, 43, 38, 162, 177, 198, 188, 212, 148, 252 }
[ZOLT] STAGE2_BATCHED: uni_skip_claim_stage2 (product input) = { 17, 15, 58, 168, 96, 33, 176, 128, 6, 150, 188, 166, 92, 157, 164, 145, 48, 62, 29, 14, 133, 80, 106, 86, 41, 110, 40, 58, 86, 135, 177, 38 }
[ZOLT] STAGE2_INITIAL: batched_claim = { 252, 148, 212, 188, 198, 177, 162, 38, 43, 135, 79, 59, 66, 232, 193, 141, 51, 63, 249, 186, 53, 27, 103, 118, 253, 24, 250, 238, 90, 9, 195, 6, }
[ZOLT] STAGE2_BATCHED: memory_layout=true, initial_ram=true, final_ram=true
[ZOLT] STAGE2_BATCHED: Attempting to init OutputSumcheckProver...
[ZOLT] STAGE2_BATCHED: program_inputs=0, program_outputs=0, is_panicking=false
[ZOLT OUTPUT_CHECK] r_address (log_K=16):
[ZOLT OUTPUT_CHECK]   r_address[0] = { 0, 243, 27, 196, 98, 79, 103, 27, 102, 178, 152, 82, 10, 197, 105, 184, 138, 38, 240, 218, 29, 237, 84, 221, 79, 45, 43, 224, 50, 133, 142, 133 }
[ZOLT OUTPUT_CHECK]   r_address[1] = { 14, 247, 47, 96, 212, 139, 177, 104, 172, 65, 168, 113, 47, 165, 67, 173, 32, 215, 4, 84, 152, 127, 175, 172, 30, 159, 201, 159, 222, 67, 46, 244 }
[ZOLT OUTPUT_CHECK]   r_address[2] = { 35, 21, 185, 155, 55, 189, 146, 90, 88, 97, 11, 218, 96, 21, 153, 126, 87, 46, 62, 169, 151, 252, 100, 184, 158, 164, 130, 149, 74, 23, 38, 84 }
[ZOLT OUTPUT_CHECK]   r_address[3] = { 10, 127, 46, 138, 134, 106, 250, 11, 54, 26, 59, 204, 53, 139, 139, 54, 150, 233, 157, 91, 69, 15, 158, 127, 231, 197, 112, 217, 192, 93, 7, 91 }
[ZOLT OUTPUT_CHECK]   r_address[4] = { 21, 175, 78, 248, 24, 42, 218, 224, 241, 142, 117, 239, 119, 26, 57, 122, 138, 237, 26, 129, 52, 196, 225, 42, 227, 41, 211, 31, 128, 28, 203, 215 }
[ZOLT OUTPUT_CHECK]   r_address[5] = { 9, 146, 125, 7, 25, 206, 118, 198, 33, 52, 189, 206, 31, 43, 62, 145, 89, 55, 147, 75, 172, 94, 2, 182, 242, 58, 128, 230, 100, 185, 224, 205 }
[ZOLT OUTPUT_CHECK]   r_address[6] = { 28, 103, 181, 159, 247, 93, 174, 192, 42, 49, 212, 237, 198, 255, 157, 12, 116, 241, 187, 0, 121, 186, 3, 64, 148, 132, 181, 230, 162, 133, 207, 0 }
[ZOLT OUTPUT_CHECK]   r_address[7] = { 36, 199, 79, 96, 167, 93, 232, 182, 76, 62, 53, 39, 88, 141, 47, 159, 110, 73, 250, 191, 176, 226, 205, 156, 136, 113, 107, 63, 66, 240, 181, 212 }
[ZOLT OUTPUT_CHECK]   r_address[8] = { 14, 233, 75, 40, 44, 18, 75, 206, 228, 175, 102, 95, 34, 204, 49, 81, 188, 6, 42, 28, 224, 190, 9, 96, 51, 70, 182, 160, 28, 31, 21, 25 }
[ZOLT OUTPUT_CHECK]   r_address[9] = { 33, 199, 185, 196, 29, 20, 141, 43, 153, 42, 111, 120, 47, 107, 182, 20, 38, 114, 206, 226, 109, 90, 251, 81, 48, 127, 168, 196, 117, 118, 112, 241 }
[ZOLT OUTPUT_CHECK]   r_address[10] = { 27, 107, 112, 116, 125, 69, 82, 28, 118, 192, 198, 119, 125, 251, 171, 231, 170, 47, 82, 3, 167, 35, 152, 228, 33, 150, 142, 212, 98, 4, 17, 169 }
[ZOLT OUTPUT_CHECK]   r_address[11] = { 23, 212, 179, 8, 172, 149, 137, 196, 81, 140, 4, 147, 41, 129, 70, 118, 251, 166, 33, 235, 74, 58, 184, 243, 15, 53, 244, 29, 5, 54, 106, 249 }
[ZOLT OUTPUT_CHECK]   r_address[12] = { 26, 208, 146, 220, 22, 128, 63, 185, 219, 246, 94, 252, 116, 167, 28, 35, 182, 197, 74, 46, 216, 220, 53, 60, 1, 16, 223, 157, 229, 55, 9, 92 }
[ZOLT OUTPUT_CHECK]   r_address[13] = { 24, 243, 169, 139, 51, 213, 114, 254, 176, 82, 160, 76, 48, 40, 217, 32, 103, 181, 146, 12, 176, 129, 160, 83, 43, 172, 246, 34, 218, 88, 165, 184 }
[ZOLT OUTPUT_CHECK]   r_address[14] = { 10, 239, 201, 180, 37, 253, 196, 96, 252, 27, 157, 244, 68, 42, 224, 174, 171, 37, 20, 252, 119, 38, 136, 48, 157, 168, 23, 25, 248, 76, 42, 58 }
[ZOLT OUTPUT_CHECK]   r_address[15] = { 21, 146, 193, 228, 149, 41, 54, 2, 44, 83, 97, 217, 31, 126, 116, 49, 83, 216, 255, 230, 239, 174, 96, 255, 216, 136, 23, 164, 14, 102, 110, 95 }
[ZOLT] OutputSumcheck: initial_ram k=4096, addr=0x80000000, val=0x11011B00008137
[ZOLT] OutputSumcheck: final_ram k=4096, addr=0x80000000, val=0x11011B00008137
[ZOLT] OutputSumcheck: initial_ram k=4097, addr=0x80000008, val=0x38000EF01011113
[ZOLT] OutputSumcheck: final_ram k=4097, addr=0x80000008, val=0x38000EF01011113
[ZOLT] OutputSumcheck: initial_ram k=4098, addr=0x80000010, val=0x1007930000006F
[ZOLT] OutputSumcheck: final_ram k=4098, addr=0x80000010, val=0x1007930000006F
[ZOLT] OutputSumcheck: initial_ram k=4099, addr=0x80000018, val=0x15061B02A7D463
[ZOLT] OutputSumcheck: final_ram k=4099, addr=0x80000018, val=0x15061B02A7D463
[ZOLT] OutputSumcheck: final_ram non_zero_count=13, io_region_values=0, K=65536
[ZOLT] OutputSumcheck: initial_ram non_zero_count=13, bytecode_count=13
[ZOLT] OutputSumcheck: val_final[2048] = 0 (panic bit), val_init[2048] = 0 (from initial_ram)
[ZOLT] OutputSumcheck: val_final[2049] = 1 (termination bit), val_init[2049] = 0 (from initial_ram)
[ZOLT] OutputSumcheck: lowest=0x000000007FFF8000, io_start=1024, io_end=4096
[ZOLT] OutputSumcheck: input_start=0x000000007FFFA000, RAM_START=0x0000000080000000
[ZOLT] OutputSumcheck: output_start=0x000000007FFFB000, output_end=0x000000007FFFC000
[ZOLT] OutputSumcheck: panic=0x000000007FFFC000, termination=0x000000007FFFC008
[ZOLT] OutputSumcheck: populated 0 input words starting at index 1024
[ZOLT] OutputSumcheck: populated 0 output words starting at index 1536
[ZOLT] OutputSumcheck: val_io[2048] = 0 (panic bit)
[ZOLT] OutputSumcheck: termination_index=2049, in IO=true
[ZOLT] OutputSumcheck: val_io[2049] = 1 (termination bit, not panicking)
[ZOLT] OutputSumcheck: copied val_init to val_final for 0 unwritten addresses outside I/O region
[ZOLT] OutputSumcheck: copied val_final to val_init for 0 addresses inside I/O region (except termination)
[ZOLT] OutputSumcheck DEBUG: val_final[2049] != val_init[2049] (IN I/O)
[ZOLT]   val_final[2049] = { 0, 0, 0, 0, 0, 0, 0, 0, 0, 0, 0, 0, 0, 0, 0, 0, 0, 0, 0, 0, 0, 0, 0, 0, 0, 0, 0, 0, 0, 0, 0, 1 }
[ZOLT]   val_init[2049] = { 0, 0, 0, 0, 0, 0, 0, 0, 0, 0, 0, 0, 0, 0, 0, 0, 0, 0, 0, 0, 0, 0, 0, 0, 0, 0, 0, 0, 0, 0, 0, 0 }
[ZOLT] OutputSumcheck DEBUG: 1 total differences (1  in I/O, 0 outside I/O)
[ZOLT] STAGE2_BATCHED: OutputSumcheckProver initialized
[ZOLT] STAGE2_BATCHED: memory_trace=true
[ZOLT] WARNING: Instance 2 (RWC) using fallback - no prover
[ZOLT] STAGE2_BATCHED round 0: combined_evals[0] = { 3, 97, 132, 173, 119, 125, 12, 126, 187, 51, 141, 154, 221, 124, 159, 153, 198, 224, 244, 33, 29, 167, 195, 149, 147, 81, 88, 227, 94, 106, 74, 126 }
[ZOLT] STAGE2_BATCHED round 0: combined_evals[1] = { 3, 97, 132, 173, 119, 125, 12, 126, 187, 51, 141, 154, 221, 124, 159, 153, 198, 224, 244, 33, 29, 167, 195, 149, 147, 81, 88, 227, 94, 106, 74, 126 }
[ZOLT] STAGE2_BATCHED round 0: compressed[0] (c0) = { 3, 97, 132, 173, 119, 125, 12, 126, 187, 51, 141, 154, 221, 124, 159, 153, 198, 224, 244, 33, 29, 167, 195, 149, 147, 81, 88, 227, 94, 106, 74, 126 }
[ZOLT] STAGE2_BATCHED round 0: compressed[2] (c3) = { 0, 0, 0, 0, 0, 0, 0, 0, 0, 0, 0, 0, 0, 0, 0, 0, 0, 0, 0, 0, 0, 0, 0, 0, 0, 0, 0, 0, 0, 0, 0, 0 }
[ZOLT TRANSCRIPT] appendMessage: "UniPoly_begin" (len=13), round=225, state_before=[16, de, ef, 8f, 56, bf, 09, 04]
[ZOLT TRANSCRIPT]   state_after={ 1d 68 fc 96 54 70 5b 98 ... }
[ZOLT TRANSCRIPT] appendBytes: len=32, state_before={ 1d 68 fc 96 54 70 5b 98 ... }
[ZOLT TRANSCRIPT]   first_8_bytes={ 03 61 84 ad 77 7d 0c 7e }
[ZOLT TRANSCRIPT]   last_8_bytes={ 93 51 58 e3 5e 6a 4a 7e }
[ZOLT TRANSCRIPT]   state_after={ 5a 7a ce 52 f4 45 46 ea ... }
[ZOLT TRANSCRIPT] appendBytes: len=32, state_before={ 5a 7a ce 52 f4 45 46 ea ... }
[ZOLT TRANSCRIPT]   first_8_bytes={ 00 00 00 00 00 00 00 00 }
[ZOLT TRANSCRIPT]   last_8_bytes={ 00 00 00 00 00 00 00 00 }
[ZOLT TRANSCRIPT]   state_after={ ce 64 e4 60 f9 81 b8 57 ... }
[ZOLT TRANSCRIPT] appendBytes: len=32, state_before={ ce 64 e4 60 f9 81 b8 57 ... }
[ZOLT TRANSCRIPT]   first_8_bytes={ 00 00 00 00 00 00 00 00 }
[ZOLT TRANSCRIPT]   last_8_bytes={ 00 00 00 00 00 00 00 00 }
[ZOLT TRANSCRIPT]   state_after={ 6c 9a 63 05 dc c8 3f 44 ... }
[ZOLT TRANSCRIPT] appendMessage: "UniPoly_end" (len=11), round=229, state_before=[6c, 9a, 63, 05, dc, c8, 3f, 44]
[ZOLT TRANSCRIPT]   state_after={ 54 28 f4 8a f1 0b 68 c7 ... }
[ZOLT TRANSCRIPT] challengeScalar128Bits: round=230
[ZOLT TRANSCRIPT]   state_before={ 54 28 f4 8a f1 0b 68 c7 1d 49 e0 7c 2c fc ac c4 2c 9d 54 a6 40 c1 e5 be c0 a9 c2 67 e2 4d e3 de }
[ZOLT TRANSCRIPT]   challenge_bytes={ 46 73 3e 5d b3 e2 eb 58 f7 88 14 8b 67 d8 60 9d }
[ZOLT TRANSCRIPT]   reversed={ 9d 60 d8 67 8b 14 88 f7 58 eb e2 b3 5d 3e 73 46 }
[ZOLT TRANSCRIPT]   full_value=0x9d60d8678b1488f758ebe2b35d3e7346
[ZOLT TRANSCRIPT]   masked_value=0x1d60d8678b1488f758ebe2b35d3e7346 (125-bit)
[ZOLT TRANSCRIPT]   result_limbs=[0x0, 0x0, 0x58ebe2b35d3e7346, 0x1d60d8678b1488f7]
[ZOLT] STAGE2_ROUND_0: current_claim = { 252, 148, 212, 188, 198, 177, 162, 38, 43, 135, 79, 59, 66, 232, 193, 141, 51, 63, 249, 186, 53, 27, 103, 118, 253, 24, 250, 238, 90, 9, 195, 6, }
[ZOLT] STAGE2_ROUND_0: c0 = { 126, 74, 106, 94, 227, 88, 81, 147, 149, 195, 167, 29, 33, 244, 224, 198, 153, 159, 124, 221, 154, 141, 51, 187, 126, 12, 125, 119, 173, 132, 97, 3, }
[ZOLT] STAGE2_ROUND_0: c2 = { 0, 0, 0, 0, 0, 0, 0, 0, 0, 0, 0, 0, 0, 0, 0, 0, 0, 0, 0, 0, 0, 0, 0, 0, 0, 0, 0, 0, 0, 0, 0, 0, }
[ZOLT] STAGE2_ROUND_0: c3 = { 0, 0, 0, 0, 0, 0, 0, 0, 0, 0, 0, 0, 0, 0, 0, 0, 0, 0, 0, 0, 0, 0, 0, 0, 0, 0, 0, 0, 0, 0, 0, 0, }
[ZOLT] STAGE2_ROUND_0: challenge = { 164, 190, 209, 92, 83, 48, 187, 126, 116, 168, 102, 205, 100, 68, 30, 156, 239, 189, 172, 220, 180, 111, 139, 215, 1, 171, 131, 211, 39, 122, 233, 15, }
[ZOLT] STAGE2_ROUND_0: next_claim = { 126, 74, 106, 94, 227, 88, 81, 147, 149, 195, 167, 29, 33, 244, 224, 198, 153, 159, 124, 221, 154, 141, 51, 187, 126, 12, 125, 119, 173, 132, 97, 3, }
[ZOLT CLAIM] round 0: old_claim = { 6, 195, 9, 90, 238, 250, 24, 253, 118, 103, 27, 53, 186, 249, 63, 51, 141, 193, 232, 66, 59, 79, 135, 43, 38, 162, 177, 198, 188, 212, 148, 252 }
[ZOLT CLAIM] round 0: s(0)+s(1) = { 6, 195, 9, 90, 238, 250, 24, 253, 118, 103, 27, 53, 186, 249, 63, 51, 141, 193, 232, 66, 59, 79, 135, 43, 38, 162, 177, 198, 188, 212, 148, 252 }
[ZOLT CLAIM] round 0: new_claim = { 3, 97, 132, 173, 119, 125, 12, 126, 187, 51, 141, 154, 221, 124, 159, 153, 198, 224, 244, 33, 29, 167, 195, 149, 147, 81, 88, 227, 94, 106, 74, 126 }
[ZOLT TRANSCRIPT] appendMessage: "UniPoly_begin" (len=13), round=231, state_before=[46, 73, 3e, 5d, b3, e2, eb, 58]
[ZOLT TRANSCRIPT]   state_after={ 21 c0 9f 18 19 d5 d4 09 ... }
[ZOLT TRANSCRIPT] appendBytes: len=32, state_before={ 21 c0 9f 18 19 d5 d4 09 ... }
[ZOLT TRANSCRIPT]   first_8_bytes={ 01 b0 c2 56 bb be 86 3f }
[ZOLT TRANSCRIPT]   last_8_bytes={ c9 a8 ac 71 af 35 25 3f }
[ZOLT TRANSCRIPT]   state_after={ 31 04 bf 7b ae 08 b3 57 ... }
[ZOLT TRANSCRIPT] appendBytes: len=32, state_before={ 31 04 bf 7b ae 08 b3 57 ... }
[ZOLT TRANSCRIPT]   first_8_bytes={ 00 00 00 00 00 00 00 00 }
[ZOLT TRANSCRIPT]   last_8_bytes={ 00 00 00 00 00 00 00 00 }
[ZOLT TRANSCRIPT]   state_after={ ff 9a e1 55 8c b3 9d d5 ... }
[ZOLT TRANSCRIPT] appendBytes: len=32, state_before={ ff 9a e1 55 8c b3 9d d5 ... }
[ZOLT TRANSCRIPT]   first_8_bytes={ 00 00 00 00 00 00 00 00 }
[ZOLT TRANSCRIPT]   last_8_bytes={ 00 00 00 00 00 00 00 00 }
[ZOLT TRANSCRIPT]   state_after={ 92 ca 9b 4e c7 6c 9d a4 ... }
[ZOLT TRANSCRIPT] appendMessage: "UniPoly_end" (len=11), round=235, state_before=[92, ca, 9b, 4e, c7, 6c, 9d, a4]
[ZOLT TRANSCRIPT]   state_after={ d4 23 1d 7f 83 7c f5 0d ... }
[ZOLT TRANSCRIPT] challengeScalar128Bits: round=236
[ZOLT TRANSCRIPT]   state_before={ d4 23 1d 7f 83 7c f5 0d 14 cb 0f 51 4e 9f 4d bc 45 b2 77 e6 28 28 64 f4 ac d0 05 43 8b a2 1e f2 }
[ZOLT TRANSCRIPT]   challenge_bytes={ 99 fc 42 90 6a 5a fd 16 13 c7 0a 8a 48 0b 9a db }
[ZOLT TRANSCRIPT]   reversed={ db 9a 0b 48 8a 0a c7 13 16 fd 5a 6a 90 42 fc 99 }
[ZOLT TRANSCRIPT]   full_value=0xdb9a0b488a0ac71316fd5a6a9042fc99
[ZOLT TRANSCRIPT]   masked_value=0x1b9a0b488a0ac71316fd5a6a9042fc99 (125-bit)
[ZOLT TRANSCRIPT]   result_limbs=[0x0, 0x0, 0x16fd5a6a9042fc99, 0x1b9a0b488a0ac713]
[ZOLT] STAGE2_ROUND_1: current_claim = { 126, 74, 106, 94, 227, 88, 81, 147, 149, 195, 167, 29, 33, 244, 224, 198, 153, 159, 124, 221, 154, 141, 51, 187, 126, 12, 125, 119, 173, 132, 97, 3, }
[ZOLT] STAGE2_ROUND_1: c0 = { 63, 37, 53, 175, 113, 172, 168, 201, 202, 225, 211, 142, 16, 122, 112, 227, 204, 79, 190, 110, 205, 198, 153, 93, 63, 134, 190, 187, 86, 194, 176, 1, }
[ZOLT] STAGE2_ROUND_1: c2 = { 0, 0, 0, 0, 0, 0, 0, 0, 0, 0, 0, 0, 0, 0, 0, 0, 0, 0, 0, 0, 0, 0, 0, 0, 0, 0, 0, 0, 0, 0, 0, 0, }
[ZOLT] STAGE2_ROUND_1: c3 = { 0, 0, 0, 0, 0, 0, 0, 0, 0, 0, 0, 0, 0, 0, 0, 0, 0, 0, 0, 0, 0, 0, 0, 0, 0, 0, 0, 0, 0, 0, 0, 0, }
[ZOLT] STAGE2_ROUND_1: challenge = { 149, 225, 200, 234, 198, 4, 157, 188, 13, 76, 89, 102, 226, 210, 124, 199, 75, 125, 201, 5, 10, 55, 72, 119, 15, 81, 196, 105, 126, 198, 108, 21, }
[ZOLT] STAGE2_ROUND_1: next_claim = { 63, 37, 53, 175, 113, 172, 168, 201, 202, 225, 211, 142, 16, 122, 112, 227, 204, 79, 190, 110, 205, 198, 153, 93, 63, 134, 190, 187, 86, 194, 176, 1, }
[ZOLT CLAIM] round 1: old_claim = { 3, 97, 132, 173, 119, 125, 12, 126, 187, 51, 141, 154, 221, 124, 159, 153, 198, 224, 244, 33, 29, 167, 195, 149, 147, 81, 88, 227, 94, 106, 74, 126 }
[ZOLT CLAIM] round 1: s(0)+s(1) = { 3, 97, 132, 173, 119, 125, 12, 126, 187, 51, 141, 154, 221, 124, 159, 153, 198, 224, 244, 33, 29, 167, 195, 149, 147, 81, 88, 227, 94, 106, 74, 126 }
[ZOLT CLAIM] round 1: new_claim = { 1, 176, 194, 86, 187, 190, 134, 63, 93, 153, 198, 205, 110, 190, 79, 204, 227, 112, 122, 16, 142, 211, 225, 202, 201, 168, 172, 113, 175, 53, 37, 63 }
[ZOLT TRANSCRIPT] appendMessage: "UniPoly_begin" (len=13), round=237, state_before=[99, fc, 42, 90, 6a, 5a, fd, 16]
[ZOLT TRANSCRIPT]   state_after={ 1e 30 38 cf bb 1d 6d 5a ... }
[ZOLT TRANSCRIPT] appendBytes: len=32, state_before={ 1e 30 38 cf bb 1d 6d 5a ... }
[ZOLT TRANSCRIPT]   first_8_bytes={ 19 0a 88 64 ce 78 13 34 }
[ZOLT TRANSCRIPT]   last_8_bytes={ 06 c5 51 02 cf 9a 92 a0 }
[ZOLT TRANSCRIPT]   state_after={ fa aa ad 41 12 fe 6b 71 ... }
[ZOLT TRANSCRIPT] appendBytes: len=32, state_before={ fa aa ad 41 12 fe 6b 71 ... }
[ZOLT TRANSCRIPT]   first_8_bytes={ 00 00 00 00 00 00 00 00 }
[ZOLT TRANSCRIPT]   last_8_bytes={ 00 00 00 00 00 00 00 00 }
[ZOLT TRANSCRIPT]   state_after={ c2 b9 9d 1b fc 88 79 0b ... }
[ZOLT TRANSCRIPT] appendBytes: len=32, state_before={ c2 b9 9d 1b fc 88 79 0b ... }
[ZOLT TRANSCRIPT]   first_8_bytes={ 00 00 00 00 00 00 00 00 }
[ZOLT TRANSCRIPT]   last_8_bytes={ 00 00 00 00 00 00 00 00 }
[ZOLT TRANSCRIPT]   state_after={ da ea 20 e6 70 a8 d6 3b ... }
[ZOLT TRANSCRIPT] appendMessage: "UniPoly_end" (len=11), round=241, state_before=[da, ea, 20, e6, 70, a8, d6, 3b]
[ZOLT TRANSCRIPT]   state_after={ 69 93 e7 c9 c7 f3 d3 6e ... }
[ZOLT TRANSCRIPT] challengeScalar128Bits: round=242
[ZOLT TRANSCRIPT]   state_before={ 69 93 e7 c9 c7 f3 d3 6e 57 10 6e 13 35 25 91 29 b3 73 f6 f0 57 fd 42 4e e7 f4 0f 5e 21 00 16 24 }
[ZOLT TRANSCRIPT]   challenge_bytes={ 22 ab de 63 a9 3c f2 9d f9 a1 18 cd 4c 49 05 05 }
[ZOLT TRANSCRIPT]   reversed={ 05 05 49 4c cd 18 a1 f9 9d f2 3c a9 63 de ab 22 }
[ZOLT TRANSCRIPT]   full_value=0x505494ccd18a1f99df23ca963deab22
[ZOLT TRANSCRIPT]   masked_value=0x505494ccd18a1f99df23ca963deab22 (125-bit)
[ZOLT TRANSCRIPT]   result_limbs=[0x0, 0x0, 0x9df23ca963deab22, 0x505494ccd18a1f9]
[ZOLT] STAGE2_ROUND_2: current_claim = { 63, 37, 53, 175, 113, 172, 168, 201, 202, 225, 211, 142, 16, 122, 112, 227, 204, 79, 190, 110, 205, 198, 153, 93, 63, 134, 190, 187, 86, 194, 176, 1, }
[ZOLT] STAGE2_ROUND_2: c0 = { 160, 146, 154, 207, 2, 81, 197, 6, 46, 169, 70, 132, 44, 49, 210, 5, 21, 212, 31, 248, 65, 6, 245, 138, 52, 19, 120, 206, 100, 136, 10, 25, }
[ZOLT] STAGE2_ROUND_2: c2 = { 0, 0, 0, 0, 0, 0, 0, 0, 0, 0, 0, 0, 0, 0, 0, 0, 0, 0, 0, 0, 0, 0, 0, 0, 0, 0, 0, 0, 0, 0, 0, 0, }
[ZOLT] STAGE2_ROUND_2: c3 = { 0, 0, 0, 0, 0, 0, 0, 0, 0, 0, 0, 0, 0, 0, 0, 0, 0, 0, 0, 0, 0, 0, 0, 0, 0, 0, 0, 0, 0, 0, 0, 0, }
[ZOLT] STAGE2_ROUND_2: challenge = { 226, 218, 211, 182, 131, 36, 103, 185, 253, 20, 202, 208, 75, 50, 93, 251, 32, 123, 177, 128, 210, 90, 79, 146, 90, 112, 144, 16, 182, 111, 193, 16, }
[ZOLT] STAGE2_ROUND_2: next_claim = { 160, 146, 154, 207, 2, 81, 197, 6, 46, 169, 70, 132, 44, 49, 210, 5, 21, 212, 31, 248, 65, 6, 245, 138, 52, 19, 120, 206, 100, 136, 10, 25, }
[ZOLT CLAIM] round 2: old_claim = { 1, 176, 194, 86, 187, 190, 134, 63, 93, 153, 198, 205, 110, 190, 79, 204, 227, 112, 122, 16, 142, 211, 225, 202, 201, 168, 172, 113, 175, 53, 37, 63 }
[ZOLT CLAIM] round 2: s(0)+s(1) = { 1, 176, 194, 86, 187, 190, 134, 63, 93, 153, 198, 205, 110, 190, 79, 204, 227, 112, 122, 16, 142, 211, 225, 202, 201, 168, 172, 113, 175, 53, 37, 63 }
[ZOLT CLAIM] round 2: new_claim = { 25, 10, 136, 100, 206, 120, 19, 52, 138, 245, 6, 65, 248, 31, 212, 21, 5, 210, 49, 44, 132, 70, 169, 46, 6, 197, 81, 2, 207, 154, 146, 160 }
[ZOLT TRANSCRIPT] appendMessage: "UniPoly_begin" (len=13), round=243, state_before=[22, ab, de, 63, a9, 3c, f2, 9d]
[ZOLT TRANSCRIPT]   state_after={ 41 04 72 9b e7 b9 87 4f ... }
[ZOLT TRANSCRIPT] appendBytes: len=32, state_before={ 41 04 72 9b e7 b9 87 4f ... }
[ZOLT TRANSCRIPT]   first_8_bytes={ 0c 85 44 32 67 3c 09 9a }
[ZOLT TRANSCRIPT]   last_8_bytes={ 03 62 a8 81 67 cd 49 50 }
[ZOLT TRANSCRIPT]   state_after={ 68 8b 31 6e dc ae 9a b2 ... }
[ZOLT TRANSCRIPT] appendBytes: len=32, state_before={ 68 8b 31 6e dc ae 9a b2 ... }
[ZOLT TRANSCRIPT]   first_8_bytes={ 00 00 00 00 00 00 00 00 }
[ZOLT TRANSCRIPT]   last_8_bytes={ 00 00 00 00 00 00 00 00 }
[ZOLT TRANSCRIPT]   state_after={ 9f ac b8 eb 1a d7 a9 ce ... }
[ZOLT TRANSCRIPT] appendBytes: len=32, state_before={ 9f ac b8 eb 1a d7 a9 ce ... }
[ZOLT TRANSCRIPT]   first_8_bytes={ 00 00 00 00 00 00 00 00 }
[ZOLT TRANSCRIPT]   last_8_bytes={ 00 00 00 00 00 00 00 00 }
[ZOLT TRANSCRIPT]   state_after={ 7a 8b d5 84 24 eb d7 fd ... }
[ZOLT TRANSCRIPT] appendMessage: "UniPoly_end" (len=11), round=247, state_before=[7a, 8b, d5, 84, 24, eb, d7, fd]
[ZOLT TRANSCRIPT]   state_after={ aa ec 48 2f 94 88 57 ef ... }
[ZOLT TRANSCRIPT] challengeScalar128Bits: round=248
[ZOLT TRANSCRIPT]   state_before={ aa ec 48 2f 94 88 57 ef 4f b5 ae c7 44 84 ea 14 19 e1 b5 3b d9 bf ca f9 e9 cc 0b 50 e6 95 8f 76 }
[ZOLT TRANSCRIPT]   challenge_bytes={ f9 9b cb 08 91 c1 2a 41 3a 29 71 83 03 a0 16 55 }
[ZOLT TRANSCRIPT]   reversed={ 55 16 a0 03 83 71 29 3a 41 2a c1 91 08 cb 9b f9 }
[ZOLT TRANSCRIPT]   full_value=0x5516a0038371293a412ac19108cb9bf9
[ZOLT TRANSCRIPT]   masked_value=0x1516a0038371293a412ac19108cb9bf9 (125-bit)
[ZOLT TRANSCRIPT]   result_limbs=[0x0, 0x0, 0x412ac19108cb9bf9, 0x1516a0038371293a]
[ZOLT] STAGE2_ROUND_3: current_claim = { 160, 146, 154, 207, 2, 81, 197, 6, 46, 169, 70, 132, 44, 49, 210, 5, 21, 212, 31, 248, 65, 6, 245, 138, 52, 19, 120, 206, 100, 136, 10, 25, }
[ZOLT] STAGE2_ROUND_3: c0 = { 80, 73, 205, 103, 129, 168, 98, 3, 151, 84, 35, 66, 150, 24, 233, 130, 10, 234, 15, 252, 32, 131, 122, 69, 154, 9, 60, 103, 50, 68, 133, 12, }
[ZOLT] STAGE2_ROUND_3: c2 = { 0, 0, 0, 0, 0, 0, 0, 0, 0, 0, 0, 0, 0, 0, 0, 0, 0, 0, 0, 0, 0, 0, 0, 0, 0, 0, 0, 0, 0, 0, 0, 0, }
[ZOLT] STAGE2_ROUND_3: c3 = { 0, 0, 0, 0, 0, 0, 0, 0, 0, 0, 0, 0, 0, 0, 0, 0, 0, 0, 0, 0, 0, 0, 0, 0, 0, 0, 0, 0, 0, 0, 0, 0, }
[ZOLT] STAGE2_ROUND_3: challenge = { 44, 51, 149, 46, 218, 219, 138, 64, 175, 35, 207, 146, 152, 97, 16, 234, 178, 92, 59, 97, 215, 237, 214, 144, 101, 248, 18, 195, 186, 53, 104, 12, }
[ZOLT] STAGE2_ROUND_3: next_claim = { 80, 73, 205, 103, 129, 168, 98, 3, 151, 84, 35, 66, 150, 24, 233, 130, 10, 234, 15, 252, 32, 131, 122, 69, 154, 9, 60, 103, 50, 68, 133, 12, }
[ZOLT TRANSCRIPT] appendMessage: "UniPoly_begin" (len=13), round=249, state_before=[f9, 9b, cb, 08, 91, c1, 2a, 41]
[ZOLT TRANSCRIPT]   state_after={ 70 6e 0a 5a 81 c0 bd 21 ... }
[ZOLT TRANSCRIPT] appendBytes: len=32, state_before={ 70 6e 0a 5a 81 c0 bd 21 ... }
[ZOLT TRANSCRIPT]   first_8_bytes={ 06 42 a2 19 33 9e 04 cd }
[ZOLT TRANSCRIPT]   last_8_bytes={ 81 b1 54 40 b3 e6 a4 a8 }
[ZOLT TRANSCRIPT]   state_after={ 85 04 24 ba 51 07 c0 6f ... }
[ZOLT TRANSCRIPT] appendBytes: len=32, state_before={ 85 04 24 ba 51 07 c0 6f ... }
[ZOLT TRANSCRIPT]   first_8_bytes={ 00 00 00 00 00 00 00 00 }
[ZOLT TRANSCRIPT]   last_8_bytes={ 00 00 00 00 00 00 00 00 }
[ZOLT TRANSCRIPT]   state_after={ 7e 67 8c df 3c 95 2c 2e ... }
[ZOLT TRANSCRIPT] appendBytes: len=32, state_before={ 7e 67 8c df 3c 95 2c 2e ... }
[ZOLT TRANSCRIPT]   first_8_bytes={ 00 00 00 00 00 00 00 00 }
[ZOLT TRANSCRIPT]   last_8_bytes={ 00 00 00 00 00 00 00 00 }
[ZOLT TRANSCRIPT]   state_after={ de 43 59 f1 db 4a cf 0d ... }
[ZOLT TRANSCRIPT] appendMessage: "UniPoly_end" (len=11), round=253, state_before=[de, 43, 59, f1, db, 4a, cf, 0d]
[ZOLT TRANSCRIPT]   state_after={ d6 00 08 09 23 5e 7c c0 ... }
[ZOLT TRANSCRIPT] challengeScalar128Bits: round=254
[ZOLT TRANSCRIPT]   state_before={ d6 00 08 09 23 5e 7c c0 fb 34 1e f0 c6 04 38 ec 91 f5 a8 0b cb e5 14 a1 24 5c f3 e2 c4 0f 1a e5 }
[ZOLT TRANSCRIPT]   challenge_bytes={ 28 46 7d 38 d3 50 b4 c7 33 29 1e b2 62 a5 15 38 }
[ZOLT TRANSCRIPT]   reversed={ 38 15 a5 62 b2 1e 29 33 c7 b4 50 d3 38 7d 46 28 }
[ZOLT TRANSCRIPT]   full_value=0x3815a562b21e2933c7b450d3387d4628
[ZOLT TRANSCRIPT]   masked_value=0x1815a562b21e2933c7b450d3387d4628 (125-bit)
[ZOLT TRANSCRIPT]   result_limbs=[0x0, 0x0, 0xc7b450d3387d4628, 0x1815a562b21e2933]
[ZOLT] STAGE2_ROUND_4: current_claim = { 80, 73, 205, 103, 129, 168, 98, 3, 151, 84, 35, 66, 150, 24, 233, 130, 10, 234, 15, 252, 32, 131, 122, 69, 154, 9, 60, 103, 50, 68, 133, 12, }
[ZOLT] STAGE2_ROUND_4: c0 = { 168, 164, 230, 179, 64, 84, 177, 129, 75, 170, 17, 33, 75, 140, 116, 65, 5, 245, 7, 126, 144, 65, 189, 34, 205, 4, 158, 51, 25, 162, 66, 6, }
[ZOLT] STAGE2_ROUND_4: c2 = { 0, 0, 0, 0, 0, 0, 0, 0, 0, 0, 0, 0, 0, 0, 0, 0, 0, 0, 0, 0, 0, 0, 0, 0, 0, 0, 0, 0, 0, 0, 0, 0, }
[ZOLT] STAGE2_ROUND_4: c3 = { 0, 0, 0, 0, 0, 0, 0, 0, 0, 0, 0, 0, 0, 0, 0, 0, 0, 0, 0, 0, 0, 0, 0, 0, 0, 0, 0, 0, 0, 0, 0, 0, }
[ZOLT] STAGE2_ROUND_4: challenge = { 78, 192, 43, 81, 185, 207, 133, 29, 163, 193, 8, 151, 81, 178, 44, 66, 173, 94, 23, 150, 157, 153, 90, 78, 167, 28, 16, 158, 81, 160, 254, 5, }
[ZOLT] STAGE2_ROUND_4: next_claim = { 168, 164, 230, 179, 64, 84, 177, 129, 75, 170, 17, 33, 75, 140, 116, 65, 5, 245, 7, 126, 144, 65, 189, 34, 205, 4, 158, 51, 25, 162, 66, 6, }
[ZOLT TRANSCRIPT] appendMessage: "UniPoly_begin" (len=13), round=255, state_before=[28, 46, 7d, 38, d3, 50, b4, c7]
[ZOLT TRANSCRIPT]   state_after={ e9 31 64 23 7e 16 ed 8f ... }
[ZOLT TRANSCRIPT] appendBytes: len=32, state_before={ e9 31 64 23 7e 16 ed 8f ... }
[ZOLT TRANSCRIPT]   first_8_bytes={ 03 21 51 0c 99 cf 02 66 }
[ZOLT TRANSCRIPT]   last_8_bytes={ c0 d8 aa 20 59 f3 52 54 }
[ZOLT TRANSCRIPT]   state_after={ 26 ae e3 a3 ab 6c 62 40 ... }
[ZOLT TRANSCRIPT] appendBytes: len=32, state_before={ 26 ae e3 a3 ab 6c 62 40 ... }
[ZOLT TRANSCRIPT]   first_8_bytes={ 00 00 00 00 00 00 00 00 }
[ZOLT TRANSCRIPT]   last_8_bytes={ 00 00 00 00 00 00 00 00 }
[ZOLT TRANSCRIPT]   state_after={ 17 13 c5 29 f6 66 e0 5d ... }
[ZOLT TRANSCRIPT] appendBytes: len=32, state_before={ 17 13 c5 29 f6 66 e0 5d ... }
[ZOLT TRANSCRIPT]   first_8_bytes={ 00 00 00 00 00 00 00 00 }
[ZOLT TRANSCRIPT]   last_8_bytes={ 00 00 00 00 00 00 00 00 }
[ZOLT TRANSCRIPT]   state_after={ bb c4 3c e9 d3 81 17 5b ... }
[ZOLT TRANSCRIPT] appendMessage: "UniPoly_end" (len=11), round=259, state_before=[bb, c4, 3c, e9, d3, 81, 17, 5b]
[ZOLT TRANSCRIPT]   state_after={ 6b 82 cd 6b 68 f0 a3 49 ... }
[ZOLT TRANSCRIPT] challengeScalar128Bits: round=260
[ZOLT TRANSCRIPT]   state_before={ 6b 82 cd 6b 68 f0 a3 49 a8 8f 06 fd 30 02 c5 da 42 d3 2d c9 26 17 09 7c d0 e6 c6 fd e9 d7 d2 ff }
[ZOLT TRANSCRIPT]   challenge_bytes={ cc 8d 63 99 f6 40 68 de b7 44 a6 13 af 3f ee 8e }
[ZOLT TRANSCRIPT]   reversed={ 8e ee 3f af 13 a6 44 b7 de 68 40 f6 99 63 8d cc }
[ZOLT TRANSCRIPT]   full_value=0x8eee3faf13a644b7de6840f699638dcc
[ZOLT TRANSCRIPT]   masked_value=0xeee3faf13a644b7de6840f699638dcc (125-bit)
[ZOLT TRANSCRIPT]   result_limbs=[0x0, 0x0, 0xde6840f699638dcc, 0xeee3faf13a644b7]
[ZOLT] STAGE2_ROUND_5: current_claim = { 168, 164, 230, 179, 64, 84, 177, 129, 75, 170, 17, 33, 75, 140, 116, 65, 5, 245, 7, 126, 144, 65, 189, 34, 205, 4, 158, 51, 25, 162, 66, 6, }
[ZOLT] STAGE2_ROUND_5: c0 = { 84, 82, 243, 89, 32, 170, 216, 192, 37, 213, 136, 144, 37, 70, 186, 160, 130, 250, 3, 63, 200, 160, 94, 145, 102, 2, 207, 153, 12, 81, 33, 3, }
[ZOLT] STAGE2_ROUND_5: c2 = { 0, 0, 0, 0, 0, 0, 0, 0, 0, 0, 0, 0, 0, 0, 0, 0, 0, 0, 0, 0, 0, 0, 0, 0, 0, 0, 0, 0, 0, 0, 0, 0, }
[ZOLT] STAGE2_ROUND_5: c3 = { 0, 0, 0, 0, 0, 0, 0, 0, 0, 0, 0, 0, 0, 0, 0, 0, 0, 0, 0, 0, 0, 0, 0, 0, 0, 0, 0, 0, 0, 0, 0, 0, }
[ZOLT] STAGE2_ROUND_5: challenge = { 60, 239, 132, 166, 89, 79, 201, 133, 12, 81, 197, 251, 228, 171, 47, 65, 214, 174, 86, 28, 23, 176, 193, 202, 57, 67, 208, 5, 96, 64, 167, 12, }
[ZOLT] STAGE2_ROUND_5: next_claim = { 84, 82, 243, 89, 32, 170, 216, 192, 37, 213, 136, 144, 37, 70, 186, 160, 130, 250, 3, 63, 200, 160, 94, 145, 102, 2, 207, 153, 12, 81, 33, 3, }
[ZOLT TRANSCRIPT] appendMessage: "UniPoly_begin" (len=13), round=261, state_before=[cc, 8d, 63, 99, f6, 40, 68, de]
[ZOLT TRANSCRIPT]   state_after={ 70 d7 cc 57 7b fd 17 83 ... }
[ZOLT TRANSCRIPT] appendBytes: len=32, state_before={ 70 d7 cc 57 7b fd 17 83 ... }
[ZOLT TRANSCRIPT]   first_8_bytes={ 01 90 a8 86 4c e7 81 33 }
[ZOLT TRANSCRIPT]   last_8_bytes={ e0 6c 55 10 2c f9 a9 2a }
[ZOLT TRANSCRIPT]   state_after={ 1b 3b 3a a3 e4 5a 40 b5 ... }
[ZOLT TRANSCRIPT] appendBytes: len=32, state_before={ 1b 3b 3a a3 e4 5a 40 b5 ... }
[ZOLT TRANSCRIPT]   first_8_bytes={ 00 00 00 00 00 00 00 00 }
[ZOLT TRANSCRIPT]   last_8_bytes={ 00 00 00 00 00 00 00 00 }
[ZOLT TRANSCRIPT]   state_after={ ed 88 34 e1 94 ff 74 26 ... }
[ZOLT TRANSCRIPT] appendBytes: len=32, state_before={ ed 88 34 e1 94 ff 74 26 ... }
[ZOLT TRANSCRIPT]   first_8_bytes={ 00 00 00 00 00 00 00 00 }
[ZOLT TRANSCRIPT]   last_8_bytes={ 00 00 00 00 00 00 00 00 }
[ZOLT TRANSCRIPT]   state_after={ 37 06 dd 58 ab 9d cd 46 ... }
[ZOLT TRANSCRIPT] appendMessage: "UniPoly_end" (len=11), round=265, state_before=[37, 06, dd, 58, ab, 9d, cd, 46]
[ZOLT TRANSCRIPT]   state_after={ 1c a5 0d 68 65 a3 cb 13 ... }
[ZOLT TRANSCRIPT] challengeScalar128Bits: round=266
[ZOLT TRANSCRIPT]   state_before={ 1c a5 0d 68 65 a3 cb 13 00 48 59 69 1d b1 18 95 c5 f3 4d e1 5e 28 38 50 cb fd 57 0f d6 a6 03 62 }
[ZOLT TRANSCRIPT]   challenge_bytes={ 8e 15 93 18 51 06 40 7e cc 71 e0 22 c2 05 84 e5 }
[ZOLT TRANSCRIPT]   reversed={ e5 84 05 c2 22 e0 71 cc 7e 40 06 51 18 93 15 8e }
[ZOLT TRANSCRIPT]   full_value=0xe58405c222e071cc7e4006511893158e
[ZOLT TRANSCRIPT]   masked_value=0x58405c222e071cc7e4006511893158e (125-bit)
[ZOLT TRANSCRIPT]   result_limbs=[0x0, 0x0, 0x7e4006511893158e, 0x58405c222e071cc]
[ZOLT] STAGE2_ROUND_6: current_claim = { 84, 82, 243, 89, 32, 170, 216, 192, 37, 213, 136, 144, 37, 70, 186, 160, 130, 250, 3, 63, 200, 160, 94, 145, 102, 2, 207, 153, 12, 81, 33, 3, }
[ZOLT] STAGE2_ROUND_6: c0 = { 42, 169, 249, 44, 16, 85, 108, 224, 146, 106, 68, 200, 18, 35, 93, 80, 65, 253, 129, 31, 100, 80, 175, 72, 51, 129, 231, 76, 134, 168, 144, 1, }
[ZOLT] STAGE2_ROUND_6: c2 = { 0, 0, 0, 0, 0, 0, 0, 0, 0, 0, 0, 0, 0, 0, 0, 0, 0, 0, 0, 0, 0, 0, 0, 0, 0, 0, 0, 0, 0, 0, 0, 0, }
[ZOLT] STAGE2_ROUND_6: c3 = { 0, 0, 0, 0, 0, 0, 0, 0, 0, 0, 0, 0, 0, 0, 0, 0, 0, 0, 0, 0, 0, 0, 0, 0, 0, 0, 0, 0, 0, 0, 0, 0, }
[ZOLT] STAGE2_ROUND_6: challenge = { 50, 162, 207, 71, 94, 82, 194, 68, 190, 77, 59, 66, 111, 117, 81, 5, 44, 218, 232, 122, 200, 35, 33, 12, 243, 33, 241, 113, 160, 233, 103, 23, }
[ZOLT] STAGE2_ROUND_6: next_claim = { 42, 169, 249, 44, 16, 85, 108, 224, 146, 106, 68, 200, 18, 35, 93, 80, 65, 253, 129, 31, 100, 80, 175, 72, 51, 129, 231, 76, 134, 168, 144, 1, }
[ZOLT TRANSCRIPT] appendMessage: "UniPoly_begin" (len=13), round=267, state_before=[8e, 15, 93, 18, 51, 06, 40, 7e]
[ZOLT TRANSCRIPT]   state_after={ 66 42 a0 cd 6b 08 6d 16 ... }
[ZOLT TRANSCRIPT] appendBytes: len=32, state_before={ 66 42 a0 cd 6b 08 6d 16 ... }
[ZOLT TRANSCRIPT]   first_8_bytes={ 00 c8 54 43 26 73 c0 99 }
[ZOLT TRANSCRIPT]   last_8_bytes={ 70 36 2a 88 16 7c d4 95 }
[ZOLT TRANSCRIPT]   state_after={ c4 4f 95 b3 54 ab f8 3a ... }
[ZOLT TRANSCRIPT] appendBytes: len=32, state_before={ c4 4f 95 b3 54 ab f8 3a ... }
[ZOLT TRANSCRIPT]   first_8_bytes={ 00 00 00 00 00 00 00 00 }
[ZOLT TRANSCRIPT]   last_8_bytes={ 00 00 00 00 00 00 00 00 }
[ZOLT TRANSCRIPT]   state_after={ a3 c1 a3 3f e3 30 8c 18 ... }
[ZOLT TRANSCRIPT] appendBytes: len=32, state_before={ a3 c1 a3 3f e3 30 8c 18 ... }
[ZOLT TRANSCRIPT]   first_8_bytes={ 00 00 00 00 00 00 00 00 }
[ZOLT TRANSCRIPT]   last_8_bytes={ 00 00 00 00 00 00 00 00 }
[ZOLT TRANSCRIPT]   state_after={ 8a 3e 42 2f 4f 98 5f bc ... }
[ZOLT TRANSCRIPT] appendMessage: "UniPoly_end" (len=11), round=271, state_before=[8a, 3e, 42, 2f, 4f, 98, 5f, bc]
[ZOLT TRANSCRIPT]   state_after={ 61 af 21 25 35 63 26 34 ... }
[ZOLT TRANSCRIPT] challengeScalar128Bits: round=272
[ZOLT TRANSCRIPT]   state_before={ 61 af 21 25 35 63 26 34 d3 dc de 18 37 62 6e 9b 48 95 52 13 0d 90 b9 29 3c c8 f1 cd 7a 21 69 bd }
[ZOLT TRANSCRIPT]   challenge_bytes={ 1a fd 75 fd f7 ea 12 c7 ec 26 9a 70 05 c5 4a 94 }
[ZOLT TRANSCRIPT]   reversed={ 94 4a c5 05 70 9a 26 ec c7 12 ea f7 fd 75 fd 1a }
[ZOLT TRANSCRIPT]   full_value=0x944ac505709a26ecc712eaf7fd75fd1a
[ZOLT TRANSCRIPT]   masked_value=0x144ac505709a26ecc712eaf7fd75fd1a (125-bit)
[ZOLT TRANSCRIPT]   result_limbs=[0x0, 0x0, 0xc712eaf7fd75fd1a, 0x144ac505709a26ec]
[ZOLT] STAGE2_ROUND_7: current_claim = { 42, 169, 249, 44, 16, 85, 108, 224, 146, 106, 68, 200, 18, 35, 93, 80, 65, 253, 129, 31, 100, 80, 175, 72, 51, 129, 231, 76, 134, 168, 144, 1, }
[ZOLT] STAGE2_ROUND_7: c0 = { 149, 212, 124, 22, 136, 42, 54, 112, 73, 53, 34, 100, 137, 145, 46, 168, 160, 254, 192, 15, 50, 168, 87, 164, 153, 192, 115, 38, 67, 84, 200, 0, }
[ZOLT] STAGE2_ROUND_7: c2 = { 0, 0, 0, 0, 0, 0, 0, 0, 0, 0, 0, 0, 0, 0, 0, 0, 0, 0, 0, 0, 0, 0, 0, 0, 0, 0, 0, 0, 0, 0, 0, 0, }
[ZOLT] STAGE2_ROUND_7: c3 = { 0, 0, 0, 0, 0, 0, 0, 0, 0, 0, 0, 0, 0, 0, 0, 0, 0, 0, 0, 0, 0, 0, 0, 0, 0, 0, 0, 0, 0, 0, 0, 0, }
[ZOLT] STAGE2_ROUND_7: challenge = { 118, 202, 103, 155, 160, 103, 201, 92, 48, 201, 159, 131, 215, 152, 219, 111, 236, 67, 189, 25, 39, 150, 121, 124, 125, 232, 50, 253, 22, 179, 187, 2, }
[ZOLT] STAGE2_ROUND_7: next_claim = { 149, 212, 124, 22, 136, 42, 54, 112, 73, 53, 34, 100, 137, 145, 46, 168, 160, 254, 192, 15, 50, 168, 87, 164, 153, 192, 115, 38, 67, 84, 200, 0, }
[ZOLT] WARNING: Instance 1 (RAF) using fallback - no prover
[ZOLT TRANSCRIPT] appendMessage: "UniPoly_begin" (len=13), round=273, state_before=[1a, fd, 75, fd, f7, ea, 12, c7]
[ZOLT TRANSCRIPT]   state_after={ 2f d7 a9 14 f9 03 5e d4 ... }
[ZOLT TRANSCRIPT] appendBytes: len=32, state_before={ 2f d7 a9 14 f9 03 5e d4 ... }
[ZOLT TRANSCRIPT]   first_8_bytes={ 18 96 51 5b 03 d2 b0 61 }
[ZOLT TRANSCRIPT]   last_8_bytes={ 5a 0c 10 0e 03 3e 6a 4b }
[ZOLT TRANSCRIPT]   state_after={ 7b 4b 84 20 3c 3b 79 a4 ... }
[ZOLT TRANSCRIPT] appendBytes: len=32, state_before={ 7b 4b 84 20 3c 3b 79 a4 ... }
[ZOLT TRANSCRIPT]   first_8_bytes={ 00 00 00 00 00 00 00 00 }
[ZOLT TRANSCRIPT]   last_8_bytes={ 00 00 00 00 00 00 00 00 }
[ZOLT TRANSCRIPT]   state_after={ 5d 15 01 ab c6 1c b1 65 ... }
[ZOLT TRANSCRIPT] appendBytes: len=32, state_before={ 5d 15 01 ab c6 1c b1 65 ... }
[ZOLT TRANSCRIPT]   first_8_bytes={ 00 00 00 00 00 00 00 00 }
[ZOLT TRANSCRIPT]   last_8_bytes={ 00 00 00 00 00 00 00 00 }
[ZOLT TRANSCRIPT]   state_after={ ac dc e5 b2 09 d2 ca c2 ... }
[ZOLT TRANSCRIPT] appendMessage: "UniPoly_end" (len=11), round=277, state_before=[ac, dc, e5, b2, 09, d2, ca, c2]
[ZOLT TRANSCRIPT]   state_after={ 98 80 c1 e7 98 cd b1 77 ... }
[ZOLT TRANSCRIPT] challengeScalar128Bits: round=278
[ZOLT TRANSCRIPT]   state_before={ 98 80 c1 e7 98 cd b1 77 35 3b cc e6 33 1c 1c 18 03 a1 1e 76 bc 3d 93 8d e7 af fc 03 d7 b0 bd ec }
[ZOLT TRANSCRIPT]   challenge_bytes={ 04 90 8b 0d ee 48 85 f0 26 5f c2 1c 6c 93 ce e5 }
[ZOLT TRANSCRIPT]   reversed={ e5 ce 93 6c 1c c2 5f 26 f0 85 48 ee 0d 8b 90 04 }
[ZOLT TRANSCRIPT]   full_value=0xe5ce936c1cc25f26f08548ee0d8b9004
[ZOLT TRANSCRIPT]   masked_value=0x5ce936c1cc25f26f08548ee0d8b9004 (125-bit)
[ZOLT TRANSCRIPT]   result_limbs=[0x0, 0x0, 0xf08548ee0d8b9004, 0x5ce936c1cc25f26]
[ZOLT] STAGE2_ROUND_8: current_claim = { 149, 212, 124, 22, 136, 42, 54, 112, 73, 53, 34, 100, 137, 145, 46, 168, 160, 254, 192, 15, 50, 168, 87, 164, 153, 192, 115, 38, 67, 84, 200, 0, }
[ZOLT] STAGE2_ROUND_8: c0 = { 75, 106, 62, 3, 14, 16, 12, 90, 237, 210, 237, 238, 232, 60, 49, 232, 126, 43, 161, 72, 244, 246, 83, 174, 97, 176, 210, 3, 91, 81, 150, 24, }
[ZOLT] STAGE2_ROUND_8: c2 = { 0, 0, 0, 0, 0, 0, 0, 0, 0, 0, 0, 0, 0, 0, 0, 0, 0, 0, 0, 0, 0, 0, 0, 0, 0, 0, 0, 0, 0, 0, 0, 0, }
[ZOLT] STAGE2_ROUND_8: c3 = { 0, 0, 0, 0, 0, 0, 0, 0, 0, 0, 0, 0, 0, 0, 0, 0, 0, 0, 0, 0, 0, 0, 0, 0, 0, 0, 0, 0, 0, 0, 0, 0, }
[ZOLT] STAGE2_ROUND_8: challenge = { 195, 15, 109, 207, 236, 72, 35, 211, 198, 250, 124, 35, 178, 220, 181, 16, 181, 219, 188, 173, 160, 83, 24, 245, 56, 46, 237, 81, 12, 171, 254, 28, }
[ZOLT] STAGE2_ROUND_8: next_claim = { 75, 106, 62, 3, 14, 16, 12, 90, 237, 210, 237, 238, 232, 60, 49, 232, 126, 43, 161, 72, 244, 246, 83, 174, 97, 176, 210, 3, 91, 81, 150, 24, }
[ZOLT OUTPUT_BIND] round_idx=8, output_round_idx=0, challenge={ 28, 254, 171, 12, 81, 237, 46, 56, 245, 24, 83, 160, 173, 188, 219, 181, 16, 181, 220, 178, 35, 124, 250, 198, 211, 35, 72, 236, 207, 109, 15, 195 }
[ZOLT TRANSCRIPT] appendMessage: "UniPoly_begin" (len=13), round=279, state_before=[04, 90, 8b, 0d, ee, 48, 85, f0]
[ZOLT TRANSCRIPT]   state_after={ 3e e9 33 c1 4c 97 b6 cd ... }
[ZOLT TRANSCRIPT] appendBytes: len=32, state_before={ 3e e9 33 c1 4c 97 b6 cd ... }
[ZOLT TRANSCRIPT]   first_8_bytes={ 24 7d 4f e6 f2 82 28 45 }
[ZOLT TRANSCRIPT]   last_8_bytes={ 4e f7 02 d0 f9 9f 35 26 }
[ZOLT TRANSCRIPT]   state_after={ 2a ba 7b c1 f9 82 6b 7d ... }
[ZOLT TRANSCRIPT] appendBytes: len=32, state_before={ 2a ba 7b c1 f9 82 6b 7d ... }
[ZOLT TRANSCRIPT]   first_8_bytes={ 00 00 00 00 00 00 00 00 }
[ZOLT TRANSCRIPT]   last_8_bytes={ 00 00 00 00 00 00 00 00 }
[ZOLT TRANSCRIPT]   state_after={ 9a 87 22 8c 76 d7 a5 48 ... }
[ZOLT TRANSCRIPT] appendBytes: len=32, state_before={ 9a 87 22 8c 76 d7 a5 48 ... }
[ZOLT TRANSCRIPT]   first_8_bytes={ 00 00 00 00 00 00 00 00 }
[ZOLT TRANSCRIPT]   last_8_bytes={ 00 00 00 00 00 00 00 00 }
[ZOLT TRANSCRIPT]   state_after={ d2 c9 ef be 27 77 14 ee ... }
[ZOLT TRANSCRIPT] appendMessage: "UniPoly_end" (len=11), round=283, state_before=[d2, c9, ef, be, 27, 77, 14, ee]
[ZOLT TRANSCRIPT]   state_after={ 7a d7 dd 0b 1d d7 41 35 ... }
[ZOLT TRANSCRIPT] challengeScalar128Bits: round=284
[ZOLT TRANSCRIPT]   state_before={ 7a d7 dd 0b 1d d7 41 35 63 95 30 82 34 6b 26 a3 b5 09 0f ff 80 78 58 9d c3 ed b0 a0 83 26 e3 03 }
[ZOLT TRANSCRIPT]   challenge_bytes={ 54 83 81 1b db 29 1d e8 1c ec ce 8d fc aa 50 fd }
[ZOLT TRANSCRIPT]   reversed={ fd 50 aa fc 8d ce ec 1c e8 1d 29 db 1b 81 83 54 }
[ZOLT TRANSCRIPT]   full_value=0xfd50aafc8dceec1ce81d29db1b818354
[ZOLT TRANSCRIPT]   masked_value=0x1d50aafc8dceec1ce81d29db1b818354 (125-bit)
[ZOLT TRANSCRIPT]   result_limbs=[0x0, 0x0, 0xe81d29db1b818354, 0x1d50aafc8dceec1c]
[ZOLT] STAGE2_ROUND_9: current_claim = { 75, 106, 62, 3, 14, 16, 12, 90, 237, 210, 237, 238, 232, 60, 49, 232, 126, 43, 161, 72, 244, 246, 83, 174, 97, 176, 210, 3, 91, 81, 150, 24, }
[ZOLT] STAGE2_ROUND_9: c0 = { 38, 53, 159, 249, 208, 2, 247, 78, 191, 161, 83, 180, 152, 146, 50, 8, 238, 65, 17, 101, 85, 30, 82, 179, 69, 40, 130, 242, 230, 79, 125, 36, }
[ZOLT] STAGE2_ROUND_9: c2 = { 0, 0, 0, 0, 0, 0, 0, 0, 0, 0, 0, 0, 0, 0, 0, 0, 0, 0, 0, 0, 0, 0, 0, 0, 0, 0, 0, 0, 0, 0, 0, 0, }
[ZOLT] STAGE2_ROUND_9: c3 = { 0, 0, 0, 0, 0, 0, 0, 0, 0, 0, 0, 0, 0, 0, 0, 0, 0, 0, 0, 0, 0, 0, 0, 0, 0, 0, 0, 0, 0, 0, 0, 0, }
[ZOLT] STAGE2_ROUND_9: challenge = { 99, 218, 183, 125, 193, 42, 53, 136, 29, 79, 60, 33, 65, 24, 178, 116, 149, 185, 118, 121, 62, 210, 110, 241, 36, 106, 252, 9, 219, 150, 20, 35, }
[ZOLT] STAGE2_ROUND_9: next_claim = { 38, 53, 159, 249, 208, 2, 247, 78, 191, 161, 83, 180, 152, 146, 50, 8, 238, 65, 17, 101, 85, 30, 82, 179, 69, 40, 130, 242, 230, 79, 125, 36, }
[ZOLT OUTPUT_BIND] round_idx=9, output_round_idx=1, challenge={ 35, 20, 150, 219, 9, 252, 106, 36, 241, 110, 210, 62, 121, 118, 185, 149, 116, 178, 24, 65, 33, 60, 79, 29, 136, 53, 42, 193, 125, 183, 218, 99 }
[ZOLT TRANSCRIPT] appendMessage: "UniPoly_begin" (len=13), round=285, state_before=[54, 83, 81, 1b, db, 29, 1d, e8]
[ZOLT TRANSCRIPT]   state_after={ 5d fd bf a5 86 99 0e dc ... }
[ZOLT TRANSCRIPT] appendBytes: len=32, state_before={ 5d fd bf a5 86 99 0e dc ... }
[ZOLT TRANSCRIPT]   first_8_bytes={ 12 3e a7 f3 79 41 14 22 }
[ZOLT TRANSCRIPT]   last_8_bytes={ a7 7b 81 68 7c cf 9a 93 }
[ZOLT TRANSCRIPT]   state_after={ 4d 34 ef 28 7a eb 27 8f ... }
[ZOLT TRANSCRIPT] appendBytes: len=32, state_before={ 4d 34 ef 28 7a eb 27 8f ... }
[ZOLT TRANSCRIPT]   first_8_bytes={ 00 00 00 00 00 00 00 00 }
[ZOLT TRANSCRIPT]   last_8_bytes={ 00 00 00 00 00 00 00 00 }
[ZOLT TRANSCRIPT]   state_after={ cb 84 53 cf 19 fa 28 9e ... }
[ZOLT TRANSCRIPT] appendBytes: len=32, state_before={ cb 84 53 cf 19 fa 28 9e ... }
[ZOLT TRANSCRIPT]   first_8_bytes={ 00 00 00 00 00 00 00 00 }
[ZOLT TRANSCRIPT]   last_8_bytes={ 00 00 00 00 00 00 00 00 }
[ZOLT TRANSCRIPT]   state_after={ 31 3b 55 d7 e6 17 af d9 ... }
[ZOLT TRANSCRIPT] appendMessage: "UniPoly_end" (len=11), round=289, state_before=[31, 3b, 55, d7, e6, 17, af, d9]
[ZOLT TRANSCRIPT]   state_after={ bb b0 45 d1 f8 be 12 e7 ... }
[ZOLT TRANSCRIPT] challengeScalar128Bits: round=290
[ZOLT TRANSCRIPT]   state_before={ bb b0 45 d1 f8 be 12 e7 6c 71 1e 0e 0f b2 90 8e 09 e9 e2 c4 96 ce 97 60 4f 66 3d fd 34 96 8d 8e }
[ZOLT TRANSCRIPT]   challenge_bytes={ b0 5b b2 de 74 fe 90 41 d2 63 bf 3a 42 7e dc 1f }
[ZOLT TRANSCRIPT]   reversed={ 1f dc 7e 42 3a bf 63 d2 41 90 fe 74 de b2 5b b0 }
[ZOLT TRANSCRIPT]   full_value=0x1fdc7e423abf63d24190fe74deb25bb0
[ZOLT TRANSCRIPT]   masked_value=0x1fdc7e423abf63d24190fe74deb25bb0 (125-bit)
[ZOLT TRANSCRIPT]   result_limbs=[0x0, 0x0, 0x4190fe74deb25bb0, 0x1fdc7e423abf63d2]
[ZOLT] STAGE2_ROUND_10: current_claim = { 38, 53, 159, 249, 208, 2, 247, 78, 191, 161, 83, 180, 152, 146, 50, 8, 238, 65, 17, 101, 85, 30, 82, 179, 69, 40, 130, 242, 230, 79, 125, 36, }
[ZOLT] STAGE2_ROUND_10: c0 = { 147, 154, 207, 124, 104, 129, 123, 167, 223, 208, 41, 90, 76, 73, 25, 4, 247, 160, 136, 178, 42, 15, 169, 217, 34, 20, 65, 121, 243, 167, 62, 18, }
[ZOLT] STAGE2_ROUND_10: c2 = { 0, 0, 0, 0, 0, 0, 0, 0, 0, 0, 0, 0, 0, 0, 0, 0, 0, 0, 0, 0, 0, 0, 0, 0, 0, 0, 0, 0, 0, 0, 0, 0, }
[ZOLT] STAGE2_ROUND_10: c3 = { 0, 0, 0, 0, 0, 0, 0, 0, 0, 0, 0, 0, 0, 0, 0, 0, 0, 0, 0, 0, 0, 0, 0, 0, 0, 0, 0, 0, 0, 0, 0, 0, }
[ZOLT] STAGE2_ROUND_10: challenge = { 29, 98, 105, 47, 237, 129, 192, 231, 204, 126, 144, 224, 227, 95, 64, 124, 47, 159, 223, 187, 36, 74, 206, 123, 99, 66, 195, 18, 93, 55, 90, 24, }
[ZOLT] STAGE2_ROUND_10: next_claim = { 147, 154, 207, 124, 104, 129, 123, 167, 223, 208, 41, 90, 76, 73, 25, 4, 247, 160, 136, 178, 42, 15, 169, 217, 34, 20, 65, 121, 243, 167, 62, 18, }
[ZOLT OUTPUT_BIND] round_idx=10, output_round_idx=2, challenge={ 24, 90, 55, 93, 18, 195, 66, 99, 123, 206, 74, 36, 187, 223, 159, 47, 124, 64, 95, 227, 224, 144, 126, 204, 231, 192, 129, 237, 47, 105, 98, 29 }
[ZOLT TRANSCRIPT] appendMessage: "UniPoly_begin" (len=13), round=291, state_before=[b0, 5b, b2, de, 74, fe, 90, 41]
[ZOLT TRANSCRIPT]   state_after={ 73 f3 7f ae 75 50 d6 aa ... }
[ZOLT TRANSCRIPT] appendBytes: len=32, state_before={ 73 f3 7f ae 75 50 d6 aa ... }
[ZOLT TRANSCRIPT]   first_8_bytes={ 21 51 7b 33 2d 39 5a 26 }
[ZOLT TRANSCRIPT]   last_8_bytes={ 75 ae bb 7e 36 67 cd 4a }
[ZOLT TRANSCRIPT]   state_after={ 3c 13 17 7e 0d 4b 7c 02 ... }
[ZOLT TRANSCRIPT] appendBytes: len=32, state_before={ 3c 13 17 7e 0d 4b 7c 02 ... }
[ZOLT TRANSCRIPT]   first_8_bytes={ 00 00 00 00 00 00 00 00 }
[ZOLT TRANSCRIPT]   last_8_bytes={ 00 00 00 00 00 00 00 00 }
[ZOLT TRANSCRIPT]   state_after={ 34 d5 13 1f 84 a9 45 c8 ... }
[ZOLT TRANSCRIPT] appendBytes: len=32, state_before={ 34 d5 13 1f 84 a9 45 c8 ... }
[ZOLT TRANSCRIPT]   first_8_bytes={ 00 00 00 00 00 00 00 00 }
[ZOLT TRANSCRIPT]   last_8_bytes={ 00 00 00 00 00 00 00 00 }
[ZOLT TRANSCRIPT]   state_after={ 70 4f f3 33 cd df f9 a9 ... }
[ZOLT TRANSCRIPT] appendMessage: "UniPoly_end" (len=11), round=295, state_before=[70, 4f, f3, 33, cd, df, f9, a9]
[ZOLT TRANSCRIPT]   state_after={ 22 74 f8 bc 51 25 46 14 ... }
[ZOLT TRANSCRIPT] challengeScalar128Bits: round=296
[ZOLT TRANSCRIPT]   state_before={ 22 74 f8 bc 51 25 46 14 70 65 00 6f 3f 4d 31 de 1e 4b 8b e4 d0 89 a8 56 e6 41 37 5a 52 b5 b0 10 }
[ZOLT TRANSCRIPT]   challenge_bytes={ 34 22 31 79 9b 79 6a bf 6c ab 71 0e 49 97 60 13 }
[ZOLT TRANSCRIPT]   reversed={ 13 60 97 49 0e 71 ab 6c bf 6a 79 9b 79 31 22 34 }
[ZOLT TRANSCRIPT]   full_value=0x136097490e71ab6cbf6a799b79312234
[ZOLT TRANSCRIPT]   masked_value=0x136097490e71ab6cbf6a799b79312234 (125-bit)
[ZOLT TRANSCRIPT]   result_limbs=[0x0, 0x0, 0xbf6a799b79312234, 0x136097490e71ab6c]
[ZOLT] STAGE2_ROUND_11: current_claim = { 147, 154, 207, 124, 104, 129, 123, 167, 223, 208, 41, 90, 76, 73, 25, 4, 247, 160, 136, 178, 42, 15, 169, 217, 34, 20, 65, 121, 243, 167, 62, 18, }
[ZOLT] STAGE2_ROUND_11: c0 = { 74, 205, 103, 54, 126, 187, 174, 117, 184, 160, 241, 105, 202, 152, 38, 22, 170, 252, 4, 154, 112, 170, 252, 72, 38, 90, 57, 45, 51, 123, 81, 33, }
[ZOLT] STAGE2_ROUND_11: c2 = { 0, 0, 0, 0, 0, 0, 0, 0, 0, 0, 0, 0, 0, 0, 0, 0, 0, 0, 0, 0, 0, 0, 0, 0, 0, 0, 0, 0, 0, 0, 0, 0, }
[ZOLT] STAGE2_ROUND_11: c3 = { 0, 0, 0, 0, 0, 0, 0, 0, 0, 0, 0, 0, 0, 0, 0, 0, 0, 0, 0, 0, 0, 0, 0, 0, 0, 0, 0, 0, 0, 0, 0, 0, }
[ZOLT] STAGE2_ROUND_11: challenge = { 105, 78, 94, 46, 1, 106, 156, 206, 245, 51, 22, 211, 247, 11, 80, 159, 110, 11, 35, 90, 213, 194, 97, 0, 45, 192, 220, 113, 184, 38, 188, 7, }
[ZOLT] STAGE2_ROUND_11: next_claim = { 74, 205, 103, 54, 126, 187, 174, 117, 184, 160, 241, 105, 202, 152, 38, 22, 170, 252, 4, 154, 112, 170, 252, 72, 38, 90, 57, 45, 51, 123, 81, 33, }
[ZOLT OUTPUT_BIND] round_idx=11, output_round_idx=3, challenge={ 7, 188, 38, 184, 113, 220, 192, 45, 0, 97, 194, 213, 90, 35, 11, 110, 159, 80, 11, 247, 211, 22, 51, 245, 206, 156, 106, 1, 46, 94, 78, 105 }
[ZOLT TRANSCRIPT] appendMessage: "UniPoly_begin" (len=13), round=297, state_before=[34, 22, 31, 79, 9b, 79, 6a, bf]
[ZOLT TRANSCRIPT]   state_after={ 32 26 d0 d0 90 f6 83 c6 ... }
[ZOLT TRANSCRIPT] appendBytes: len=32, state_before={ 32 26 d0 d0 90 f6 83 c6 ... }
[ZOLT TRANSCRIPT]   first_8_bytes={ 10 a8 bd 99 96 9c ad 13 }
[ZOLT TRANSCRIPT]   last_8_bytes={ 3a d7 5d bf 1b 33 e6 a5 }
[ZOLT TRANSCRIPT]   state_after={ f5 8d 1b ac 17 ac ed 60 ... }
[ZOLT TRANSCRIPT] appendBytes: len=32, state_before={ f5 8d 1b ac 17 ac ed 60 ... }
[ZOLT TRANSCRIPT]   first_8_bytes={ 00 00 00 00 00 00 00 00 }
[ZOLT TRANSCRIPT]   last_8_bytes={ 00 00 00 00 00 00 00 00 }
[ZOLT TRANSCRIPT]   state_after={ bd 3b 37 a7 77 a3 f8 6b ... }
[ZOLT TRANSCRIPT] appendBytes: len=32, state_before={ bd 3b 37 a7 77 a3 f8 6b ... }
[ZOLT TRANSCRIPT]   first_8_bytes={ 00 00 00 00 00 00 00 00 }
[ZOLT TRANSCRIPT]   last_8_bytes={ 00 00 00 00 00 00 00 00 }
[ZOLT TRANSCRIPT]   state_after={ b6 d8 bb 60 32 9a 61 15 ... }
[ZOLT TRANSCRIPT] appendMessage: "UniPoly_end" (len=11), round=301, state_before=[b6, d8, bb, 60, 32, 9a, 61, 15]
[ZOLT TRANSCRIPT]   state_after={ f6 55 cc 34 7f a5 5a 4b ... }
[ZOLT TRANSCRIPT] challengeScalar128Bits: round=302
[ZOLT TRANSCRIPT]   state_before={ f6 55 cc 34 7f a5 5a 4b 54 70 06 82 c5 ed 49 94 71 d7 9b 38 66 2a 42 f5 63 3c e8 9a 2c b1 46 83 }
[ZOLT TRANSCRIPT]   challenge_bytes={ 85 9b aa e2 4f 91 c0 bc 6b a9 d2 41 a3 ed 7d cb }
[ZOLT TRANSCRIPT]   reversed={ cb 7d ed a3 41 d2 a9 6b bc c0 91 4f e2 aa 9b 85 }
[ZOLT TRANSCRIPT]   full_value=0xcb7deda341d2a96bbcc0914fe2aa9b85
[ZOLT TRANSCRIPT]   masked_value=0xb7deda341d2a96bbcc0914fe2aa9b85 (125-bit)
[ZOLT TRANSCRIPT]   result_limbs=[0x0, 0x0, 0xbcc0914fe2aa9b85, 0xb7deda341d2a96b]
[ZOLT] STAGE2_ROUND_12: current_claim = { 74, 205, 103, 54, 126, 187, 174, 117, 184, 160, 241, 105, 202, 152, 38, 22, 170, 252, 4, 154, 112, 170, 252, 72, 38, 90, 57, 45, 51, 123, 81, 33, }
[ZOLT] STAGE2_ROUND_12: c0 = { 165, 230, 51, 27, 191, 93, 215, 58, 92, 208, 248, 52, 101, 76, 19, 11, 85, 126, 2, 77, 56, 85, 126, 36, 19, 173, 156, 150, 153, 189, 168, 16, }
[ZOLT] STAGE2_ROUND_12: c2 = { 0, 0, 0, 0, 0, 0, 0, 0, 0, 0, 0, 0, 0, 0, 0, 0, 0, 0, 0, 0, 0, 0, 0, 0, 0, 0, 0, 0, 0, 0, 0, 0, }
[ZOLT] STAGE2_ROUND_12: c3 = { 0, 0, 0, 0, 0, 0, 0, 0, 0, 0, 0, 0, 0, 0, 0, 0, 0, 0, 0, 0, 0, 0, 0, 0, 0, 0, 0, 0, 0, 0, 0, 0, }
[ZOLT] STAGE2_ROUND_12: challenge = { 232, 238, 156, 193, 185, 166, 139, 154, 206, 91, 214, 44, 96, 146, 104, 249, 64, 158, 216, 192, 109, 199, 168, 193, 63, 207, 20, 140, 158, 106, 179, 30, }
[ZOLT] STAGE2_ROUND_12: next_claim = { 165, 230, 51, 27, 191, 93, 215, 58, 92, 208, 248, 52, 101, 76, 19, 11, 85, 126, 2, 77, 56, 85, 126, 36, 19, 173, 156, 150, 153, 189, 168, 16, }
[ZOLT OUTPUT_BIND] round_idx=12, output_round_idx=4, challenge={ 30, 179, 106, 158, 140, 20, 207, 63, 193, 168, 199, 109, 192, 216, 158, 64, 249, 104, 146, 96, 44, 214, 91, 206, 154, 139, 166, 185, 193, 156, 238, 232 }
[ZOLT TRANSCRIPT] appendMessage: "UniPoly_begin" (len=13), round=303, state_before=[85, 9b, aa, e2, 4f, 91, c0, bc]
[ZOLT TRANSCRIPT]   state_after={ e9 63 ca a4 d3 92 28 62 ... }
[ZOLT TRANSCRIPT] appendBytes: len=32, state_before={ e9 63 ca a4 d3 92 28 62 ... }
[ZOLT TRANSCRIPT]   first_8_bytes={ 20 86 86 06 3b e7 26 9e }
[ZOLT TRANSCRIPT]   last_8_bytes={ bf 5c a9 a9 85 99 f3 53 }
[ZOLT TRANSCRIPT]   state_after={ b6 90 fb 05 87 d7 2a aa ... }
[ZOLT TRANSCRIPT] appendBytes: len=32, state_before={ b6 90 fb 05 87 d7 2a aa ... }
[ZOLT TRANSCRIPT]   first_8_bytes={ 00 00 00 00 00 00 00 00 }
[ZOLT TRANSCRIPT]   last_8_bytes={ 00 00 00 00 00 00 00 00 }
[ZOLT TRANSCRIPT]   state_after={ a5 80 bc f9 f0 cb 19 1c ... }
[ZOLT TRANSCRIPT] appendBytes: len=32, state_before={ a5 80 bc f9 f0 cb 19 1c ... }
[ZOLT TRANSCRIPT]   first_8_bytes={ 00 00 00 00 00 00 00 00 }
[ZOLT TRANSCRIPT]   last_8_bytes={ 00 00 00 00 00 00 00 00 }
[ZOLT TRANSCRIPT]   state_after={ 69 1d b7 f5 16 92 d1 1b ... }
[ZOLT TRANSCRIPT] appendMessage: "UniPoly_end" (len=11), round=307, state_before=[69, 1d, b7, f5, 16, 92, d1, 1b]
[ZOLT TRANSCRIPT]   state_after={ 7d b0 1c 92 ff 4f 41 a1 ... }
[ZOLT TRANSCRIPT] challengeScalar128Bits: round=308
[ZOLT TRANSCRIPT]   state_before={ 7d b0 1c 92 ff 4f 41 a1 23 f3 4a ec e4 ed 79 80 e2 8e 03 90 cc 08 1f f5 94 35 b0 99 89 5f ae b5 }
[ZOLT TRANSCRIPT]   challenge_bytes={ 87 d0 9f ee a0 f7 82 fc a7 8e e3 80 12 42 37 6e }
[ZOLT TRANSCRIPT]   reversed={ 6e 37 42 12 80 e3 8e a7 fc 82 f7 a0 ee 9f d0 87 }
[ZOLT TRANSCRIPT]   full_value=0x6e37421280e38ea7fc82f7a0ee9fd087
[ZOLT TRANSCRIPT]   masked_value=0xe37421280e38ea7fc82f7a0ee9fd087 (125-bit)
[ZOLT TRANSCRIPT]   result_limbs=[0x0, 0x0, 0xfc82f7a0ee9fd087, 0xe37421280e38ea7]
[ZOLT] STAGE2_ROUND_13: current_claim = { 165, 230, 51, 27, 191, 93, 215, 58, 92, 208, 248, 52, 101, 76, 19, 11, 85, 126, 2, 77, 56, 85, 126, 36, 19, 173, 156, 150, 153, 189, 168, 16, }
[ZOLT] STAGE2_ROUND_13: c0 = { 83, 243, 153, 133, 169, 169, 92, 191, 118, 32, 89, 215, 86, 154, 163, 25, 89, 235, 65, 103, 119, 77, 103, 110, 158, 38, 231, 59, 6, 134, 134, 32, }
[ZOLT] STAGE2_ROUND_13: c2 = { 0, 0, 0, 0, 0, 0, 0, 0, 0, 0, 0, 0, 0, 0, 0, 0, 0, 0, 0, 0, 0, 0, 0, 0, 0, 0, 0, 0, 0, 0, 0, 0, }
[ZOLT] STAGE2_ROUND_13: c3 = { 0, 0, 0, 0, 0, 0, 0, 0, 0, 0, 0, 0, 0, 0, 0, 0, 0, 0, 0, 0, 0, 0, 0, 0, 0, 0, 0, 0, 0, 0, 0, 0, }
[ZOLT] STAGE2_ROUND_13: challenge = { 19, 40, 194, 200, 35, 69, 189, 244, 198, 254, 63, 162, 175, 163, 204, 90, 184, 98, 254, 201, 166, 224, 202, 151, 177, 235, 14, 194, 51, 95, 129, 16, }
[ZOLT] STAGE2_ROUND_13: next_claim = { 83, 243, 153, 133, 169, 169, 92, 191, 118, 32, 89, 215, 86, 154, 163, 25, 89, 235, 65, 103, 119, 77, 103, 110, 158, 38, 231, 59, 6, 134, 134, 32, }
[ZOLT OUTPUT_BIND] round_idx=13, output_round_idx=5, challenge={ 16, 129, 95, 51, 194, 14, 235, 177, 151, 202, 224, 166, 201, 254, 98, 184, 90, 204, 163, 175, 162, 63, 254, 198, 244, 189, 69, 35, 200, 194, 40, 19 }
[ZOLT TRANSCRIPT] appendMessage: "UniPoly_begin" (len=13), round=309, state_before=[87, d0, 9f, ee, a0, f7, 82, fc]
[ZOLT TRANSCRIPT]   state_after={ 5a 2e 22 17 7d ff b2 70 ... }
[ZOLT TRANSCRIPT] appendBytes: len=32, state_before={ 5a 2e 22 17 7d ff b2 70 ... }
[ZOLT TRANSCRIPT]   first_8_bytes={ 28 75 6a 3c 8e 8c 63 64 }
[ZOLT TRANSCRIPT]   last_8_bytes={ 01 9f 4f 9e ba cc f9 aa }
[ZOLT TRANSCRIPT]   state_after={ ec 27 83 1d ad 48 18 9d ... }
[ZOLT TRANSCRIPT] appendBytes: len=32, state_before={ ec 27 83 1d ad 48 18 9d ... }
[ZOLT TRANSCRIPT]   first_8_bytes={ 00 00 00 00 00 00 00 00 }
[ZOLT TRANSCRIPT]   last_8_bytes={ 00 00 00 00 00 00 00 00 }
[ZOLT TRANSCRIPT]   state_after={ 21 b9 29 4b b7 b2 f3 a8 ... }
[ZOLT TRANSCRIPT] appendBytes: len=32, state_before={ 21 b9 29 4b b7 b2 f3 a8 ... }
[ZOLT TRANSCRIPT]   first_8_bytes={ 00 00 00 00 00 00 00 00 }
[ZOLT TRANSCRIPT]   last_8_bytes={ 00 00 00 00 00 00 00 00 }
[ZOLT TRANSCRIPT]   state_after={ c9 18 90 ff 3e 90 68 e2 ... }
[ZOLT TRANSCRIPT] appendMessage: "UniPoly_end" (len=11), round=313, state_before=[c9, 18, 90, ff, 3e, 90, 68, e2]
[ZOLT TRANSCRIPT]   state_after={ 9f 86 af 3d ed 11 c1 b0 ... }
[ZOLT TRANSCRIPT] challengeScalar128Bits: round=314
[ZOLT TRANSCRIPT]   state_before={ 9f 86 af 3d ed 11 c1 b0 48 93 24 11 6c 06 1f 47 95 0a 39 a4 31 75 0e cf 32 9b fd 0e 7f 0b 65 53 }
[ZOLT TRANSCRIPT]   challenge_bytes={ 07 49 82 43 ee 73 49 6f 4a 38 44 dd 14 30 51 c0 }
[ZOLT TRANSCRIPT]   reversed={ c0 51 30 14 dd 44 38 4a 6f 49 73 ee 43 82 49 07 }
[ZOLT TRANSCRIPT]   full_value=0xc0513014dd44384a6f4973ee43824907
[ZOLT TRANSCRIPT]   masked_value=0x513014dd44384a6f4973ee43824907 (125-bit)
[ZOLT TRANSCRIPT]   result_limbs=[0x0, 0x0, 0x6f4973ee43824907, 0x513014dd44384a]
[ZOLT] STAGE2_ROUND_14: current_claim = { 83, 243, 153, 133, 169, 169, 92, 191, 118, 32, 89, 215, 86, 154, 163, 25, 89, 235, 65, 103, 119, 77, 103, 110, 158, 38, 231, 59, 6, 134, 134, 32, }
[ZOLT] STAGE2_ROUND_14: c0 = { 170, 249, 204, 186, 158, 79, 159, 1, 132, 72, 137, 168, 79, 193, 235, 32, 219, 161, 97, 244, 150, 201, 91, 19, 100, 99, 140, 142, 60, 106, 117, 40, }
[ZOLT] STAGE2_ROUND_14: c2 = { 0, 0, 0, 0, 0, 0, 0, 0, 0, 0, 0, 0, 0, 0, 0, 0, 0, 0, 0, 0, 0, 0, 0, 0, 0, 0, 0, 0, 0, 0, 0, 0, }
[ZOLT] STAGE2_ROUND_14: c3 = { 0, 0, 0, 0, 0, 0, 0, 0, 0, 0, 0, 0, 0, 0, 0, 0, 0, 0, 0, 0, 0, 0, 0, 0, 0, 0, 0, 0, 0, 0, 0, 0, }
[ZOLT] STAGE2_ROUND_14: challenge = { 122, 165, 140, 79, 229, 224, 217, 5, 212, 88, 243, 237, 27, 96, 121, 71, 160, 93, 176, 16, 198, 39, 46, 142, 14, 234, 221, 172, 129, 14, 239, 34, }
[ZOLT] STAGE2_ROUND_14: next_claim = { 170, 249, 204, 186, 158, 79, 159, 1, 132, 72, 137, 168, 79, 193, 235, 32, 219, 161, 97, 244, 150, 201, 91, 19, 100, 99, 140, 142, 60, 106, 117, 40, }
[ZOLT OUTPUT_BIND] round_idx=14, output_round_idx=6, challenge={ 34, 239, 14, 129, 172, 221, 234, 14, 142, 46, 39, 198, 16, 176, 93, 160, 71, 121, 96, 27, 237, 243, 88, 212, 5, 217, 224, 229, 79, 140, 165, 122 }
[ZOLT TRANSCRIPT] appendMessage: "UniPoly_begin" (len=13), round=315, state_before=[07, 49, 82, 43, ee, 73, 49, 6f]
[ZOLT TRANSCRIPT]   state_after={ 44 bd f5 df e7 53 d5 cd ... }
[ZOLT TRANSCRIPT] appendBytes: len=32, state_before={ 44 bd f5 df e7 53 d5 cd ... }
[ZOLT TRANSCRIPT]   first_8_bytes={ 14 3a b5 1e 47 46 31 b2 }
[ZOLT TRANSCRIPT]   last_8_bytes={ 00 cf a7 cf 5d 66 7c d5 }
[ZOLT TRANSCRIPT]   state_after={ 4d 27 97 fd d3 34 1c 2a ... }
[ZOLT TRANSCRIPT] appendBytes: len=32, state_before={ 4d 27 97 fd d3 34 1c 2a ... }
[ZOLT TRANSCRIPT]   first_8_bytes={ 00 00 00 00 00 00 00 00 }
[ZOLT TRANSCRIPT]   last_8_bytes={ 00 00 00 00 00 00 00 00 }
[ZOLT TRANSCRIPT]   state_after={ 4f cb 27 57 80 9a 16 6b ... }
[ZOLT TRANSCRIPT] appendBytes: len=32, state_before={ 4f cb 27 57 80 9a 16 6b ... }
[ZOLT TRANSCRIPT]   first_8_bytes={ 00 00 00 00 00 00 00 00 }
[ZOLT TRANSCRIPT]   last_8_bytes={ 00 00 00 00 00 00 00 00 }
[ZOLT TRANSCRIPT]   state_after={ 06 b3 38 dc aa 9b 2b 0d ... }
[ZOLT TRANSCRIPT] appendMessage: "UniPoly_end" (len=11), round=319, state_before=[06, b3, 38, dc, aa, 9b, 2b, 0d]
[ZOLT TRANSCRIPT]   state_after={ 79 a5 8c ed ca 96 b7 78 ... }
[ZOLT TRANSCRIPT] challengeScalar128Bits: round=320
[ZOLT TRANSCRIPT]   state_before={ 79 a5 8c ed ca 96 b7 78 6d f6 de 2b b7 2c 82 94 62 b0 34 20 bd bf 61 53 0c 05 b1 2e 7a af 18 00 }
[ZOLT TRANSCRIPT]   challenge_bytes={ d3 2b 52 39 92 ba ea c0 b9 d1 67 ed 4f de 10 23 }
[ZOLT TRANSCRIPT]   reversed={ 23 10 de 4f ed 67 d1 b9 c0 ea ba 92 39 52 2b d3 }
[ZOLT TRANSCRIPT]   full_value=0x2310de4fed67d1b9c0eaba9239522bd3
[ZOLT TRANSCRIPT]   masked_value=0x310de4fed67d1b9c0eaba9239522bd3 (125-bit)
[ZOLT TRANSCRIPT]   result_limbs=[0x0, 0x0, 0xc0eaba9239522bd3, 0x310de4fed67d1b9]
[ZOLT] STAGE2_ROUND_15: current_claim = { 170, 249, 204, 186, 158, 79, 159, 1, 132, 72, 137, 168, 79, 193, 235, 32, 219, 161, 97, 244, 150, 201, 91, 19, 100, 99, 140, 142, 60, 106, 117, 40, }
[ZOLT] STAGE2_ROUND_15: c0 = { 213, 124, 102, 93, 207, 167, 207, 0, 66, 164, 68, 212, 167, 224, 117, 144, 237, 208, 48, 122, 203, 228, 173, 9, 178, 49, 70, 71, 30, 181, 58, 20, }
[ZOLT] STAGE2_ROUND_15: c2 = { 0, 0, 0, 0, 0, 0, 0, 0, 0, 0, 0, 0, 0, 0, 0, 0, 0, 0, 0, 0, 0, 0, 0, 0, 0, 0, 0, 0, 0, 0, 0, 0, }
[ZOLT] STAGE2_ROUND_15: c3 = { 0, 0, 0, 0, 0, 0, 0, 0, 0, 0, 0, 0, 0, 0, 0, 0, 0, 0, 0, 0, 0, 0, 0, 0, 0, 0, 0, 0, 0, 0, 0, 0, }
[ZOLT] STAGE2_ROUND_15: challenge = { 74, 159, 123, 223, 120, 60, 92, 143, 181, 115, 222, 213, 151, 175, 101, 12, 108, 237, 23, 114, 214, 76, 57, 231, 29, 242, 116, 198, 163, 250, 197, 4, }
[ZOLT] STAGE2_ROUND_15: next_claim = { 213, 124, 102, 93, 207, 167, 207, 0, 66, 164, 68, 212, 167, 224, 117, 144, 237, 208, 48, 122, 203, 228, 173, 9, 178, 49, 70, 71, 30, 181, 58, 20, }
[ZOLT OUTPUT_BIND] round_idx=15, output_round_idx=7, challenge={ 4, 197, 250, 163, 198, 116, 242, 29, 231, 57, 76, 214, 114, 23, 237, 108, 12, 101, 175, 151, 213, 222, 115, 181, 143, 92, 60, 120, 223, 123, 159, 74 }
[ZOLT SYNC] round 15: batched = { 20, 58, 181, 30, 71, 70, 49, 178, 9, 173, 228, 203, 122, 48, 208, 237, 144, 117, 224, 167, 212, 68, 164, 66, 0, 207, 167, 207, 93, 102, 124, 213 }
[ZOLT SYNC] round 15: should_be = { 20, 58, 181, 30, 71, 70, 49, 178, 9, 173, 228, 203, 122, 48, 208, 237, 144, 117, 224, 167, 212, 68, 164, 66, 0, 207, 167, 207, 93, 102, 124, 213 }
[ZOLT SYNC] round 15: match = true
[ZOLT PRODUCT round 0] t0 last 8 bytes (LE): 87 c8 ff 48 65 dd 16 84
[ZOLT PRODUCT round 0] t_inf last 8 bytes (LE): 4b 58 f8 a2 70 1c e8 cc
[ZOLT PRODUCT round 0] previous_claim last 8 bytes (LE): 26 b1 87 56 3a 28 6e 29
[ZOLT PRODUCT round 0] split_eq.current_scalar = { 47, 152, 235, 149, 52, 19, 0, 237, 246, 206, 193, 50, 43, 49, 193, 12, 124, 221, 203, 114, 171, 245, 86, 178, 58, 30, 79, 224, 192, 65, 129, 12 }
[ZOLT PRODUCT round 0] E_out.len = 16, E_in.len = 8
[GRUEN ROUND 8] q(0) = { 25, 130, 95, 241, 2, 192, 46, 53, 61, 33, 126, 1, 100, 17, 33, 41, 91, 206, 3, 152, 44, 153, 35, 71, 132, 22, 221, 101, 72, 255, 200, 135 }
[GRUEN ROUND 8] q(1) = { 8, 74, 78, 143, 220, 239, 214, 110, 37, 228, 248, 138, 88, 113, 168, 177, 84, 122, 41, 27, 177, 68, 41, 227, 239, 38, 49, 6, 166, 169, 206, 224 }
[GRUEN ROUND 8] previous_claim = { 17, 15, 58, 168, 96, 33, 176, 128, 6, 150, 188, 166, 92, 157, 164, 145, 48, 62, 29, 14, 133, 80, 106, 86, 41, 110, 40, 58, 86, 135, 177, 38 }
[ZOLT DEBUG] Instance 4: round_idx=16, start_round=16, use_instr_prover=true, instr_prover_null=true, cycle_witnesses.len=256
[ZOLT] InstrLookups: r_spartan_for_instr.len = 8
[ZOLT] InstrLookups: r_spartan_for_instr[0] = { 18, 65, 131, 218, 41, 110, 137, 235, 213, 203, 209, 138, 116, 3, 116, 184, 163, 130, 126, 247, 173, 177, 85, 149, 123, 55, 243, 164, 199, 163, 166, 160 }
[ZOLT] InstrLookups: r_spartan_for_instr[last] = { 8, 39, 47, 8, 137, 89, 248, 247, 186, 61, 123, 2, 146, 229, 192, 14, 168, 55, 75, 243, 44, 24, 34, 150, 10, 111, 252, 82, 143, 244, 21, 68 }
[STAGE2 WITNESS DEBUG] First 5 cycles witness values:
  j=0: output=0x8000, left=0x0, right=0x8000
  j=1: output=0x8001, left=0x8000, right=0x1
  j=2: output=0x80010000, left=0x0, right=0x8011
  j=3: output=0x80000044, left=0x0, right=0x80000044
  j=4: output=0x9, left=0x0, right=0x9
[ZOLT] InstrLookups: Prover initialized for instance 4
[ZOLT DEBUG] Round 16: Instance 4 s(0) = { 9, 252, 153, 80, 136, 164, 99, 218, 138, 121, 72, 8, 181, 37, 137, 104, 243, 186, 185, 87, 216, 41, 129, 54, 40, 230, 192, 47, 101, 41, 56, 142 }
[ZOLT DEBUG] Round 16: Instance 4 s(1) = { 42, 211, 177, 64, 119, 50, 204, 15, 126, 59, 167, 253, 188, 77, 170, 195, 191, 30, 57, 121, 58, 251, 27, 232, 151, 17, 34, 168, 233, 50, 183, 169 }
[ZOLT DEBUG] Round 16: Instance 4 s(0)+s(1) = { 4, 107, 252, 30, 30, 165, 143, 192, 80, 100, 170, 79, 239, 241, 219, 207, 138, 165, 10, 136, 153, 107, 44, 141, 124, 21, 237, 68, 94, 91, 240, 54 }
[ZOLT DEBUG] Round 16: Instance 4 current_claim = { 4, 107, 252, 30, 30, 165, 143, 192, 80, 100, 170, 79, 239, 241, 219, 207, 138, 165, 10, 136, 153, 107, 44, 141, 124, 21, 237, 68, 94, 91, 240, 54 }
[ZOLT] STAGE2_BATCHED round 16: combined_evals[0] = { 23, 190, 15, 19, 219, 62, 124, 215, 61, 147, 0, 59, 46, 183, 189, 12, 32, 125, 41, 71, 175, 108, 195, 47, 119, 248, 227, 226, 110, 25, 252, 201 }
[ZOLT] STAGE2_BATCHED round 16: combined_evals[1] = { 44, 224, 244, 125, 77, 57, 85, 4, 132, 107, 42, 70, 204, 250, 108, 62, 152, 44, 159, 168, 158, 145, 81, 163, 204, 184, 185, 128, 223, 76, 128, 13 }
[ZOLT] STAGE2_BATCHED round 16: compressed[0] (c0) = { 23, 190, 15, 19, 219, 62, 124, 215, 61, 147, 0, 59, 46, 183, 189, 12, 32, 125, 41, 71, 175, 108, 195, 47, 119, 248, 227, 226, 110, 25, 252, 201 }
[ZOLT] STAGE2_BATCHED round 16: compressed[2] (c3) = { 1, 130, 84, 175, 89, 226, 127, 130, 111, 123, 216, 240, 63, 86, 243, 204, 236, 84, 127, 147, 81, 193, 209, 247, 49, 165, 162, 118, 180, 79, 171, 127 }
[ZOLT TRANSCRIPT] appendMessage: "UniPoly_begin" (len=13), round=321, state_before=[d3, 2b, 52, 39, 92, ba, ea, c0]
[ZOLT TRANSCRIPT]   state_after={ f4 5d 1a 68 ee 91 16 45 ... }
[ZOLT TRANSCRIPT] appendBytes: len=32, state_before={ f4 5d 1a 68 ee 91 16 45 ... }
[ZOLT TRANSCRIPT]   first_8_bytes={ 17 be 0f 13 db 3e 7c d7 }
[ZOLT TRANSCRIPT]   last_8_bytes={ 77 f8 e3 e2 6e 19 fc c9 }
[ZOLT TRANSCRIPT]   state_after={ 36 f8 0c 6d 17 ba 6c f8 ... }
[ZOLT TRANSCRIPT] appendBytes: len=32, state_before={ 36 f8 0c 6d 17 ba 6c f8 ... }
[ZOLT TRANSCRIPT]   first_8_bytes={ 09 21 bd 74 b8 3d 3b e8 }
[ZOLT TRANSCRIPT]   last_8_bytes={ 1f 96 67 48 bc 89 87 d5 }
[ZOLT TRANSCRIPT]   state_after={ c4 5f 17 88 3b dd 96 78 ... }
[ZOLT TRANSCRIPT] appendBytes: len=32, state_before={ c4 5f 17 88 3b dd 96 78 ... }
[ZOLT TRANSCRIPT]   first_8_bytes={ 01 82 54 af 59 e2 7f 82 }
[ZOLT TRANSCRIPT]   last_8_bytes={ 31 a5 a2 76 b4 4f ab 7f }
[ZOLT TRANSCRIPT]   state_after={ a8 65 58 7c b7 96 76 92 ... }
[ZOLT TRANSCRIPT] appendMessage: "UniPoly_end" (len=11), round=325, state_before=[a8, 65, 58, 7c, b7, 96, 76, 92]
[ZOLT TRANSCRIPT]   state_after={ 73 d7 6c e1 40 70 bc 30 ... }
[ZOLT TRANSCRIPT] challengeScalar128Bits: round=326
[ZOLT TRANSCRIPT]   state_before={ 73 d7 6c e1 40 70 bc 30 09 0e 24 7b 8f 78 e6 33 44 88 56 68 e8 55 f3 4e 30 6c fc ff 68 06 0b 06 }
[ZOLT TRANSCRIPT]   challenge_bytes={ 41 9e 1e ff f9 d6 df 8e 6d 56 26 2e ba 1a c1 23 }
[ZOLT TRANSCRIPT]   reversed={ 23 c1 1a ba 2e 26 56 6d 8e df d6 f9 ff 1e 9e 41 }
[ZOLT TRANSCRIPT]   full_value=0x23c11aba2e26566d8edfd6f9ff1e9e41
[ZOLT TRANSCRIPT]   masked_value=0x3c11aba2e26566d8edfd6f9ff1e9e41 (125-bit)
[ZOLT TRANSCRIPT]   result_limbs=[0x0, 0x0, 0x8edfd6f9ff1e9e41, 0x3c11aba2e26566d]
[ZOLT] STAGE2_ROUND_16: current_claim = { 213, 124, 102, 93, 207, 167, 207, 0, 66, 164, 68, 212, 167, 224, 117, 144, 237, 208, 48, 122, 203, 228, 173, 9, 178, 49, 70, 71, 30, 181, 58, 20, }
[ZOLT] STAGE2_ROUND_16: c0 = { 201, 252, 25, 110, 226, 227, 248, 119, 47, 195, 108, 175, 71, 41, 125, 32, 12, 189, 183, 46, 59, 0, 147, 61, 215, 124, 62, 219, 19, 15, 190, 23, }
[ZOLT] STAGE2_ROUND_16: c2 = { 213, 135, 137, 188, 72, 103, 150, 31, 90, 241, 42, 96, 173, 237, 86, 97, 166, 19, 202, 199, 195, 205, 122, 75, 232, 59, 61, 184, 116, 189, 33, 9, }
[ZOLT] STAGE2_ROUND_16: c3 = { 127, 171, 79, 180, 118, 162, 165, 49, 247, 209, 193, 81, 147, 127, 84, 236, 204, 243, 86, 63, 240, 216, 123, 111, 130, 127, 226, 89, 175, 84, 130, 1, }
[ZOLT] STAGE2_ROUND_16: challenge = { 229, 20, 101, 234, 20, 154, 202, 61, 133, 46, 240, 138, 58, 219, 35, 221, 4, 95, 96, 114, 236, 126, 81, 15, 67, 153, 91, 90, 246, 184, 108, 5, }
[ZOLT] STAGE2_ROUND_16: next_claim = { 58, 163, 8, 158, 172, 207, 180, 187, 189, 234, 10, 61, 77, 26, 160, 208, 23, 184, 170, 13, 220, 76, 141, 17, 52, 88, 214, 175, 139, 76, 52, 2, }
[ZOLT DEBUG] Round 16: Instance 0 claim BEFORE update = { 17, 15, 58, 168, 96, 33, 176, 128, 6, 150, 188, 166, 92, 157, 164, 145, 48, 62, 29, 14, 133, 80, 106, 86, 41, 110, 40, 58, 86, 135, 177, 38 }
[ZOLT DEBUG] Round 16: Instance 0 evals = [{ 41, 73, 59, 17, 161, 126, 117, 153, 244, 86, 109, 80, 217, 239, 191, 149, 87, 107, 168, 14, 180, 218, 177, 210, 135, 207, 245, 58, 186, 84, 19, 154 }, { 24, 42, 78, 9, 159, 212, 219, 15, 202, 144, 149, 12, 4, 47, 61, 89, 1, 6, 93, 72, 74, 47, 41, 20, 229, 128, 40, 147, 140, 51, 157, 141 }, { 19, 87, 124, 43, 36, 11, 65, 19, 223, 230, 145, 153, 210, 44, 186, 89, 93, 7, 95, 203, 74, 135, 188, 206, 214, 90, 3, 16, 12, 97, 225, 26 }, { 1, 239, 23, 182, 224, 93, 132, 165, 82, 236, 60, 230, 198, 30, 8, 107, 187, 178, 163, 26, 103, 63, 162, 255, 173, 199, 56, 157, 203, 238, 125, 156 }]
[ZOLT DEBUG] Round 16: Instance 0 claim AFTER update = { 47, 124, 212, 106, 90, 155, 245, 144, 13, 1, 138, 231, 91, 4, 220, 66, 94, 56, 187, 125, 239, 179, 137, 72, 189, 191, 78, 35, 92, 193, 63, 14 }
[ZOLT OUTPUT_BIND] round_idx=16, output_round_idx=8, challenge={ 5, 108, 184, 246, 90, 91, 153, 67, 15, 81, 126, 236, 114, 96, 95, 4, 221, 35, 219, 58, 138, 240, 46, 133, 61, 202, 154, 20, 234, 101, 20, 229 }
[ZOLT SYNC] round 16: batched = { 2, 52, 76, 139, 175, 214, 88, 52, 17, 141, 76, 220, 13, 170, 184, 23, 208, 160, 26, 77, 61, 10, 234, 189, 187, 180, 207, 172, 158, 8, 163, 58 }
[ZOLT SYNC] round 16: should_be = { 2, 52, 76, 139, 175, 214, 88, 52, 17, 141, 76, 220, 13, 170, 184, 23, 208, 160, 26, 77, 61, 10, 234, 189, 187, 180, 207, 172, 158, 8, 163, 58 }
[ZOLT SYNC] round 16: match = true
[ZOLT PRODUCT round 1] t0 last 8 bytes (LE): 5a 21 71 8e dd 5f da 41
[ZOLT PRODUCT round 1] t_inf last 8 bytes (LE): 0c 92 a5 8e 2c 98 97 66
[ZOLT PRODUCT round 1] previous_claim last 8 bytes (LE): 0e 3f c1 5c 23 4e bf bd
[ZOLT PRODUCT round 1] split_eq.current_scalar = { 18, 102, 192, 168, 219, 12, 255, 188, 138, 78, 127, 71, 51, 87, 244, 210, 143, 213, 6, 65, 17, 202, 215, 88, 218, 118, 103, 196, 12, 64, 40, 78 }
[ZOLT PRODUCT round 1] E_out.len = 16, E_in.len = 4
[GRUEN ROUND 7] q(0) = { 25, 1, 72, 219, 249, 143, 205, 55, 216, 150, 240, 26, 121, 103, 191, 89, 35, 106, 138, 201, 185, 10, 202, 177, 65, 218, 95, 221, 142, 113, 33, 90 }
[GRUEN ROUND 7] q(1) = { 42, 241, 99, 243, 36, 84, 206, 184, 120, 62, 155, 0, 205, 192, 5, 91, 136, 22, 98, 105, 61, 176, 221, 78, 178, 115, 248, 119, 9, 158, 172, 143 }
[GRUEN ROUND 7] previous_claim = { 47, 124, 212, 106, 90, 155, 245, 144, 13, 1, 138, 231, 91, 4, 220, 66, 94, 56, 187, 125, 239, 179, 137, 72, 189, 191, 78, 35, 92, 193, 63, 14 }
[ZOLT TRANSCRIPT] appendMessage: "UniPoly_begin" (len=13), round=327, state_before=[41, 9e, 1e, ff, f9, d6, df, 8e]
[ZOLT TRANSCRIPT]   state_after={ 2c ae 3f 85 2c 51 1f dc ... }
[ZOLT TRANSCRIPT] appendBytes: len=32, state_before={ 2c ae 3f 85 2c 51 1f dc ... }
[ZOLT TRANSCRIPT]   first_8_bytes={ 22 a3 87 a5 02 0d 49 34 }
[ZOLT TRANSCRIPT]   last_8_bytes={ c4 e8 6d 5e d3 a5 b7 60 }
[ZOLT TRANSCRIPT]   state_after={ 7a 8c 13 9d 11 c9 fd db ... }
[ZOLT TRANSCRIPT] appendBytes: len=32, state_before={ 7a 8c 13 9d 11 c9 fd db ... }
[ZOLT TRANSCRIPT]   first_8_bytes={ 21 e7 1c 42 9c 1e a3 a1 }
[ZOLT TRANSCRIPT]   last_8_bytes={ 58 4b d8 75 59 43 d4 b5 }
[ZOLT TRANSCRIPT]   state_after={ 09 e3 60 1e 05 44 1b bb ... }
[ZOLT TRANSCRIPT] appendBytes: len=32, state_before={ 09 e3 60 1e 05 44 1b bb ... }
[ZOLT TRANSCRIPT]   first_8_bytes={ 01 2e 6b eb 97 89 e8 7d }
[ZOLT TRANSCRIPT]   last_8_bytes={ d4 72 60 14 0b 29 df 7c }
[ZOLT TRANSCRIPT]   state_after={ 91 00 ed d1 10 b6 4c 66 ... }
[ZOLT TRANSCRIPT] appendMessage: "UniPoly_end" (len=11), round=331, state_before=[91, 00, ed, d1, 10, b6, 4c, 66]
[ZOLT TRANSCRIPT]   state_after={ 23 d2 b8 8c ac ce 60 b3 ... }
[ZOLT TRANSCRIPT] challengeScalar128Bits: round=332
[ZOLT TRANSCRIPT]   state_before={ 23 d2 b8 8c ac ce 60 b3 d1 7b 00 7c 0a ae 7e 8e 51 59 42 3e 4e 03 ae ca 3f 3c dd 85 8f 46 18 68 }
[ZOLT TRANSCRIPT]   challenge_bytes={ c6 87 89 79 11 88 cf 4c 63 36 b5 88 d8 d4 d7 1b }
[ZOLT TRANSCRIPT]   reversed={ 1b d7 d4 d8 88 b5 36 63 4c cf 88 11 79 89 87 c6 }
[ZOLT TRANSCRIPT]   full_value=0x1bd7d4d888b536634ccf8811798987c6
[ZOLT TRANSCRIPT]   masked_value=0x1bd7d4d888b536634ccf8811798987c6 (125-bit)
[ZOLT TRANSCRIPT]   result_limbs=[0x0, 0x0, 0x4ccf8811798987c6, 0x1bd7d4d888b53663]
[ZOLT] STAGE2_ROUND_17: current_claim = { 58, 163, 8, 158, 172, 207, 180, 187, 189, 234, 10, 61, 77, 26, 160, 208, 23, 184, 170, 13, 220, 76, 141, 17, 52, 88, 214, 175, 139, 76, 52, 2, }
[ZOLT] STAGE2_ROUND_17: c0 = { 96, 183, 165, 211, 94, 109, 232, 196, 188, 10, 9, 44, 196, 163, 184, 248, 45, 25, 241, 24, 241, 155, 17, 80, 52, 73, 13, 2, 165, 135, 163, 34, }
[ZOLT] STAGE2_ROUND_17: c2 = { 181, 212, 67, 89, 117, 216, 75, 88, 199, 3, 50, 8, 144, 124, 203, 138, 132, 65, 142, 173, 65, 94, 113, 168, 161, 163, 30, 156, 66, 28, 231, 33, }
[ZOLT] STAGE2_ROUND_17: c3 = { 124, 223, 41, 11, 20, 96, 114, 212, 153, 158, 47, 126, 206, 173, 50, 88, 221, 26, 91, 153, 19, 153, 99, 199, 125, 232, 137, 151, 235, 107, 46, 1, }
[ZOLT] STAGE2_ROUND_17: challenge = { 80, 33, 71, 94, 20, 228, 135, 200, 224, 97, 244, 133, 14, 210, 221, 233, 37, 87, 27, 105, 122, 98, 199, 18, 166, 25, 113, 36, 85, 141, 172, 6, }
[ZOLT] STAGE2_ROUND_17: next_claim = { 152, 251, 82, 200, 156, 12, 45, 51, 178, 109, 208, 6, 35, 95, 255, 85, 249, 61, 86, 125, 251, 216, 183, 139, 10, 6, 152, 211, 198, 122, 42, 30, }
[ZOLT OUTPUT_BIND] round_idx=17, output_round_idx=9, challenge={ 6, 172, 141, 85, 36, 113, 25, 166, 18, 199, 98, 122, 105, 27, 87, 37, 233, 221, 210, 14, 133, 244, 97, 224, 200, 135, 228, 20, 94, 71, 33, 80 }
[ZOLT PRODUCT round 2] t0 last 8 bytes (LE): 2a d8 56 0f b4 c8 91 0b
[ZOLT PRODUCT round 2] t_inf last 8 bytes (LE): 5b 7b 7e f5 82 a5 a9 1b
[ZOLT PRODUCT round 2] previous_claim last 8 bytes (LE): 31 0f dd bc 1b 9e 95 81
[ZOLT PRODUCT round 2] split_eq.current_scalar = { 15, 182, 105, 176, 38, 40, 64, 10, 88, 206, 186, 41, 245, 188, 103, 85, 38, 209, 161, 73, 19, 143, 68, 250, 170, 127, 48, 42, 16, 118, 75, 206 }
[ZOLT PRODUCT round 2] E_out.len = 16, E_in.len = 2
[GRUEN ROUND 6] q(0) = { 1, 120, 93, 89, 29, 141, 196, 8, 173, 113, 74, 123, 139, 213, 158, 247, 223, 119, 230, 102, 53, 217, 26, 27, 11, 145, 200, 180, 15, 86, 216, 42 }
[GRUEN ROUND 6] q(1) = { 35, 150, 12, 220, 165, 226, 139, 39, 16, 93, 210, 149, 179, 196, 63, 152, 23, 221, 128, 230, 188, 60, 250, 204, 48, 108, 185, 69, 205, 159, 201, 154 }
[GRUEN ROUND 6] previous_claim = { 43, 38, 127, 80, 175, 32, 224, 164, 60, 242, 244, 168, 183, 59, 2, 58, 145, 42, 73, 88, 227, 216, 107, 219, 129, 149, 158, 27, 188, 221, 15, 49 }
[ZOLT TRANSCRIPT] appendMessage: "UniPoly_begin" (len=13), round=333, state_before=[c6, 87, 89, 79, 11, 88, cf, 4c]
[ZOLT TRANSCRIPT]   state_after={ ce 01 5c 1c b8 4d 35 76 ... }
[ZOLT TRANSCRIPT] appendBytes: len=32, state_before={ ce 01 5c 1c b8 4d 35 76 ... }
[ZOLT TRANSCRIPT]   first_8_bytes={ 07 10 c4 25 6a 39 1d 6d }
[ZOLT TRANSCRIPT]   last_8_bytes={ dc f2 1b e9 54 e6 b4 2b }
[ZOLT TRANSCRIPT]   state_after={ 97 d1 16 ab 94 b3 8f f5 ... }
[ZOLT TRANSCRIPT] appendBytes: len=32, state_before={ 97 d1 16 ab 94 b3 8f f5 ... }
[ZOLT TRANSCRIPT]   first_8_bytes={ 26 cf 8e e3 8c ac ee 43 }
[ZOLT TRANSCRIPT]   last_8_bytes={ c0 20 9c cb 2d ac bd 67 }
[ZOLT TRANSCRIPT]   state_after={ 0b 6e 31 1c cf 25 99 17 ... }
[ZOLT TRANSCRIPT] appendBytes: len=32, state_before={ 0b 6e 31 1c cf 25 99 17 ... }
[ZOLT TRANSCRIPT]   first_8_bytes={ 09 e7 7d 5d f1 b1 4d 94 }
[ZOLT TRANSCRIPT]   last_8_bytes={ 62 6a fd 8b e9 76 70 ef }
[ZOLT TRANSCRIPT]   state_after={ 35 84 0d bd 18 9e 19 aa ... }
[ZOLT TRANSCRIPT] appendMessage: "UniPoly_end" (len=11), round=337, state_before=[35, 84, 0d, bd, 18, 9e, 19, aa]
[ZOLT TRANSCRIPT]   state_after={ 23 de 91 19 73 5b 42 41 ... }
[ZOLT TRANSCRIPT] challengeScalar128Bits: round=338
[ZOLT TRANSCRIPT]   state_before={ 23 de 91 19 73 5b 42 41 ac 92 3e d5 64 b8 39 50 07 3b 6e f1 d7 c1 7d 8d 47 4d e3 3d 91 7d b9 1f }
[ZOLT TRANSCRIPT]   challenge_bytes={ 0c 09 d1 ac 4b 30 6e e2 b3 82 9e ad af 59 24 5c }
[ZOLT TRANSCRIPT]   reversed={ 5c 24 59 af ad 9e 82 b3 e2 6e 30 4b ac d1 09 0c }
[ZOLT TRANSCRIPT]   full_value=0x5c2459afad9e82b3e26e304bacd1090c
[ZOLT TRANSCRIPT]   masked_value=0x1c2459afad9e82b3e26e304bacd1090c (125-bit)
[ZOLT TRANSCRIPT]   result_limbs=[0x0, 0x0, 0xe26e304bacd1090c, 0x1c2459afad9e82b3]
[ZOLT] STAGE2_ROUND_18: current_claim = { 152, 251, 82, 200, 156, 12, 45, 51, 178, 109, 208, 6, 35, 95, 255, 85, 249, 61, 86, 125, 251, 216, 183, 139, 10, 6, 152, 211, 198, 122, 42, 30, }
[ZOLT] STAGE2_ROUND_18: c0 = { 43, 180, 230, 84, 233, 27, 242, 220, 252, 238, 172, 178, 171, 27, 252, 161, 124, 159, 237, 47, 170, 40, 166, 177, 109, 29, 57, 106, 37, 196, 16, 7, }
[ZOLT] STAGE2_ROUND_18: c2 = { 103, 189, 172, 45, 203, 156, 32, 192, 141, 122, 141, 108, 12, 235, 107, 131, 254, 55, 33, 0, 127, 97, 100, 140, 67, 238, 172, 140, 227, 142, 207, 38, }
[ZOLT] STAGE2_ROUND_18: c3 = { 239, 112, 118, 233, 139, 253, 106, 98, 119, 159, 140, 113, 43, 59, 152, 149, 184, 219, 126, 252, 112, 188, 52, 147, 148, 77, 177, 241, 93, 125, 231, 9, }
[ZOLT] STAGE2_ROUND_18: challenge = { 195, 51, 38, 223, 199, 117, 255, 33, 178, 184, 26, 25, 78, 209, 99, 204, 143, 17, 178, 225, 5, 218, 139, 244, 118, 74, 99, 89, 141, 170, 138, 29, }
[ZOLT] STAGE2_ROUND_18: next_claim = { 230, 110, 215, 69, 172, 34, 4, 178, 245, 142, 253, 128, 5, 169, 51, 31, 65, 65, 37, 230, 253, 244, 244, 90, 5, 125, 95, 83, 176, 244, 81, 21, }
[ZOLT OUTPUT_BIND] round_idx=18, output_round_idx=10, challenge={ 29, 138, 170, 141, 89, 99, 74, 118, 244, 139, 218, 5, 225, 178, 17, 143, 204, 99, 209, 78, 25, 26, 184, 178, 33, 255, 117, 199, 223, 38, 51, 195 }
[GRUEN ROUND 5] q(0) = { 22, 85, 158, 207, 114, 135, 45, 254, 215, 33, 221, 25, 36, 31, 43, 20, 83, 155, 108, 243, 6, 61, 101, 25, 84, 9, 124, 20, 48, 216, 31, 177 }
[GRUEN ROUND 5] q(1) = { 6, 58, 170, 48, 180, 102, 14, 71, 161, 2, 162, 151, 165, 44, 137, 203, 108, 19, 98, 165, 250, 10, 142, 170, 47, 137, 201, 85, 243, 67, 107, 168 }
[GRUEN ROUND 5] previous_claim = { 0, 8, 186, 150, 59, 55, 89, 54, 13, 189, 163, 147, 51, 253, 181, 138, 222, 168, 51, 9, 143, 185, 65, 14, 193, 128, 78, 134, 133, 150, 156, 117 }
[ZOLT TRANSCRIPT] appendMessage: "UniPoly_begin" (len=13), round=339, state_before=[0c, 09, d1, ac, 4b, 30, 6e, e2]
[ZOLT TRANSCRIPT]   state_after={ ed 20 88 2a 37 42 ad 62 ... }
[ZOLT TRANSCRIPT] appendBytes: len=32, state_before={ ed 20 88 2a 37 42 ad 62 ... }
[ZOLT TRANSCRIPT]   first_8_bytes={ 20 1d 16 a2 ee 94 5f 69 }
[ZOLT TRANSCRIPT]   last_8_bytes={ 50 29 4f 41 cd ef e4 1d }
[ZOLT TRANSCRIPT]   state_after={ 89 0e ef 26 0a 15 58 bf ... }
[ZOLT TRANSCRIPT] appendBytes: len=32, state_before={ 89 0e ef 26 0a 15 58 bf ... }
[ZOLT TRANSCRIPT]   first_8_bytes={ 11 79 9b e1 44 a9 87 69 }
[ZOLT TRANSCRIPT]   last_8_bytes={ e4 67 d8 66 a8 e7 31 05 }
[ZOLT TRANSCRIPT]   state_after={ 0d b8 01 87 59 0a a6 31 ... }
[ZOLT TRANSCRIPT] appendBytes: len=32, state_before={ 0d b8 01 87 59 0a a6 31 ... }
[ZOLT TRANSCRIPT]   first_8_bytes={ 15 40 e4 f6 82 27 9c ea }
[ZOLT TRANSCRIPT]   last_8_bytes={ d4 ac e5 b6 d9 24 88 89 }
[ZOLT TRANSCRIPT]   state_after={ f6 48 be 8d 77 e0 73 8a ... }
[ZOLT TRANSCRIPT] appendMessage: "UniPoly_end" (len=11), round=343, state_before=[f6, 48, be, 8d, 77, e0, 73, 8a]
[ZOLT TRANSCRIPT]   state_after={ e7 95 65 b3 c3 64 79 1c ... }
[ZOLT TRANSCRIPT] challengeScalar128Bits: round=344
[ZOLT TRANSCRIPT]   state_before={ e7 95 65 b3 c3 64 79 1c cd 92 78 10 69 da c1 e7 42 d3 7e 53 b3 71 69 0c 7b fd 93 d8 f2 a8 79 35 }
[ZOLT TRANSCRIPT]   challenge_bytes={ 88 ad 1a 56 ff 58 75 23 01 7f 9f 1d 93 98 62 23 }
[ZOLT TRANSCRIPT]   reversed={ 23 62 98 93 1d 9f 7f 01 23 75 58 ff 56 1a ad 88 }
[ZOLT TRANSCRIPT]   full_value=0x236298931d9f7f01237558ff561aad88
[ZOLT TRANSCRIPT]   masked_value=0x36298931d9f7f01237558ff561aad88 (125-bit)
[ZOLT TRANSCRIPT]   result_limbs=[0x0, 0x0, 0x237558ff561aad88, 0x36298931d9f7f01]
[ZOLT] STAGE2_ROUND_19: current_claim = { 230, 110, 215, 69, 172, 34, 4, 178, 245, 142, 253, 128, 5, 169, 51, 31, 65, 65, 37, 230, 253, 244, 244, 90, 5, 125, 95, 83, 176, 244, 81, 21, }
[ZOLT] STAGE2_ROUND_19: c0 = { 29, 228, 239, 205, 65, 79, 41, 80, 210, 120, 91, 86, 132, 96, 93, 80, 102, 154, 70, 100, 79, 244, 155, 18, 105, 95, 148, 238, 162, 22, 29, 32, }
[ZOLT] STAGE2_ROUND_19: c2 = { 5, 49, 231, 168, 102, 216, 103, 228, 38, 131, 182, 223, 47, 236, 85, 45, 103, 220, 78, 127, 232, 23, 47, 36, 105, 135, 169, 68, 225, 155, 121, 17, }
[ZOLT] STAGE2_ROUND_19: c3 = { 137, 136, 36, 217, 182, 229, 172, 212, 155, 35, 221, 249, 95, 147, 12, 54, 228, 254, 77, 199, 10, 46, 55, 0, 234, 156, 39, 130, 246, 228, 64, 21, }
[ZOLT] STAGE2_ROUND_19: challenge = { 172, 202, 225, 182, 223, 51, 146, 241, 79, 236, 117, 128, 147, 142, 28, 192, 155, 43, 149, 146, 127, 7, 128, 19, 226, 228, 83, 211, 227, 15, 245, 29, }
[ZOLT] STAGE2_ROUND_19: next_claim = { 151, 216, 87, 245, 59, 163, 227, 224, 154, 30, 81, 227, 244, 109, 31, 11, 75, 100, 228, 138, 169, 48, 162, 122, 252, 104, 237, 134, 80, 157, 157, 21, }
[ZOLT CLAIM] round 19: old_claim = { 21, 81, 244, 176, 83, 95, 125, 5, 90, 244, 244, 253, 230, 37, 65, 65, 31, 51, 169, 5, 128, 253, 142, 245, 178, 4, 34, 172, 69, 215, 110, 230 }
[ZOLT CLAIM] round 19: s(0)+s(1) = { 21, 81, 244, 176, 83, 95, 125, 5, 90, 244, 244, 253, 230, 37, 65, 65, 31, 51, 169, 5, 128, 253, 142, 245, 178, 4, 34, 172, 69, 215, 110, 230 }
[ZOLT CLAIM] round 19: new_claim = { 21, 157, 157, 80, 134, 237, 104, 252, 122, 162, 48, 169, 138, 228, 100, 75, 11, 31, 109, 244, 227, 81, 30, 154, 224, 227, 163, 59, 245, 87, 216, 151 }
[ZOLT OUTPUT_BIND] round_idx=19, output_round_idx=11, challenge={ 29, 245, 15, 227, 211, 83, 228, 226, 19, 128, 7, 127, 146, 149, 43, 155, 192, 28, 142, 147, 128, 117, 236, 79, 241, 146, 51, 223, 182, 225, 202, 172 }
[GRUEN ROUND 4] q(0) = { 19, 128, 113, 181, 18, 147, 173, 63, 50, 213, 129, 160, 165, 176, 9, 171, 23, 89, 41, 209, 83, 216, 205, 177, 74, 119, 52, 173, 55, 22, 218, 216 }
[GRUEN ROUND 4] q(1) = { 22, 170, 198, 136, 55, 25, 75, 98, 245, 5, 208, 198, 162, 39, 215, 153, 117, 14, 11, 182, 141, 123, 101, 103, 72, 54, 197, 0, 231, 208, 194, 251 }
[GRUEN ROUND 4] previous_claim = { 17, 115, 222, 108, 16, 79, 188, 32, 110, 56, 248, 66, 175, 146, 237, 3, 38, 81, 79, 137, 248, 175, 114, 138, 228, 95, 232, 125, 84, 69, 44, 10 }
[ZOLT TRANSCRIPT] appendMessage: "UniPoly_begin" (len=13), round=345, state_before=[88, ad, 1a, 56, ff, 58, 75, 23]
[ZOLT TRANSCRIPT]   state_after={ d5 48 0f 5e 53 81 32 3d ... }
[ZOLT TRANSCRIPT] appendBytes: len=32, state_before={ d5 48 0f 5e 53 81 32 3d ... }
[ZOLT TRANSCRIPT]   first_8_bytes={ 2f 32 08 56 72 d9 a2 25 }
[ZOLT TRANSCRIPT]   last_8_bytes={ 7b da 5b 30 b8 d2 95 93 }
[ZOLT TRANSCRIPT]   state_after={ ea a0 d6 f4 94 15 b3 fc ... }
[ZOLT TRANSCRIPT] appendBytes: len=32, state_before={ ea a0 d6 f4 94 15 b3 fc ... }
[ZOLT TRANSCRIPT]   first_8_bytes={ 05 7b b4 3b 08 d6 52 64 }
[ZOLT TRANSCRIPT]   last_8_bytes={ 20 2a 74 d7 9a a6 b3 8b }
[ZOLT TRANSCRIPT]   state_after={ b7 e1 cb 19 b8 b4 01 bb ... }
[ZOLT TRANSCRIPT] appendBytes: len=32, state_before={ b7 e1 cb 19 b8 b4 01 bb ... }
[ZOLT TRANSCRIPT]   first_8_bytes={ 0e 5f 6b f0 75 14 3b a3 }
[ZOLT TRANSCRIPT]   last_8_bytes={ 43 04 55 1e a9 80 15 dc }
[ZOLT TRANSCRIPT]   state_after={ 92 c6 b5 26 30 ee 6b fc ... }
[ZOLT TRANSCRIPT] appendMessage: "UniPoly_end" (len=11), round=349, state_before=[92, c6, b5, 26, 30, ee, 6b, fc]
[ZOLT TRANSCRIPT]   state_after={ c8 a3 7b 98 c9 d9 db d3 ... }
[ZOLT TRANSCRIPT] challengeScalar128Bits: round=350
[ZOLT TRANSCRIPT]   state_before={ c8 a3 7b 98 c9 d9 db d3 6a 2d 5a 9f aa 8f 50 c7 4d 2b 8a 42 f7 a6 3f 26 bb 16 a7 d3 d3 b4 f8 6d }
[ZOLT TRANSCRIPT]   challenge_bytes={ 91 dc a9 74 0e 40 27 58 9c d0 8f 1b 61 da 74 a7 }
[ZOLT TRANSCRIPT]   reversed={ a7 74 da 61 1b 8f d0 9c 58 27 40 0e 74 a9 dc 91 }
[ZOLT TRANSCRIPT]   full_value=0xa774da611b8fd09c5827400e74a9dc91
[ZOLT TRANSCRIPT]   masked_value=0x774da611b8fd09c5827400e74a9dc91 (125-bit)
[ZOLT TRANSCRIPT]   result_limbs=[0x0, 0x0, 0x5827400e74a9dc91, 0x774da611b8fd09c]
[ZOLT] STAGE2_ROUND_20: current_claim = { 151, 216, 87, 245, 59, 163, 227, 224, 154, 30, 81, 227, 244, 109, 31, 11, 75, 100, 228, 138, 169, 48, 162, 122, 252, 104, 237, 134, 80, 157, 157, 21, }
[ZOLT] STAGE2_ROUND_20: c0 = { 147, 149, 210, 184, 48, 91, 218, 123, 241, 205, 193, 25, 168, 83, 120, 33, 182, 213, 100, 175, 153, 186, 46, 36, 37, 162, 217, 114, 86, 8, 50, 47, }
[ZOLT] STAGE2_ROUND_20: c2 = { 139, 179, 166, 154, 215, 116, 42, 32, 169, 114, 114, 130, 164, 200, 103, 229, 198, 75, 180, 99, 175, 88, 72, 216, 100, 82, 214, 8, 59, 180, 123, 5, }
[ZOLT] STAGE2_ROUND_20: c3 = { 220, 21, 128, 169, 30, 85, 4, 67, 4, 127, 65, 170, 137, 161, 77, 239, 91, 89, 149, 3, 214, 74, 103, 185, 163, 59, 20, 117, 240, 107, 95, 14, }
[ZOLT] STAGE2_ROUND_20: challenge = { 255, 174, 149, 220, 32, 238, 185, 93, 10, 190, 6, 215, 232, 255, 204, 104, 108, 31, 42, 152, 233, 241, 12, 155, 229, 226, 10, 148, 83, 15, 160, 41, }
[ZOLT] STAGE2_ROUND_20: next_claim = { 163, 221, 66, 245, 65, 10, 174, 209, 33, 75, 254, 159, 230, 182, 34, 94, 161, 181, 147, 173, 81, 171, 83, 101, 8, 23, 99, 133, 246, 34, 56, 45, }
[ZOLT CLAIM] round 20: old_claim = { 21, 157, 157, 80, 134, 237, 104, 252, 122, 162, 48, 169, 138, 228, 100, 75, 11, 31, 109, 244, 227, 81, 30, 154, 224, 227, 163, 59, 245, 87, 216, 151 }
[ZOLT CLAIM] round 20: s(0)+s(1) = { 21, 157, 157, 80, 134, 237, 104, 252, 122, 162, 48, 169, 138, 228, 100, 75, 11, 31, 109, 244, 227, 81, 30, 154, 224, 227, 163, 59, 245, 87, 216, 151 }
[ZOLT CLAIM] round 20: new_claim = { 45, 56, 34, 246, 133, 99, 23, 8, 101, 83, 171, 81, 173, 147, 181, 161, 94, 34, 182, 230, 159, 254, 75, 33, 209, 174, 10, 65, 245, 66, 221, 163 }
[ZOLT OUTPUT_BIND] round_idx=20, output_round_idx=12, challenge={ 41, 160, 15, 83, 148, 10, 226, 229, 155, 12, 241, 233, 152, 42, 31, 108, 104, 204, 255, 232, 215, 6, 190, 10, 93, 185, 238, 32, 220, 149, 174, 255 }
[GRUEN ROUND 3] q(0) = { 22, 194, 245, 36, 243, 236, 194, 34, 24, 2, 179, 89, 89, 28, 79, 232, 169, 109, 154, 50, 189, 151, 150, 138, 122, 181, 213, 148, 216, 148, 222, 215 }
[GRUEN ROUND 3] q(1) = { 7, 153, 183, 113, 15, 202, 124, 213, 190, 0, 150, 209, 167, 39, 234, 51, 23, 9, 197, 75, 5, 102, 75, 238, 108, 72, 240, 191, 249, 196, 160, 73 }
[GRUEN ROUND 3] previous_claim = { 30, 80, 133, 185, 58, 60, 95, 64, 84, 176, 92, 80, 116, 244, 231, 170, 232, 192, 250, 102, 148, 91, 203, 45, 103, 65, 120, 70, 93, 164, 166, 247 }
[ZOLT TRANSCRIPT] appendMessage: "UniPoly_begin" (len=13), round=351, state_before=[91, dc, a9, 74, 0e, 40, 27, 58]
[ZOLT TRANSCRIPT]   state_after={ 99 da e9 32 8c 49 11 26 ... }
[ZOLT TRANSCRIPT] appendBytes: len=32, state_before={ 99 da e9 32 8c 49 11 26 ... }
[ZOLT TRANSCRIPT]   first_8_bytes={ 15 df c8 1a 18 ff f0 af }
[ZOLT TRANSCRIPT]   last_8_bytes={ 83 6c 70 cc 82 17 9f b6 }
[ZOLT TRANSCRIPT]   state_after={ 83 ff 7f ca 98 88 af 63 ... }
[ZOLT TRANSCRIPT] appendBytes: len=32, state_before={ 83 ff 7f ca 98 88 af 63 ... }
[ZOLT TRANSCRIPT]   first_8_bytes={ 30 3e f7 68 d0 c5 8d bc }
[ZOLT TRANSCRIPT]   last_8_bytes={ 37 d1 b0 68 eb 99 f1 a8 }
[ZOLT TRANSCRIPT]   state_after={ d1 1e fe ee 2d b8 f4 ef ... }
[ZOLT TRANSCRIPT] appendBytes: len=32, state_before={ d1 1e fe ee 2d b8 f4 ef ... }
[ZOLT TRANSCRIPT]   first_8_bytes={ 20 f3 57 9b f8 a6 68 b7 }
[ZOLT TRANSCRIPT]   last_8_bytes={ 72 e6 a4 b6 3d 50 e2 69 }
[ZOLT TRANSCRIPT]   state_after={ ad ec ac 63 db 56 ac 93 ... }
[ZOLT TRANSCRIPT] appendMessage: "UniPoly_end" (len=11), round=355, state_before=[ad, ec, ac, 63, db, 56, ac, 93]
[ZOLT TRANSCRIPT]   state_after={ 38 f9 e7 6c bf 1c eb df ... }
[ZOLT TRANSCRIPT] challengeScalar128Bits: round=356
[ZOLT TRANSCRIPT]   state_before={ 38 f9 e7 6c bf 1c eb df a5 db c4 68 53 39 e3 48 62 d9 8c d8 77 41 62 0f cf b7 8a c8 16 58 53 b6 }
[ZOLT TRANSCRIPT]   challenge_bytes={ 1b e3 90 2b 71 44 fd 28 94 78 a6 13 b5 47 2e 09 }
[ZOLT TRANSCRIPT]   reversed={ 09 2e 47 b5 13 a6 78 94 28 fd 44 71 2b 90 e3 1b }
[ZOLT TRANSCRIPT]   full_value=0x92e47b513a6789428fd44712b90e31b
[ZOLT TRANSCRIPT]   masked_value=0x92e47b513a6789428fd44712b90e31b (125-bit)
[ZOLT TRANSCRIPT]   result_limbs=[0x0, 0x0, 0x28fd44712b90e31b, 0x92e47b513a67894]
[ZOLT] STAGE2_ROUND_21: current_claim = { 163, 221, 66, 245, 65, 10, 174, 209, 33, 75, 254, 159, 230, 182, 34, 94, 161, 181, 147, 173, 81, 171, 83, 101, 8, 23, 99, 133, 246, 34, 56, 45, }
[ZOLT] STAGE2_ROUND_21: c0 = { 182, 159, 23, 130, 204, 112, 108, 131, 202, 193, 23, 186, 16, 90, 120, 50, 7, 156, 95, 64, 226, 54, 25, 87, 175, 240, 255, 24, 26, 200, 223, 21, }
[ZOLT] STAGE2_ROUND_21: c2 = { 168, 241, 153, 235, 104, 176, 209, 55, 107, 22, 92, 210, 68, 37, 81, 28, 54, 127, 52, 19, 127, 25, 250, 164, 188, 141, 197, 208, 104, 247, 62, 48, }
[ZOLT] STAGE2_ROUND_21: c3 = { 105, 226, 80, 61, 182, 164, 230, 114, 193, 181, 83, 70, 76, 50, 124, 198, 122, 107, 192, 59, 1, 66, 206, 23, 183, 104, 166, 248, 155, 87, 243, 32, }
[ZOLT] STAGE2_ROUND_21: challenge = { 25, 252, 155, 92, 11, 122, 148, 255, 3, 53, 163, 71, 65, 163, 9, 60, 249, 191, 195, 64, 103, 206, 37, 174, 249, 105, 118, 252, 242, 223, 147, 41, }
[ZOLT] STAGE2_ROUND_21: next_claim = { 14, 184, 215, 103, 14, 166, 193, 72, 79, 69, 41, 51, 2, 194, 124, 209, 211, 44, 242, 194, 71, 143, 138, 100, 172, 188, 163, 227, 186, 255, 13, 36, }
[ZOLT CLAIM] round 21: old_claim = { 45, 56, 34, 246, 133, 99, 23, 8, 101, 83, 171, 81, 173, 147, 181, 161, 94, 34, 182, 230, 159, 254, 75, 33, 209, 174, 10, 65, 245, 66, 221, 163 }
[ZOLT CLAIM] round 21: s(0)+s(1) = { 45, 56, 34, 246, 133, 99, 23, 8, 101, 83, 171, 81, 173, 147, 181, 161, 94, 34, 182, 230, 159, 254, 75, 33, 209, 174, 10, 65, 245, 66, 221, 163 }
[ZOLT CLAIM] round 21: new_claim = { 36, 13, 255, 186, 227, 163, 188, 172, 100, 138, 143, 71, 194, 242, 44, 211, 209, 124, 194, 2, 51, 41, 69, 79, 72, 193, 166, 14, 103, 215, 184, 14 }
[ZOLT OUTPUT_BIND] round_idx=21, output_round_idx=13, challenge={ 41, 147, 223, 242, 252, 118, 105, 249, 174, 37, 206, 103, 64, 195, 191, 249, 60, 9, 163, 65, 71, 163, 53, 3, 255, 148, 122, 11, 92, 155, 252, 25 }
[GRUEN ROUND 2] q(0) = { 25, 0, 74, 86, 146, 92, 187, 116, 200, 151, 15, 235, 182, 46, 179, 79, 130, 181, 46, 89, 109, 97, 203, 3, 194, 30, 156, 64, 12, 169, 21, 110 }
[GRUEN ROUND 2] q(1) = { 0, 0, 0, 0, 0, 0, 0, 0, 0, 0, 0, 0, 0, 0, 0, 0, 0, 0, 0, 0, 0, 0, 0, 0, 0, 0, 0, 0, 0, 0, 0, 0 }
[GRUEN ROUND 2] previous_claim = { 23, 127, 208, 8, 55, 177, 50, 150, 45, 100, 25, 245, 65, 133, 82, 107, 86, 18, 39, 202, 244, 103, 62, 70, 165, 195, 182, 164, 102, 214, 49, 140 }
[ZOLT] OUT r22: c0={ 10, 31, 222, 159, 78, 58, 197, 93, 37, 147, 124, 176, 31, 20, 38, 200, 234, 153, 219, 165, 142, 97, 29, 100, 78, 18, 46, 146, 210, 15, 116, 127 }, c2={ 42, 100, 69, 233, 189, 26, 122, 180, 158, 64, 226, 125, 16, 184, 103, 102, 114, 72, 212, 43, 158, 199, 92, 46, 163, 6, 138, 44, 148, 249, 214, 60 }, c3={ 8, 15, 243, 148, 57, 40, 245, 105, 31, 209, 111, 244, 199, 238, 139, 223, 208, 66, 119, 225, 52, 169, 152, 227, 119, 118, 204, 253, 22, 138, 207, 34 }, claim_before={ 10, 31, 222, 159, 78, 58, 197, 93, 37, 147, 124, 176, 31, 20, 38, 200, 234, 153, 219, 165, 142, 97, 29, 100, 78, 18, 46, 146, 210, 15, 116, 127 }
[ZOLT TRANSCRIPT] appendMessage: "UniPoly_begin" (len=13), round=357, state_before=[1b, e3, 90, 2b, 71, 44, fd, 28]
[ZOLT TRANSCRIPT]   state_after={ 0c 9a a6 f7 93 fd 36 b3 ... }
[ZOLT TRANSCRIPT] appendBytes: len=32, state_before={ 0c 9a a6 f7 93 fd 36 b3 ... }
[ZOLT TRANSCRIPT]   first_8_bytes={ 24 0d ff ba e3 a3 bc ac }
[ZOLT TRANSCRIPT]   last_8_bytes={ 48 c1 a6 0e 67 d7 b8 0e }
[ZOLT TRANSCRIPT]   state_after={ a3 1c 61 cc 52 1e 3c 4e ... }
[ZOLT TRANSCRIPT] appendBytes: len=32, state_before={ a3 1c 61 cc 52 1e 3c 4e ... }
[ZOLT TRANSCRIPT]   first_8_bytes={ 13 66 2f d2 83 b4 c6 2e }
[ZOLT TRANSCRIPT]   last_8_bytes={ 21 d9 85 b4 70 30 f6 6c }
[ZOLT TRANSCRIPT]   state_after={ ad 30 00 c2 3e 5b 95 98 ... }
[ZOLT TRANSCRIPT] appendBytes: len=32, state_before={ ad 30 00 c2 3e 5b 95 98 ... }
[ZOLT TRANSCRIPT]   first_8_bytes={ 15 c3 c9 6f 4e 18 54 0d }
[ZOLT TRANSCRIPT]   last_8_bytes={ dd 95 0a 30 5a 95 a6 2f }
[ZOLT TRANSCRIPT]   state_after={ 75 f0 93 39 69 1e f2 f8 ... }
[ZOLT TRANSCRIPT] appendMessage: "UniPoly_end" (len=11), round=361, state_before=[75, f0, 93, 39, 69, 1e, f2, f8]
[ZOLT TRANSCRIPT]   state_after={ 73 32 04 f1 8b 30 c6 30 ... }
[ZOLT TRANSCRIPT] challengeScalar128Bits: round=362
[ZOLT TRANSCRIPT]   state_before={ 73 32 04 f1 8b 30 c6 30 34 2b f0 ed 84 3d dc d3 8a d5 78 ab 80 33 17 d1 94 ff 4d 35 e8 9d cf 88 }
[ZOLT TRANSCRIPT]   challenge_bytes={ d7 21 ff 79 67 ef cb cf c5 e2 c4 ec 72 93 8f 86 }
[ZOLT TRANSCRIPT]   reversed={ 86 8f 93 72 ec c4 e2 c5 cf cb ef 67 79 ff 21 d7 }
[ZOLT TRANSCRIPT]   full_value=0x868f9372ecc4e2c5cfcbef6779ff21d7
[ZOLT TRANSCRIPT]   masked_value=0x68f9372ecc4e2c5cfcbef6779ff21d7 (125-bit)
[ZOLT TRANSCRIPT]   result_limbs=[0x0, 0x0, 0xcfcbef6779ff21d7, 0x68f9372ecc4e2c5]
[ZOLT] STAGE2_ROUND_22: current_claim = { 14, 184, 215, 103, 14, 166, 193, 72, 79, 69, 41, 51, 2, 194, 124, 209, 211, 44, 242, 194, 71, 143, 138, 100, 172, 188, 163, 227, 186, 255, 13, 36, }
[ZOLT] STAGE2_ROUND_22: c0 = { 14, 184, 215, 103, 14, 166, 193, 72, 79, 69, 41, 51, 2, 194, 124, 209, 211, 44, 242, 194, 71, 143, 138, 100, 172, 188, 163, 227, 186, 255, 13, 36, }
[ZOLT] STAGE2_ROUND_22: c2 = { 108, 246, 48, 112, 180, 133, 217, 33, 107, 45, 229, 197, 79, 187, 198, 87, 126, 221, 4, 45, 123, 147, 245, 121, 46, 198, 180, 131, 210, 47, 102, 19, }
[ZOLT] STAGE2_ROUND_22: c3 = { 47, 166, 149, 90, 48, 10, 149, 221, 11, 196, 42, 99, 252, 169, 46, 230, 4, 220, 127, 32, 215, 210, 220, 24, 13, 84, 24, 78, 111, 201, 195, 21, }
[ZOLT] STAGE2_ROUND_22: challenge = { 156, 151, 199, 247, 82, 88, 185, 15, 213, 42, 112, 83, 61, 121, 68, 185, 111, 231, 0, 120, 232, 64, 87, 211, 54, 197, 150, 194, 104, 13, 24, 43, }
[ZOLT] STAGE2_ROUND_22: next_claim = { 249, 141, 112, 11, 250, 160, 183, 102, 47, 96, 144, 21, 213, 122, 112, 175, 122, 95, 17, 185, 122, 184, 221, 252, 67, 188, 188, 216, 202, 17, 4, 27, }
[ZOLT CLAIM] round 22: old_claim = { 36, 13, 255, 186, 227, 163, 188, 172, 100, 138, 143, 71, 194, 242, 44, 211, 209, 124, 194, 2, 51, 41, 69, 79, 72, 193, 166, 14, 103, 215, 184, 14 }
[ZOLT CLAIM] round 22: s(0)+s(1) = { 36, 13, 255, 186, 227, 163, 188, 172, 100, 138, 143, 71, 194, 242, 44, 211, 209, 124, 194, 2, 51, 41, 69, 79, 72, 193, 166, 14, 103, 215, 184, 14 }
[ZOLT CLAIM] round 22: new_claim = { 27, 4, 17, 202, 216, 188, 188, 67, 252, 221, 184, 122, 185, 17, 95, 122, 175, 112, 122, 213, 21, 144, 96, 47, 102, 183, 160, 250, 11, 112, 141, 249 }
[ZOLT OUTPUT_BIND] round_idx=22, output_round_idx=14, challenge={ 43, 24, 13, 104, 194, 150, 197, 54, 211, 87, 64, 232, 120, 0, 231, 111, 185, 68, 121, 61, 83, 112, 42, 213, 15, 185, 88, 82, 247, 199, 151, 156 }
[ZOLT PRODUCT FINAL] left[0] = { 1, 29, 197, 168, 228, 244, 237, 239, 215, 212, 166, 120, 68, 149, 70, 157, 222, 10, 218, 69, 170, 161, 225, 93, 173, 70, 242, 64, 198, 51, 235, 48 }
[ZOLT PRODUCT FINAL] right[0] = { 38, 240, 140, 192, 201, 243, 138, 196, 125, 103, 252, 3, 224, 198, 181, 178, 237, 229, 32, 187, 43, 221, 23, 12, 81, 76, 80, 214, 47, 182, 35, 220 }
[ZOLT PRODUCT FINAL] left[1] = { 0, 0, 0, 0, 0, 0, 0, 0, 0, 0, 0, 0, 0, 0, 0, 0, 0, 0, 0, 0, 0, 0, 0, 0, 0, 0, 0, 0, 0, 0, 0, 0 }
[ZOLT PRODUCT FINAL] right[1] = { 0, 0, 0, 0, 0, 0, 0, 0, 0, 0, 0, 0, 0, 0, 0, 0, 0, 0, 0, 0, 0, 0, 0, 0, 0, 0, 0, 0, 0, 0, 0, 0 }
[GRUEN ROUND 1] q(0) = { 13, 121, 32, 210, 163, 48, 52, 102, 25, 36, 40, 104, 251, 26, 7, 55, 54, 147, 245, 255, 198, 119, 148, 174, 84, 109, 105, 101, 41, 136, 89, 215 }
[GRUEN ROUND 1] q(1) = { 0, 0, 0, 0, 0, 0, 0, 0, 0, 0, 0, 0, 0, 0, 0, 0, 0, 0, 0, 0, 0, 0, 0, 0, 0, 0, 0, 0, 0, 0, 0, 0 }
[GRUEN ROUND 1] previous_claim = { 39, 132, 144, 53, 247, 93, 207, 147, 204, 170, 107, 199, 99, 68, 203, 30, 138, 180, 231, 36, 51, 156, 1, 186, 1, 30, 118, 147, 136, 190, 126, 80 }
[ZOLT] OUT r23: c0={ 10, 225, 223, 90, 93, 42, 220, 0, 245, 242, 73, 204, 169, 144, 88, 249, 16, 167, 116, 110, 234, 45, 251, 52, 240, 253, 105, 237, 133, 171, 203, 231 }, c2={ 20, 71, 216, 142, 42, 56, 10, 115, 235, 45, 13, 126, 228, 78, 129, 231, 190, 208, 50, 26, 254, 233, 113, 147, 53, 234, 203, 4, 230, 200, 93, 228 }, c3={ 19, 127, 42, 159, 138, 18, 56, 219, 97, 138, 193, 2, 35, 97, 151, 183, 61, 5, 149, 78, 50, 126, 253, 25, 127, 122, 74, 62, 71, 113, 183, 2 }, claim_before={ 10, 225, 223, 90, 93, 42, 220, 0, 245, 242, 73, 204, 169, 144, 88, 249, 16, 167, 116, 110, 234, 45, 251, 52, 240, 253, 105, 237, 133, 171, 203, 231 }
[ZOLT] STAGE2_BATCHED round 23: combined_evals[0] = { 27, 4, 17, 202, 216, 188, 188, 67, 252, 221, 184, 122, 185, 17, 95, 122, 175, 112, 122, 213, 21, 144, 96, 47, 102, 183, 160, 250, 11, 112, 141, 249 }
[ZOLT] STAGE2_BATCHED round 23: combined_evals[1] = { 0, 0, 0, 0, 0, 0, 0, 0, 0, 0, 0, 0, 0, 0, 0, 0, 0, 0, 0, 0, 0, 0, 0, 0, 0, 0, 0, 0, 0, 0, 0, 0 }
[ZOLT] STAGE2_BATCHED round 23: compressed[0] (c0) = { 27, 4, 17, 202, 216, 188, 188, 67, 252, 221, 184, 122, 185, 17, 95, 122, 175, 112, 122, 213, 21, 144, 96, 47, 102, 183, 160, 250, 11, 112, 141, 249 }
[ZOLT] STAGE2_BATCHED round 23: compressed[2] (c3) = { 5, 62, 59, 41, 216, 222, 133, 246, 236, 163, 161, 132, 138, 29, 104, 113, 16, 35, 83, 41, 117, 59, 58, 253, 124, 150, 39, 149, 112, 121, 144, 61 }
[ZOLT TRANSCRIPT] appendMessage: "UniPoly_begin" (len=13), round=363, state_before=[d7, 21, ff, 79, 67, ef, cb, cf]
[ZOLT TRANSCRIPT]   state_after={ b6 5d 05 d3 42 6e 8f 11 ... }
[ZOLT TRANSCRIPT] appendBytes: len=32, state_before={ b6 5d 05 d3 42 6e 8f 11 ... }
[ZOLT TRANSCRIPT]   first_8_bytes={ 1b 04 11 ca d8 bc bc 43 }
[ZOLT TRANSCRIPT]   last_8_bytes={ 66 b7 a0 fa 0b 70 8d f9 }
[ZOLT TRANSCRIPT]   state_after={ 7d fc 49 4c f4 17 55 a4 ... }
[ZOLT TRANSCRIPT] appendBytes: len=32, state_before={ 7d fc 49 4c f4 17 55 a4 ... }
[ZOLT TRANSCRIPT]   first_8_bytes={ 06 c5 7d 7d 47 01 3b 0d }
[ZOLT TRANSCRIPT]   last_8_bytes={ e1 5b 2a e7 95 2b 2a 77 }
[ZOLT TRANSCRIPT]   state_after={ 10 c7 57 02 49 db e3 8e ... }
[ZOLT TRANSCRIPT] appendBytes: len=32, state_before={ 10 c7 57 02 49 db e3 8e ... }
[ZOLT TRANSCRIPT]   first_8_bytes={ 05 3e 3b 29 d8 de 85 f6 }
[ZOLT TRANSCRIPT]   last_8_bytes={ 7c 96 27 95 70 79 90 3d }
[ZOLT TRANSCRIPT]   state_after={ 33 d6 5f de 89 8f 78 2e ... }
[ZOLT TRANSCRIPT] appendMessage: "UniPoly_end" (len=11), round=367, state_before=[33, d6, 5f, de, 89, 8f, 78, 2e]
[ZOLT TRANSCRIPT]   state_after={ 58 61 74 51 22 90 80 7f ... }
[ZOLT TRANSCRIPT] challengeScalar128Bits: round=368
[ZOLT TRANSCRIPT]   state_before={ 58 61 74 51 22 90 80 7f 05 bc 74 ef c7 d0 e2 17 03 b5 37 60 3f 6e 45 62 af 2f df d2 22 5b b5 fa }
[ZOLT TRANSCRIPT]   challenge_bytes={ 0d 8d 89 b0 c0 ef 00 b0 84 a4 8a 1b 0b 14 34 e7 }
[ZOLT TRANSCRIPT]   reversed={ e7 34 14 0b 1b 8a a4 84 b0 00 ef c0 b0 89 8d 0d }
[ZOLT TRANSCRIPT]   full_value=0xe734140b1b8aa484b000efc0b0898d0d
[ZOLT TRANSCRIPT]   masked_value=0x734140b1b8aa484b000efc0b0898d0d (125-bit)
[ZOLT TRANSCRIPT]   result_limbs=[0x0, 0x0, 0xb000efc0b0898d0d, 0x734140b1b8aa484]
[ZOLT] STAGE2_ROUND_23: current_claim = { 249, 141, 112, 11, 250, 160, 183, 102, 47, 96, 144, 21, 213, 122, 112, 175, 122, 95, 17, 185, 122, 184, 221, 252, 67, 188, 188, 216, 202, 17, 4, 27, }
[ZOLT] STAGE2_ROUND_23: c0 = { 249, 141, 112, 11, 250, 160, 183, 102, 47, 96, 144, 21, 213, 122, 112, 175, 122, 95, 17, 185, 122, 184, 221, 252, 67, 188, 188, 216, 202, 17, 4, 27, }
[ZOLT] STAGE2_ROUND_23: c2 = { 119, 42, 43, 149, 231, 42, 91, 225, 142, 61, 81, 23, 96, 91, 57, 94, 66, 168, 156, 80, 119, 108, 207, 129, 13, 59, 1, 71, 125, 125, 197, 6, }
[ZOLT] STAGE2_ROUND_23: c3 = { 61, 144, 121, 112, 149, 39, 150, 124, 253, 58, 59, 117, 41, 83, 35, 16, 113, 104, 29, 138, 132, 161, 163, 236, 246, 133, 222, 216, 41, 59, 62, 5, }
[ZOLT] STAGE2_ROUND_23: challenge = { 13, 2, 53, 95, 77, 227, 25, 56, 154, 87, 184, 38, 42, 175, 112, 162, 228, 111, 255, 88, 238, 202, 161, 252, 169, 140, 154, 189, 157, 91, 116, 18, }
[ZOLT] STAGE2_ROUND_23: next_claim = { 74, 51, 248, 103, 10, 223, 110, 228, 4, 134, 231, 47, 23, 97, 177, 113, 34, 147, 225, 12, 230, 80, 101, 48, 115, 58, 156, 199, 174, 21, 129, 11, }
[ZOLT CLAIM] round 23: old_claim = { 27, 4, 17, 202, 216, 188, 188, 67, 252, 221, 184, 122, 185, 17, 95, 122, 175, 112, 122, 213, 21, 144, 96, 47, 102, 183, 160, 250, 11, 112, 141, 249 }
[ZOLT CLAIM] round 23: s(0)+s(1) = { 27, 4, 17, 202, 216, 188, 188, 67, 252, 221, 184, 122, 185, 17, 95, 122, 175, 112, 122, 213, 21, 144, 96, 47, 102, 183, 160, 250, 11, 112, 141, 249 }
[ZOLT CLAIM] round 23: new_claim = { 11, 129, 21, 174, 199, 156, 58, 115, 48, 101, 80, 230, 12, 225, 147, 34, 113, 177, 97, 23, 47, 231, 134, 4, 228, 110, 223, 10, 103, 248, 51, 74 }
[ZOLT OUTPUT_BIND] round_idx=23, output_round_idx=15, challenge={ 18, 116, 91, 157, 189, 154, 140, 169, 252, 161, 202, 238, 88, 255, 111, 228, 162, 112, 175, 42, 38, 184, 87, 154, 56, 25, 227, 77, 95, 53, 2, 13 }
[ZOLT] STAGE2_BATCHED: final batched_claim = { 11, 129, 21, 174, 199, 156, 58, 115, 48, 101, 80, 230, 12, 225, 147, 34, 113, 177, 97, 23, 47, 231, 134, 4, 228, 110, 223, 10, 103, 248, 51, 74 }
[ZOLT DEBUG] inst0 prover.current_claim = { 12, 158, 138, 91, 150, 249, 68, 66, 94, 59, 135, 8, 19, 177, 145, 99, 234, 108, 16, 208, 124, 175, 37, 64, 173, 73, 6, 121, 50, 200, 79, 16 }
[ZOLT DEBUG] inst0 individual_claims[0] = { 12, 158, 138, 91, 150, 249, 68, 66, 94, 59, 135, 8, 19, 177, 145, 99, 234, 108, 16, 208, 124, 175, 37, 64, 173, 73, 6, 121, 50, 200, 79, 16 }
[ZOLT DEBUG] inst0 MATCH: true
[ZOLT DEBUG] inst1 (no prover) individual_claims[1] = { 0, 0, 0, 0, 0, 0, 0, 0, 0, 0, 0, 0, 0, 0, 0, 0, 0, 0, 0, 0, 0, 0, 0, 0, 0, 0, 0, 0, 0, 0, 0, 0 }
[ZOLT DEBUG] inst2 (no prover) individual_claims[2] = { 0, 0, 0, 0, 0, 0, 0, 0, 0, 0, 0, 0, 0, 0, 0, 0, 0, 0, 0, 0, 0, 0, 0, 0, 0, 0, 0, 0, 0, 0, 0, 0 }
[ZOLT DEBUG] inst3 prover.current_claim = { 5, 231, 229, 164, 119, 63, 201, 122, 204, 193, 230, 146, 162, 156, 81, 189, 102, 45, 238, 119, 252, 154, 73, 184, 12, 172, 144, 168, 192, 71, 250, 84 }
[ZOLT DEBUG] inst3 individual_claims[3] = { 5, 231, 229, 164, 119, 63, 201, 122, 204, 193, 230, 146, 162, 156, 81, 189, 102, 45, 238, 119, 252, 154, 73, 184, 12, 172, 144, 168, 192, 71, 250, 84 }
[ZOLT DEBUG] inst3 MATCH: true
[ZOLT DEBUG] inst4 prover.current_claim = { 0, 219, 13, 169, 35, 84, 172, 183, 0, 129, 5, 105, 58, 13, 249, 181, 90, 37, 63, 179, 68, 131, 131, 5, 7, 180, 115, 104, 96, 160, 94, 162 }
[ZOLT DEBUG] inst4 individual_claims[4] = { 0, 219, 13, 169, 35, 84, 172, 183, 0, 129, 5, 105, 58, 13, 249, 181, 90, 37, 63, 179, 68, 131, 131, 5, 7, 180, 115, 104, 96, 160, 94, 162 }
[ZOLT DEBUG] inst4 MATCH: true
[ZOLT DEBUG] expected_batched (from provers) = { 11, 129, 21, 174, 199, 156, 58, 115, 48, 101, 80, 230, 12, 225, 147, 34, 113, 177, 97, 23, 47, 231, 134, 4, 228, 110, 223, 10, 103, 248, 51, 74 }
[ZOLT DEBUG] actual batched = { 11, 129, 21, 174, 199, 156, 58, 115, 48, 101, 80, 230, 12, 225, 147, 34, 113, 177, 97, 23, 47, 231, 134, 4, 228, 110, 223, 10, 103, 248, 51, 74 }
[ZOLT DEBUG] MATCH: true
[ZOLT] STAGE2_FINAL: output_claim = { 74, 51, 248, 103, 10, 223, 110, 228, 4, 134, 231, 47, 23, 97, 177, 113, 34, 147, 225, 12, 230, 80, 101, 48, 115, 58, 156, 199, 174, 21, 129, 11, }
[ZOLT] STAGE2_BATCHED: challenges.len = 24
[ZOLT] STAGE2_BATCHED: challenge[0] LE first 8 bytes = [a4, be, d1, 5c, 53, 30, bb, 7e]
[ZOLT] STAGE2_BATCHED: challenge[1] LE first 8 bytes = [95, e1, c8, ea, c6, 04, 9d, bc]
[ZOLT] STAGE2_BATCHED: challenge[2] LE first 8 bytes = [e2, da, d3, b6, 83, 24, 67, b9]
[ZOLT] STAGE2_BATCHED: challenge[3] LE first 8 bytes = [2c, 33, 95, 2e, da, db, 8a, 40]
[ZOLT] STAGE2_BATCHED: challenge[4] LE first 8 bytes = [4e, c0, 2b, 51, b9, cf, 85, 1d]
[ZOLT] STAGE2_BATCHED: challenge[5] LE first 8 bytes = [3c, ef, 84, a6, 59, 4f, c9, 85]
[ZOLT] STAGE2_BATCHED: challenge[6] LE first 8 bytes = [32, a2, cf, 47, 5e, 52, c2, 44]
[ZOLT] STAGE2_BATCHED: challenge[7] LE first 8 bytes = [76, ca, 67, 9b, a0, 67, c9, 5c]
[ZOLT] STAGE2_BATCHED: challenge[8] LE first 8 bytes = [c3, 0f, 6d, cf, ec, 48, 23, d3]
[ZOLT] STAGE2_BATCHED: challenge[9] LE first 8 bytes = [63, da, b7, 7d, c1, 2a, 35, 88]
[ZOLT] STAGE2_BATCHED: challenge[10] LE first 8 bytes = [1d, 62, 69, 2f, ed, 81, c0, e7]
[ZOLT] STAGE2_BATCHED: challenge[11] LE first 8 bytes = [69, 4e, 5e, 2e, 01, 6a, 9c, ce]
[ZOLT] STAGE2_BATCHED: challenge[12] LE first 8 bytes = [e8, ee, 9c, c1, b9, a6, 8b, 9a]
[ZOLT] STAGE2_BATCHED: challenge[13] LE first 8 bytes = [13, 28, c2, c8, 23, 45, bd, f4]
[ZOLT] STAGE2_BATCHED: challenge[14] LE first 8 bytes = [7a, a5, 8c, 4f, e5, e0, d9, 05]
[ZOLT] STAGE2_BATCHED: challenge[15] LE first 8 bytes = [4a, 9f, 7b, df, 78, 3c, 5c, 8f]
[ZOLT] STAGE2_BATCHED: challenge[16] LE first 8 bytes = [e5, 14, 65, ea, 14, 9a, ca, 3d]
[ZOLT] STAGE2_BATCHED: challenge[17] LE first 8 bytes = [50, 21, 47, 5e, 14, e4, 87, c8]
[ZOLT] STAGE2_BATCHED: challenge[18] LE first 8 bytes = [c3, 33, 26, df, c7, 75, ff, 21]
[ZOLT] STAGE2_BATCHED: challenge[19] LE first 8 bytes = [ac, ca, e1, b6, df, 33, 92, f1]
[ZOLT] STAGE2_BATCHED: challenge[20] LE first 8 bytes = [ff, ae, 95, dc, 20, ee, b9, 5d]
[ZOLT] STAGE2_BATCHED: challenge[21] LE first 8 bytes = [19, fc, 9b, 5c, 0b, 7a, 94, ff]
[ZOLT] STAGE2_BATCHED: challenge[22] LE first 8 bytes = [9c, 97, c7, f7, 52, 58, b9, 0f]
[ZOLT] STAGE2_BATCHED: challenge[23] LE first 8 bytes = [0d, 02, 35, 5f, 4d, e3, 19, 38]
[ZOLT] PROVER FINAL: left[0] = { 6, 116, 112, 170, 114, 199, 249, 132, 69, 106, 248, 174, 142, 140, 77, 6, 80, 24, 205, 99, 235, 239, 198, 254, 100, 135, 155, 98, 3, 169, 104, 148 }
[ZOLT] PROVER FINAL: right[0] = { 48, 62, 68, 46, 32, 166, 98, 108, 73, 136, 25, 0, 231, 226, 139, 53, 192, 97, 35, 39, 21, 54, 126, 2, 164, 212, 42, 42, 252, 66, 28, 63 }
[ZOLT] PROVER FINAL: split_eq.current_scalar = { 16, 213, 75, 236, 134, 184, 122, 60, 45, 153, 86, 209, 213, 212, 32, 151, 179, 205, 255, 249, 200, 223, 110, 251, 63, 59, 224, 106, 181, 149, 92, 234 }
[ZOLT] PROVER FINAL: left * right * eq = { 12, 158, 138, 91, 150, 249, 68, 66, 94, 59, 135, 8, 19, 177, 145, 99, 234, 108, 16, 208, 124, 175, 37, 64, 173, 73, 6, 121, 50, 200, 79, 16 }
[ZOLT] FACTOR_EVALS: r_cycle.len = 8, n_cycle_vars = 8
[ZOLT] FACTOR_EVALS: r_cycle[0] BE = { 18, 116, 91, 157, 189, 154, 140, 169, 252, 161, 202, 238, 88, 255, 111, 228, 162, 112, 175, 42, 38, 184, 87, 154, 56, 25, 227, 77, 95, 53, 2, 13 }
[ZOLT] FACTOR_EVALS: r_cycle[0] LE = { 13, 2, 53, 95, 77, 227, 25, 56, 154, 87, 184, 38, 42, 175, 112, 162, 228, 111, 255, 88, 238, 202, 161, 252, 169, 140, 154, 189, 157, 91, 116, 18 }
[ZOLT] FACTOR_EVALS: r_cycle_original[0] BE = { 5, 108, 184, 246, 90, 91, 153, 67, 15, 81, 126, 236, 114, 96, 95, 4, 221, 35, 219, 58, 138, 240, 46, 133, 61, 202, 154, 20, 234, 101, 20, 229 }
[ZOLT] FACTOR_EVALS: r_cycle[7] LE = { 229, 20, 101, 234, 20, 154, 202, 61, 133, 46, 240, 138, 58, 219, 35, 221, 4, 95, 96, 114, 236, 126, 81, 15, 67, 153, 91, 90, 246, 184, 108, 5 }
[ZOLT] FACTOR_EVALS: eq_evals.len = 256, cycle_witnesses.len = 256
[ZOLT] FACTOR_EVALS: eq_evals[0] = { 1, 240, 11, 247, 176, 10, 115, 151, 25, 232, 202, 35, 242, 184, 255, 146, 23, 84, 100, 194, 200, 68, 211, 192, 205, 208, 15, 45, 190, 46, 245, 23 }
[ZOLT] FACTOR_EVALS: eq_evals[1] = { 16, 35, 39, 212, 71, 184, 159, 172, 42, 1, 147, 4, 153, 13, 176, 96, 124, 126, 82, 155, 67, 122, 249, 183, 26, 138, 165, 193, 64, 174, 158, 63 }
[ZOLT] FACTOR_EVALS: eq_evals[2] = { 8, 192, 138, 52, 131, 152, 38, 8, 1, 190, 29, 64, 29, 148, 223, 22, 30, 39, 145, 198, 75, 149, 87, 143, 165, 249, 118, 194, 11, 151, 85, 76 }
[ZOLT] FACTOR_EVALS: eq_sum = { 0, 0, 0, 0, 0, 0, 0, 0, 0, 0, 0, 0, 0, 0, 0, 0, 0, 0, 0, 0, 0, 0, 0, 0, 0, 0, 0, 0, 0, 0, 0, 1 } (should be 1)
[ZOLT] FACTOR_EVALS: witness[0][LeftInstructionInput] LE = { 0, 0, 0, 0, 0, 0, 0, 0, 0, 0, 0, 0, 0, 0, 0, 0, 0, 0, 0, 0, 0, 0, 0, 0, 0, 0, 0, 0, 0, 0, 0, 0 }
[ZOLT] FACTOR_EVALS: witness[1][LeftInstructionInput] LE = { 0, 128, 0, 0, 0, 0, 0, 0, 0, 0, 0, 0, 0, 0, 0, 0, 0, 0, 0, 0, 0, 0, 0, 0, 0, 0, 0, 0, 0, 0, 0, 0 }
[ZOLT] FACTOR_EVALS: witness[1][LeftInstructionInput] = { 0, 128, 0, 0, 0, 0, 0, 0, 0, 0, 0, 0, 0, 0, 0, 0, 0, 0, 0, 0, 0, 0, 0, 0, 0, 0, 0, 0, 0, 0, 0, 0 }
[ZOLT] FACTOR_EVALS: witness[2][LeftInstructionInput] = { 1, 128, 0, 0, 0, 0, 0, 0, 0, 0, 0, 0, 0, 0, 0, 0, 0, 0, 0, 0, 0, 0, 0, 0, 0, 0, 0, 0, 0, 0, 0, 0 }
[ZOLT] FACTOR_EVALS: witness[3][LeftInstructionInput] = { 12, 0, 0, 128, 0, 0, 0, 0, 0, 0, 0, 0, 0, 0, 0, 0, 0, 0, 0, 0, 0, 0, 0, 0, 0, 0, 0, 0, 0, 0, 0, 0 }
[ZOLT] FACTOR_EVALS: total nonzero LeftInstructionInput in 256 cycles = 48
[ZOLT] FACTOR_EVALS: witness[0][RightInstructionInput] = { 0, 0, 0, 0, 0, 0, 0, 0, 0, 0, 0, 0, 0, 0, 0, 0, 0, 0, 0, 0, 0, 0, 0, 0, 0, 0, 0, 0, 0, 0, 128, 0 }
[ZOLT DEBUG] Cycle 11 has Branch=1, LookupOutput={ 0, 0, 0, 1 }
[ZOLT DEBUG] Cycle 16 has Branch=1, LookupOutput={ 0, 0, 0, 1 }
[ZOLT DEBUG] Cycle 21 has Branch=1, LookupOutput={ 0, 0, 0, 1 }
[ZOLT DEBUG] Cycle 26 has Branch=1, LookupOutput={ 0, 0, 0, 1 }
[ZOLT DEBUG] Cycle 31 has Branch=1, LookupOutput={ 0, 0, 0, 1 }
[ZOLT DEBUG] Cycles with non-zero Branch: 9
[ZOLT DEBUG] Cycles with non-zero LookupOutput: 51
[ZOLT] FACTOR_EVALS: factor[0] (LeftInstructionInput) = { 30, 148, 246, 73, 119, 71, 71, 57, 127, 155, 177, 3, 186, 180, 245, 131, 242, 224, 66, 70, 141, 43, 63, 183, 160, 210, 66, 204, 208, 219, 239, 219 }
[ZOLT] FACTOR_EVALS: factor[1] (RightInstructionInput) = { 13, 235, 97, 135, 149, 231, 32, 0, 149, 107, 254, 39, 196, 122, 79, 35, 244, 179, 64, 228, 194, 154, 238, 3, 155, 126, 107, 186, 168, 109, 175, 26 }
[ZOLT] FACTOR_EVALS: factor[2] (IsRdNotZero) = { 28, 90, 190, 255, 153, 91, 232, 189, 98, 197, 254, 85, 6, 218, 105, 171, 176, 7, 210, 36, 138, 19, 55, 35, 43, 111, 145, 155, 112, 215, 198, 106 }
[ZOLT] FACTOR_EVALS: factor[3] (WriteLookupOutputToRD) = { 14, 9, 125, 25, 162, 174, 199, 50, 208, 35, 18, 248, 234, 187, 56, 195, 206, 58, 42, 57, 177, 14, 16, 163, 200, 42, 226, 101, 4, 251, 122, 125 }
[ZOLT] FACTOR_EVALS: factor[4] (Jump) = { 30, 85, 2, 33, 63, 199, 203, 104, 148, 171, 222, 15, 102, 152, 132, 208, 45, 177, 115, 201, 148, 198, 139, 15, 83, 3, 193, 104, 210, 80, 2, 109 }
[ZOLT] FACTOR_EVALS: factor[5] (LookupOutput) = { 43, 250, 182, 193, 169, 163, 223, 150, 44, 20, 164, 239, 171, 181, 211, 131, 157, 22, 228, 28, 53, 170, 94, 178, 153, 148, 163, 126, 219, 165, 26, 55 }
[ZOLT] FACTOR_EVALS: factor[6] (Branch) = { 24, 56, 57, 163, 218, 161, 155, 153, 17, 206, 97, 139, 247, 31, 152, 46, 36, 83, 228, 130, 93, 35, 46, 145, 248, 124, 51, 110, 207, 27, 225, 227 }
[ZOLT] FACTOR_EVALS: factor[7] (NextIsNoop) = { 9, 196, 76, 1, 227, 209, 104, 13, 25, 211, 136, 210, 224, 181, 145, 34, 93, 96, 35, 14, 171, 89, 121, 202, 45, 1, 241, 143, 23, 39, 125, 3 }
[ZOLT] FACTOR CLAIMS: fused_left = { 6, 116, 112, 170, 114, 199, 249, 132, 69, 106, 248, 174, 142, 140, 77, 6, 80, 24, 205, 99, 235, 239, 198, 254, 100, 135, 155, 98, 3, 169, 104, 148 }
[ZOLT] FACTOR CLAIMS: fused_right = { 48, 62, 68, 46, 32, 166, 98, 108, 73, 136, 25, 0, 231, 226, 139, 53, 192, 97, 35, 39, 21, 54, 126, 2, 164, 212, 42, 42, 252, 66, 28, 63 }
[ZOLT] FACTOR CLAIMS: tau_high = { 5, 145, 40, 7, 230, 86, 73, 57, 141, 65, 17, 157, 176, 139, 102, 49, 121, 36, 53, 44, 244, 9, 244, 129, 196, 167, 38, 52, 254, 104, 113, 99 }
[ZOLT] FACTOR CLAIMS: r0_stage2 = { 44, 3, 137, 11, 138, 68, 28, 248, 108, 91, 193, 131, 42, 202, 137, 188, 189, 198, 5, 112, 35, 51, 176, 56, 54, 174, 162, 157, 255, 12, 110, 222 }
[ZOLT] FACTOR CLAIMS: tau_high_bound_r0 = { 47, 152, 235, 149, 52, 19, 0, 237, 246, 206, 193, 50, 43, 49, 193, 12, 124, 221, 203, 114, 171, 245, 86, 178, 58, 30, 79, 224, 192, 65, 129, 12 }
[ZOLT] FACTOR CLAIMS: product_start_round = 16, challenges.len = 24, n_cycle_vars = 8
[ZOLT] FACTOR CLAIMS: tau_low[0] = { 18, 65, 131, 218, 41, 110, 137, 235, 213, 203, 209, 138, 116, 3, 116, 184, 163, 130, 126, 247, 173, 177, 85, 149, 123, 55, 243, 164, 199, 163, 166, 160 }
[ZOLT] FACTOR CLAIMS: r_cycle_reversed[0] = { 18, 116, 91, 157, 189, 154, 140, 169, 252, 161, 202, 238, 88, 255, 111, 228, 162, 112, 175, 42, 38, 184, 87, 154, 56, 25, 227, 77, 95, 53, 2, 13 }
[ZOLT] FACTOR CLAIMS: tau_bound_r_tail_rev = { 17, 243, 254, 31, 46, 214, 235, 251, 153, 100, 194, 128, 51, 65, 174, 135, 91, 196, 118, 142, 106, 78, 4, 171, 97, 71, 220, 222, 249, 128, 51, 39 }
[ZOLT] FACTOR CLAIMS: expected_output_claim = { 12, 158, 138, 91, 150, 249, 68, 66, 94, 59, 135, 8, 19, 177, 145, 99, 234, 108, 16, 208, 124, 175, 37, 64, 173, 73, 6, 121, 50, 200, 79, 16 }
[ZOLT] STAGE2 RWC: rwc_prover is_null = true
[ZOLT] STAGE2 RWC: prover is null, computing val_init(r_address) for rwc_val_claim
[COMPUTE_INIT_RAM_EVAL] Computing with log_ram_k=16
[COMPUTE_INIT_RAM_EVAL] r_address_be.len = 16
[COMPUTE_INIT_RAM_EVAL] Full r_address_be array (all 16 elements):
[COMPUTE_INIT_RAM_EVAL]   r_address_be[0] (BE) = { 18, 116, 91, 157, 189, 154, 140, 169, 252, 161, 202, 238, 88, 255, 111, 228, 162, 112, 175, 42, 38, 184, 87, 154, 56, 25, 227, 77, 95, 53, 2, 13 }
[COMPUTE_INIT_RAM_EVAL]   r_address_be[1] (BE) = { 43, 24, 13, 104, 194, 150, 197, 54, 211, 87, 64, 232, 120, 0, 231, 111, 185, 68, 121, 61, 83, 112, 42, 213, 15, 185, 88, 82, 247, 199, 151, 156 }
[COMPUTE_INIT_RAM_EVAL]   r_address_be[2] (BE) = { 41, 147, 223, 242, 252, 118, 105, 249, 174, 37, 206, 103, 64, 195, 191, 249, 60, 9, 163, 65, 71, 163, 53, 3, 255, 148, 122, 11, 92, 155, 252, 25 }
[COMPUTE_INIT_RAM_EVAL]   r_address_be[3] (BE) = { 41, 160, 15, 83, 148, 10, 226, 229, 155, 12, 241, 233, 152, 42, 31, 108, 104, 204, 255, 232, 215, 6, 190, 10, 93, 185, 238, 32, 220, 149, 174, 255 }
[COMPUTE_INIT_RAM_EVAL]   r_address_be[4] (BE) = { 29, 245, 15, 227, 211, 83, 228, 226, 19, 128, 7, 127, 146, 149, 43, 155, 192, 28, 142, 147, 128, 117, 236, 79, 241, 146, 51, 223, 182, 225, 202, 172 }
[COMPUTE_INIT_RAM_EVAL]   r_address_be[5] (BE) = { 29, 138, 170, 141, 89, 99, 74, 118, 244, 139, 218, 5, 225, 178, 17, 143, 204, 99, 209, 78, 25, 26, 184, 178, 33, 255, 117, 199, 223, 38, 51, 195 }
[COMPUTE_INIT_RAM_EVAL]   r_address_be[6] (BE) = { 6, 172, 141, 85, 36, 113, 25, 166, 18, 199, 98, 122, 105, 27, 87, 37, 233, 221, 210, 14, 133, 244, 97, 224, 200, 135, 228, 20, 94, 71, 33, 80 }
[COMPUTE_INIT_RAM_EVAL]   r_address_be[7] (BE) = { 5, 108, 184, 246, 90, 91, 153, 67, 15, 81, 126, 236, 114, 96, 95, 4, 221, 35, 219, 58, 138, 240, 46, 133, 61, 202, 154, 20, 234, 101, 20, 229 }
[COMPUTE_INIT_RAM_EVAL]   r_address_be[8] (BE) = { 4, 197, 250, 163, 198, 116, 242, 29, 231, 57, 76, 214, 114, 23, 237, 108, 12, 101, 175, 151, 213, 222, 115, 181, 143, 92, 60, 120, 223, 123, 159, 74 }
[COMPUTE_INIT_RAM_EVAL]   r_address_be[9] (BE) = { 34, 239, 14, 129, 172, 221, 234, 14, 142, 46, 39, 198, 16, 176, 93, 160, 71, 121, 96, 27, 237, 243, 88, 212, 5, 217, 224, 229, 79, 140, 165, 122 }
[COMPUTE_INIT_RAM_EVAL]   r_address_be[10] (BE) = { 16, 129, 95, 51, 194, 14, 235, 177, 151, 202, 224, 166, 201, 254, 98, 184, 90, 204, 163, 175, 162, 63, 254, 198, 244, 189, 69, 35, 200, 194, 40, 19 }
[COMPUTE_INIT_RAM_EVAL]   r_address_be[11] (BE) = { 30, 179, 106, 158, 140, 20, 207, 63, 193, 168, 199, 109, 192, 216, 158, 64, 249, 104, 146, 96, 44, 214, 91, 206, 154, 139, 166, 185, 193, 156, 238, 232 }
[COMPUTE_INIT_RAM_EVAL]   r_address_be[12] (BE) = { 7, 188, 38, 184, 113, 220, 192, 45, 0, 97, 194, 213, 90, 35, 11, 110, 159, 80, 11, 247, 211, 22, 51, 245, 206, 156, 106, 1, 46, 94, 78, 105 }
[COMPUTE_INIT_RAM_EVAL]   r_address_be[13] (BE) = { 24, 90, 55, 93, 18, 195, 66, 99, 123, 206, 74, 36, 187, 223, 159, 47, 124, 64, 95, 227, 224, 144, 126, 204, 231, 192, 129, 237, 47, 105, 98, 29 }
[COMPUTE_INIT_RAM_EVAL]   r_address_be[14] (BE) = { 35, 20, 150, 219, 9, 252, 106, 36, 241, 110, 210, 62, 121, 118, 185, 149, 116, 178, 24, 65, 33, 60, 79, 29, 136, 53, 42, 193, 125, 183, 218, 99 }
[COMPUTE_INIT_RAM_EVAL]   r_address_be[15] (BE) = { 28, 254, 171, 12, 81, 237, 46, 56, 245, 24, 83, 160, 173, 188, 219, 181, 16, 181, 220, 178, 35, 124, 250, 198, 211, 35, 72, 236, 207, 109, 15, 195 }
[COMPUTE_INIT_RAM_EVAL] initial_ram.count() = 13
[COMPUTE_INIT_RAM_EVAL] start_address = 0x000000007fff8000
[COMPUTE_INIT_RAM_EVAL] Processing initial_ram entries:
[COMPUTE_INIT_RAM_EVAL]   addr=0x0000000080000028, idx=4101, val=1414603315611539, eq_val={ 234, 138, 82, 139, 37, 242, 128, 25 }
[COMPUTE_INIT_RAM_EVAL]   addr=0x0000000080000030, idx=4102, val=64463520629491611, eq_val={ 227, 87, 139, 235, 109, 53, 41, 29 }
[COMPUTE_INIT_RAM_EVAL]   addr=0x0000000080000018, idx=4099, val=5917687589360739, eq_val={ 60, 70, 195, 246, 196, 137, 134, 51 }
[COMPUTE_INIT_RAM_EVAL]   addr=0x0000000080000040, idx=4104, val=40540724587954279, eq_val={ 6, 110, 218, 56, 252, 174, 144, 23 }
[COMPUTE_INIT_RAM_EVAL]   addr=0x0000000080000060, idx=4108, val=141184131897571, eq_val={ 35, 154, 144, 14, 222, 116, 154, 127 }
[COMPUTE_INIT_RAM_EVAL] Processed 13 entries
[COMPUTE_INIT_RAM_EVAL] result = { 96, 196, 38, 24, 19, 33, 182, 235 }
[ZOLT] STAGE2 RWC: computed rwc_val_claim = val_init(r_address) = { 29, 245, 248, 156, 46, 181, 86, 114, 164, 38, 212, 245, 111, 101, 121, 186, 46, 200, 60, 122, 180, 248, 101, 138, 235, 182, 33, 19, 24, 38, 196, 96 }
[ZOLT] STAGE2 Instr: lookup_output = { 43, 250, 182, 193, 169, 163, 223, 150, 44, 20, 164, 239, 171, 181, 211, 131, 157, 22, 228, 28, 53, 170, 94, 178, 153, 148, 163, 126, 219, 165, 26, 55 }
[ZOLT] STAGE2 Instr: left_operand = { 41, 161, 13, 67, 197, 176, 200, 177, 0, 2, 6, 194, 175, 89, 22, 6, 172, 48, 120, 116, 218, 115, 165, 215, 218, 220, 100, 38, 7, 219, 228, 83 }
[ZOLT] STAGE2 Instr: right_operand = { 2, 223, 74, 141, 71, 125, 158, 137, 21, 5, 168, 104, 207, 214, 46, 161, 59, 99, 10, 182, 117, 82, 135, 227, 97, 116, 74, 97, 113, 109, 186, 162 }
[ZOLT] STAGE2: raf_final_claim = { 0, 0, 0, 0, 0, 0, 0, 0, 0, 0, 0, 0, 0, 0, 0, 0, 0, 0, 0, 0, 0, 0, 0, 0, 0, 0, 0, 0, 0, 0, 0, 0 }
[ZOLT] STAGE2: rwc_final_claim = { 0, 0, 0, 0, 0, 0, 0, 0, 0, 0, 0, 0, 0, 0, 0, 0, 0, 0, 0, 0, 0, 0, 0, 0, 0, 0, 0, 0, 0, 0, 0, 0 }
[ZOLT] STAGE2: output_final_claim = { 5, 231, 229, 164, 119, 63, 201, 122, 204, 193, 230, 146, 162, 156, 81, 189, 102, 45, 238, 119, 252, 154, 73, 184, 12, 172, 144, 168, 192, 71, 250, 84 }
[ZOLT] STAGE2: instr_final_claim = { 0, 219, 13, 169, 35, 84, 172, 183, 0, 129, 5, 105, 58, 13, 249, 181, 90, 37, 63, 179, 68, 131, 131, 5, 7, 180, 115, 104, 96, 160, 94, 162 }
[ZOLT OUTPUT_CHECK] val_final[0]: { 36, 233, 149, 203, 29, 72, 229, 248, 237, 253, 156, 207, 242, 28, 194, 114, 8, 179, 144, 191, 116, 87, 207, 195, 10, 125, 42, 161, 170, 121, 169, 174 }
[ZOLT OUTPUT_CHECK] val_init[0]: { 29, 245, 248, 156, 46, 181, 86, 114, 164, 38, 212, 245, 111, 101, 121, 186, 46, 200, 60, 122, 180, 248, 101, 138, 235, 182, 33, 19, 24, 38, 196, 96 }
[ZOLT OUTPUT_CHECK] val_io[0]: { 6, 243, 157, 46, 238, 147, 143, 134, 73, 214, 199, 218, 130, 183, 72, 183, 217, 235, 84, 68, 191, 95, 106, 56, 30, 199, 9, 142, 146, 82, 229, 78 }
[ZOLT OUTPUT_CHECK] eq_r_address[0]: { 21, 220, 37, 70, 180, 4, 208, 124, 151, 245, 119, 13, 71, 102, 95, 118, 118, 253, 186, 17, 9, 2, 103, 14, 81, 169, 43, 179, 142, 63, 123, 181 }
[ZOLT OUTPUT_CHECK] io_mask[0]: { 18, 114, 16, 76, 251, 168, 16, 8, 242, 113, 218, 56, 161, 41, 135, 135, 100, 40, 42, 220, 72, 220, 192, 197, 35, 74, 155, 93, 172, 233, 13, 100 }
[ZOLT OUTPUT_CHECK] (val_final - val_io)[0]: { 29, 245, 248, 156, 46, 181, 86, 114, 164, 38, 212, 245, 111, 101, 121, 186, 46, 200, 60, 122, 180, 248, 101, 138, 235, 182, 33, 19, 24, 38, 196, 96 }
[ZOLT OUTPUT_CHECK] expected (eq * io_mask * diff)[0]: { 5, 231, 229, 164, 119, 63, 201, 122, 204, 193, 230, 146, 162, 156, 81, 189, 102, 45, 238, 119, 252, 154, 73, 184, 12, 172, 144, 168, 192, 71, 250, 84 }
[ZOLT] STAGE2: output_val_final_claim (from prover) = { 36, 233, 149, 203, 29, 72, 229, 248, 237, 253, 156, 207, 242, 28, 194, 114, 8, 179, 144, 191, 116, 87, 207, 195, 10, 125, 42, 161, 170, 121, 169, 174 }
[ZOLT] STAGE2: output_val_init_claim (from prover) = { 29, 245, 248, 156, 46, 181, 86, 114, 164, 38, 212, 245, 111, 101, 121, 186, 46, 200, 60, 122, 180, 248, 101, 138, 235, 182, 33, 19, 24, 38, 196, 96 }
[ZOLT] STAGE2: r_address_rw (BIG_ENDIAN) computed, len=16
[ZOLT] STAGE2: r_cycle_rw (BIG_ENDIAN) computed, len=8
[ZOLT] STAGE2: r_address_raf[0..4] (BE from sumcheck) = 3819e34d5f35020d 0fb95852f7c7979c ff947a0b5c9bfc19 5db9ee20dc95aeff 
[ZOLT] STAGE2: r_address_rw[0..4] (BE from sumcheck) = 3819e34d5f35020d 0fb95852f7c7979c ff947a0b5c9bfc19 5db9ee20dc95aeff 
[ZOLT PRODUCT] factor_evals for SpartanProductVirtualization:
[ZOLT PRODUCT]   factor[0] (l_inst) = { 30, 148, 246, 73, 119, 71, 71, 57, 127, 155, 177, 3, 186, 180, 245, 131, 242, 224, 66, 70, 141, 43, 63, 183, 160, 210, 66, 204, 208, 219, 239, 219 }
[ZOLT PRODUCT]   factor[1] (r_inst) = { 13, 235, 97, 135, 149, 231, 32, 0, 149, 107, 254, 39, 196, 122, 79, 35, 244, 179, 64, 228, 194, 154, 238, 3, 155, 126, 107, 186, 168, 109, 175, 26 }
[ZOLT PRODUCT]   factor[2] (is_rd_not_zero) = { 28, 90, 190, 255, 153, 91, 232, 189, 98, 197, 254, 85, 6, 218, 105, 171, 176, 7, 210, 36, 138, 19, 55, 35, 43, 111, 145, 155, 112, 215, 198, 106 }
[ZOLT PRODUCT]   factor[3] (wl_flag) = { 14, 9, 125, 25, 162, 174, 199, 50, 208, 35, 18, 248, 234, 187, 56, 195, 206, 58, 42, 57, 177, 14, 16, 163, 200, 42, 226, 101, 4, 251, 122, 125 }
[ZOLT PRODUCT]   factor[4] (j_flag) = { 30, 85, 2, 33, 63, 199, 203, 104, 148, 171, 222, 15, 102, 152, 132, 208, 45, 177, 115, 201, 148, 198, 139, 15, 83, 3, 193, 104, 210, 80, 2, 109 }
[ZOLT PRODUCT]   factor[5] (lookup_out) = { 43, 250, 182, 193, 169, 163, 223, 150, 44, 20, 164, 239, 171, 181, 211, 131, 157, 22, 228, 28, 53, 170, 94, 178, 153, 148, 163, 126, 219, 165, 26, 55 }
[ZOLT PRODUCT]   factor[6] (branch_flag) = { 24, 56, 57, 163, 218, 161, 155, 153, 17, 206, 97, 139, 247, 31, 152, 46, 36, 83, 228, 130, 93, 35, 46, 145, 248, 124, 51, 110, 207, 27, 225, 227 }
[ZOLT PRODUCT]   factor[7] (next_is_noop) = { 9, 196, 76, 1, 227, 209, 104, 13, 25, 211, 136, 210, 224, 181, 145, 34, 93, 96, 35, 14, 171, 89, 121, 202, 45, 1, 241, 143, 23, 39, 125, 3 }
[ZOLT] OutputSumcheck: inserting val_final_claim (from prover) = { 36, 233, 149, 203, 29, 72, 229, 248, 237, 253, 156, 207, 242, 28, 194, 114, 8, 179, 144, 191, 116, 87, 207, 195, 10, 125, 42, 161, 170, 121, 169, 174 }
[ZOLT] Stage 2 cache_openings: appending claims to transcript
[ZOLT] cache_openings[0] (LeftInstructionInput) = { 30, 148, 246, 73, 119, 71, 71, 57 }
[ZOLT] cache_openings[8] (RamRa_RAF) = { 0, 0, 0, 0, 0, 0, 0, 0 }
[ZOLT] cache_openings[9] (RamVal_RWC) = { 29, 245, 248, 156, 46, 181, 86, 114 }
[ZOLT] cache_openings[12] (RamValFinal) = { 36, 233, 149, 203, 29, 72, 229, 248 }
[ZOLT] cache_openings[14] (LookupOutput) = { 43, 250, 182, 193, 169, 163, 223, 150 }
[ZOLT_PRODUCT] factor[0] LE FULL = { 219, 239, 219, 208, 204, 66, 210, 160, 183, 63, 43, 141, 70, 66, 224, 242, 131, 245, 180, 186, 3, 177, 155, 127, 57, 71, 71, 119, 73, 246, 148, 30 }
[ZOLT TRANSCRIPT] appendBytes: len=32, state_before={ 0d 8d 89 b0 c0 ef 00 b0 ... }
[ZOLT TRANSCRIPT]   first_8_bytes={ 1e 94 f6 49 77 47 47 39 }
[ZOLT TRANSCRIPT]   last_8_bytes={ a0 d2 42 cc d0 db ef db }
[ZOLT TRANSCRIPT]   state_after={ 7a 0f 0d 0f 3f 58 10 34 ... }
[ZOLT_PRODUCT] factor[1] LE FULL = { 26, 175, 109, 168, 186, 107, 126, 155, 3, 238, 154, 194, 228, 64, 179, 244, 35, 79, 122, 196, 39, 254, 107, 149, 0, 32, 231, 149, 135, 97, 235, 13 }
[ZOLT TRANSCRIPT] appendBytes: len=32, state_before={ 7a 0f 0d 0f 3f 58 10 34 ... }
[ZOLT TRANSCRIPT]   first_8_bytes={ 0d eb 61 87 95 e7 20 00 }
[ZOLT TRANSCRIPT]   last_8_bytes={ 9b 7e 6b ba a8 6d af 1a }
[ZOLT TRANSCRIPT]   state_after={ 4f 26 2e 34 7c 2b b1 a4 ... }
[ZOLT TRANSCRIPT] appendBytes: len=32, state_before={ 4f 26 2e 34 7c 2b b1 a4 ... }
[ZOLT TRANSCRIPT]   first_8_bytes={ 1c 5a be ff 99 5b e8 bd }
[ZOLT TRANSCRIPT]   last_8_bytes={ 2b 6f 91 9b 70 d7 c6 6a }
[ZOLT TRANSCRIPT]   state_after={ 81 73 f7 2c c3 dc 27 df ... }
[ZOLT TRANSCRIPT] appendBytes: len=32, state_before={ 81 73 f7 2c c3 dc 27 df ... }
[ZOLT TRANSCRIPT]   first_8_bytes={ 0e 09 7d 19 a2 ae c7 32 }
[ZOLT TRANSCRIPT]   last_8_bytes={ c8 2a e2 65 04 fb 7a 7d }
[ZOLT TRANSCRIPT]   state_after={ 2e a3 48 00 be d9 8b 49 ... }
[ZOLT TRANSCRIPT] appendBytes: len=32, state_before={ 2e a3 48 00 be d9 8b 49 ... }
[ZOLT TRANSCRIPT]   first_8_bytes={ 1e 55 02 21 3f c7 cb 68 }
[ZOLT TRANSCRIPT]   last_8_bytes={ 53 03 c1 68 d2 50 02 6d }
[ZOLT TRANSCRIPT]   state_after={ bf 41 82 7a f4 4d 3b 5b ... }
[ZOLT TRANSCRIPT] appendBytes: len=32, state_before={ bf 41 82 7a f4 4d 3b 5b ... }
[ZOLT TRANSCRIPT]   first_8_bytes={ 2b fa b6 c1 a9 a3 df 96 }
[ZOLT TRANSCRIPT]   last_8_bytes={ 99 94 a3 7e db a5 1a 37 }
[ZOLT TRANSCRIPT]   state_after={ 6f 6f 4c 75 55 bd a5 35 ... }
[ZOLT TRANSCRIPT] appendBytes: len=32, state_before={ 6f 6f 4c 75 55 bd a5 35 ... }
[ZOLT TRANSCRIPT]   first_8_bytes={ 18 38 39 a3 da a1 9b 99 }
[ZOLT TRANSCRIPT]   last_8_bytes={ f8 7c 33 6e cf 1b e1 e3 }
[ZOLT TRANSCRIPT]   state_after={ ee 6e 4d ef 39 f9 d7 14 ... }
[ZOLT TRANSCRIPT] appendBytes: len=32, state_before={ ee 6e 4d ef 39 f9 d7 14 ... }
[ZOLT TRANSCRIPT]   first_8_bytes={ 09 c4 4c 01 e3 d1 68 0d }
[ZOLT TRANSCRIPT]   last_8_bytes={ 2d 01 f1 8f 17 27 7d 03 }
[ZOLT TRANSCRIPT]   state_after={ de 23 eb c1 67 5e 68 4b ... }
[ZOLT TRANSCRIPT] appendBytes: len=32, state_before={ de 23 eb c1 67 5e 68 4b ... }
[ZOLT TRANSCRIPT]   first_8_bytes={ 00 00 00 00 00 00 00 00 }
[ZOLT TRANSCRIPT]   last_8_bytes={ 00 00 00 00 00 00 00 00 }
[ZOLT TRANSCRIPT]   state_after={ 16 57 e4 16 25 5f c2 cd ... }
[ZOLT TRANSCRIPT] appendBytes: len=32, state_before={ 16 57 e4 16 25 5f c2 cd ... }
[ZOLT TRANSCRIPT]   first_8_bytes={ 1d f5 f8 9c 2e b5 56 72 }
[ZOLT TRANSCRIPT]   last_8_bytes={ eb b6 21 13 18 26 c4 60 }
[ZOLT TRANSCRIPT]   state_after={ 7a 1f 51 26 1f 15 34 41 ... }
[ZOLT TRANSCRIPT] appendBytes: len=32, state_before={ 7a 1f 51 26 1f 15 34 41 ... }
[ZOLT TRANSCRIPT]   first_8_bytes={ 00 00 00 00 00 00 00 00 }
[ZOLT TRANSCRIPT]   last_8_bytes={ 00 00 00 00 00 00 00 00 }
[ZOLT TRANSCRIPT]   state_after={ 08 06 db d0 0c f7 57 ce ... }
[ZOLT TRANSCRIPT] appendBytes: len=32, state_before={ 08 06 db d0 0c f7 57 ce ... }
[ZOLT TRANSCRIPT]   first_8_bytes={ 00 00 00 00 00 00 00 00 }
[ZOLT TRANSCRIPT]   last_8_bytes={ 00 00 00 00 00 00 00 00 }
[ZOLT TRANSCRIPT]   state_after={ a7 eb 3f ab 29 60 ab 6f ... }
[ZOLT TRANSCRIPT] appendBytes: len=32, state_before={ a7 eb 3f ab 29 60 ab 6f ... }
[ZOLT TRANSCRIPT]   first_8_bytes={ 24 e9 95 cb 1d 48 e5 f8 }
[ZOLT TRANSCRIPT]   last_8_bytes={ 0a 7d 2a a1 aa 79 a9 ae }
[ZOLT TRANSCRIPT]   state_after={ bd be 5f 22 cc 40 f8 ba ... }
[ZOLT TRANSCRIPT] appendBytes: len=32, state_before={ bd be 5f 22 cc 40 f8 ba ... }
[ZOLT TRANSCRIPT]   first_8_bytes={ 1d f5 f8 9c 2e b5 56 72 }
[ZOLT TRANSCRIPT]   last_8_bytes={ eb b6 21 13 18 26 c4 60 }
[ZOLT TRANSCRIPT]   state_after={ 36 fe 3a 29 88 8a b1 6b ... }
[ZOLT] cache_openings[14] (LookupOutput) full = { 43, 250, 182, 193, 169, 163, 223, 150, 44, 20, 164, 239, 171, 181, 211, 131, 157, 22, 228, 28, 53, 170, 94, 178, 153, 148, 163, 126, 219, 165, 26, 55 }
[ZOLT] cache_openings[15] (LeftLookupOperand) full = { 41, 161, 13, 67, 197, 176, 200, 177, 0, 2, 6, 194, 175, 89, 22, 6, 172, 48, 120, 116, 218, 115, 165, 215, 218, 220, 100, 38, 7, 219, 228, 83 }
[ZOLT] cache_openings[16] (RightLookupOperand) full = { 2, 223, 74, 141, 71, 125, 158, 137, 21, 5, 168, 104, 207, 214, 46, 161, 59, 99, 10, 182, 117, 82, 135, 227, 97, 116, 74, 97, 113, 109, 186, 162 }
[ZOLT TRANSCRIPT] appendBytes: len=32, state_before={ 36 fe 3a 29 88 8a b1 6b ... }
[ZOLT TRANSCRIPT]   first_8_bytes={ 2b fa b6 c1 a9 a3 df 96 }
[ZOLT TRANSCRIPT]   last_8_bytes={ 99 94 a3 7e db a5 1a 37 }
[ZOLT TRANSCRIPT]   state_after={ 99 dd 1e 80 a1 41 f5 44 ... }
[ZOLT TRANSCRIPT] appendBytes: len=32, state_before={ 99 dd 1e 80 a1 41 f5 44 ... }
[ZOLT TRANSCRIPT]   first_8_bytes={ 29 a1 0d 43 c5 b0 c8 b1 }
[ZOLT TRANSCRIPT]   last_8_bytes={ da dc 64 26 07 db e4 53 }
[ZOLT TRANSCRIPT]   state_after={ 77 30 80 54 97 b8 f3 3c ... }
[ZOLT TRANSCRIPT] appendBytes: len=32, state_before={ 77 30 80 54 97 b8 f3 3c ... }
[ZOLT TRANSCRIPT]   first_8_bytes={ 02 df 4a 8d 47 7d 9e 89 }
[ZOLT TRANSCRIPT]   last_8_bytes={ 61 74 4a 61 71 6d ba a2 }
[ZOLT TRANSCRIPT]   state_after={ 5f c0 b8 b8 89 ca 46 83 ... }
[ZOLT] Stage 2 cache_openings: appended 17 claims to transcript
[ZOLT] Stage 2 transcript state after cache_openings = { 95, 192, 184, 184, 137, 202, 70, 131 }
[ZOLT] STAGE3: r_spartan_original[0] = { 18, 65, 131, 218, 41, 110, 137, 235 }
[ZOLT] STAGE3: r_product[0] = { 18, 116, 91, 157, 189, 154, 140, 169 }
[STAGE3] generateStage3Proof: cycle_witnesses.len = 256
[STAGE3] generateStage3Proof: witness[0].PC (idx 6) = { 0, 0, 0, 0, 0, 0, 0, 0, 0, 0, 0, 0, 0, 0, 0, 0, 0, 0, 0, 0, 0, 0, 0, 0, 0, 0, 0, 0, 128, 0, 0, 0 }
[STAGE3] generateStage3Proof: witness[0].UPC (idx 7) = { 0, 0, 0, 0, 0, 0, 0, 0, 0, 0, 0, 0, 0, 0, 0, 0, 0, 0, 0, 0, 0, 0, 0, 0, 0, 0, 0, 0, 128, 0, 0, 0 }
[STAGE3] Starting with 8 rounds, trace_len=256

[ZOLT] ========== STAGE 3 BEGIN ==========
[ZOLT] STAGE3_PRE: transcript_state = { { 95, 192, 184, 184, 137, 202, 70, 131, 102, 9, 153, 69, 142, 151, 165, 16 } }
[ZOLT TRANSCRIPT] challengeScalarFull: round=386
[ZOLT TRANSCRIPT]   standard_limbs=[0x4ec6e0a621185666, 0x9ed326c034640b5a, 0, 0]
[ZOLT TRANSCRIPT]   mont_result=[0x1c7cb371d275c639, 0xc9bd97eed0053277, 0xe371605bde740db0, 0x2362af3db7a4d23d]
[ZOLT TRANSCRIPT]   canonical_value=0x9ed326c034640b5a4ec6e0a621185666
[ZOLT] STAGE3_SHIFT: gamma_powers[0] = { { 1, 0, 0, 0, 0, 0, 0, 0, 0, 0, 0, 0, 0, 0, 0, 0, 0, 0, 0, 0, 0, 0, 0, 0, 0, 0, 0, 0, 0, 0, 0, 0 } }
[ZOLT] STAGE3_SHIFT: gamma_powers[1] = { { 102, 86, 24, 33, 166, 224, 198, 78, 90, 11, 100, 52, 192, 38, 211, 158, 0, 0, 0, 0, 0, 0, 0, 0, 0, 0, 0, 0, 0, 0, 0, 0 } }
[ZOLT] STAGE3_SHIFT: gamma_powers[4] = { { 10, 31, 110, 46, 86, 142, 222, 23, 19, 207, 232, 68, 112, 108, 112, 49, 51, 183, 240, 87, 134, 41, 200, 240, 217, 176, 83, 178, 152, 61, 234, 23 } }
[ZOLT TRANSCRIPT] challengeScalarFull: round=387
[ZOLT TRANSCRIPT]   standard_limbs=[0x928ef8c5a72c23de, 0x6402391c32142229, 0, 0]
[ZOLT TRANSCRIPT]   mont_result=[0xdb62c0a9be71ec3, 0x3a5cd8a078275eef, 0x993726cfa58fbce4, 0x164d954ba3013b59]
[ZOLT TRANSCRIPT]   canonical_value=0x6402391c32142229928ef8c5a72c23de
[ZOLT TRANSCRIPT] challengeScalarFull: round=388
[ZOLT TRANSCRIPT]   standard_limbs=[0xd148dfa86be0074e, 0xf317556844bf91e7, 0, 0]
[ZOLT TRANSCRIPT]   mont_result=[0x2b9c9c10350afb3d, 0x868d192e0cd0bafb, 0xf639d3ed3fc1ff76, 0x17c77c50ead8d268]
[ZOLT TRANSCRIPT]   canonical_value=0xf317556844bf91e7d148dfa86be0074e
[ZOLT] SHIFT_INPUT: next_unexpanded_pc = { { 120, 221, 222, 93, 200, 32, 67, 78, 194, 202, 161, 74, 81, 138, 165, 73, 22, 8, 241, 232, 171, 169, 214, 190, 253, 0, 182, 103, 128, 60, 30, 22 } }
[ZOLT] SHIFT_INPUT: next_pc = { { 120, 221, 222, 93, 200, 32, 67, 78, 194, 202, 161, 74, 81, 138, 165, 73, 22, 8, 241, 232, 171, 169, 214, 190, 253, 0, 182, 103, 128, 60, 30, 22 } }
[ZOLT] SHIFT_INPUT: next_is_virtual = { { 0, 0, 0, 0, 0, 0, 0, 0, 0, 0, 0, 0, 0, 0, 0, 0, 0, 0, 0, 0, 0, 0, 0, 0, 0, 0, 0, 0, 0, 0, 0, 0 } }
[ZOLT] SHIFT_INPUT: next_is_first = { { 0, 0, 0, 0, 0, 0, 0, 0, 0, 0, 0, 0, 0, 0, 0, 0, 0, 0, 0, 0, 0, 0, 0, 0, 0, 0, 0, 0, 0, 0, 0, 0 } }
[ZOLT] SHIFT_INPUT: next_is_noop = { { 3, 125, 39, 23, 143, 241, 1, 45, 202, 121, 89, 171, 14, 35, 96, 93, 34, 145, 181, 224, 210, 136, 211, 25, 13, 104, 209, 227, 1, 76, 196, 9 } }
[ZOLT] SHIFT_INPUT: gamma_powers[4] = { { 10, 31, 110, 46, 86, 142, 222, 23, 19, 207, 232, 68, 112, 108, 112, 49, 51, 183, 240, 87, 134, 41, 200, 240, 217, 176, 83, 178, 152, 61, 234, 23 } }
[ZOLT] SHIFT_INPUT: 1 - next_is_noop = { { 255, 130, 216, 216, 4, 4, 224, 22, 199, 246, 95, 206, 57, 197, 211, 202, 58, 199, 203, 160, 227, 188, 124, 158, 28, 56, 96, 253, 112, 2, 160, 38 } }
[ZOLT] SHIFT_INPUT: gamma^4 * (1-noop) = { { 175, 215, 244, 232, 212, 237, 70, 135, 237, 126, 13, 43, 183, 43, 2, 24, 26, 185, 191, 144, 83, 29, 79, 167, 182, 32, 239, 53, 124, 92, 30, 34 } }
[ZOLT] STAGE3_PRE: input_claim[0] (Shift) = { { 210, 182, 209, 223, 91, 70, 247, 72, 20, 214, 137, 120, 172, 78, 86, 182, 92, 206, 157, 50, 156, 15, 1, 190, 9, 244, 116, 97, 164, 218, 33, 26 } }
[ZOLT] STAGE3_PRE: input_claim[1] (InstrInput) = { { 94, 127, 167, 249, 139, 210, 231, 117, 178, 196, 1, 92, 59, 221, 165, 112, 14, 200, 195, 87, 52, 245, 32, 157, 1, 168, 222, 32, 39, 6, 245, 45 } }
[ZOLT] STAGE3_PRE: input_claim[2] (Registers) = { { 6, 55, 140, 23, 189, 254, 138, 53, 67, 66, 252, 23, 4, 78, 209, 34, 225, 189, 1, 220, 221, 10, 181, 87, 18, 15, 80, 197, 183, 73, 208, 42 } }
[ZOLT TRANSCRIPT] appendBytes: len=32, state_before={ f3 17 55 68 44 bf 91 e7 ... }
[ZOLT TRANSCRIPT]   first_8_bytes={ 1a 21 da a4 61 74 f4 09 }
[ZOLT TRANSCRIPT]   last_8_bytes={ 48 f7 46 5b df d1 b6 d2 }
[ZOLT TRANSCRIPT]   state_after={ 7e 11 5e 73 d7 60 68 61 ... }
[ZOLT TRANSCRIPT] appendBytes: len=32, state_before={ 7e 11 5e 73 d7 60 68 61 ... }
[ZOLT TRANSCRIPT]   first_8_bytes={ 2d f5 06 27 20 de a8 01 }
[ZOLT TRANSCRIPT]   last_8_bytes={ 75 e7 d2 8b f9 a7 7f 5e }
[ZOLT TRANSCRIPT]   state_after={ d3 ad 54 ec 93 ce 60 fe ... }
[ZOLT TRANSCRIPT] appendBytes: len=32, state_before={ d3 ad 54 ec 93 ce 60 fe ... }
[ZOLT TRANSCRIPT]   first_8_bytes={ 2a d0 49 b7 c5 50 0f 12 }
[ZOLT TRANSCRIPT]   last_8_bytes={ 35 8a fe bd 17 8c 37 06 }
[ZOLT TRANSCRIPT]   state_after={ c0 5e 69 52 bd ce 31 15 ... }
[ZOLT TRANSCRIPT] challengeScalarFull: round=392
[ZOLT TRANSCRIPT]   standard_limbs=[0x95f52c56c2461396, 0x4dddeb4cc93d1675, 0, 0]
[ZOLT TRANSCRIPT]   mont_result=[0x629e67efc043758c, 0x4fffd3b695ec4cb1, 0x502a5e028eadc8df, 0x42bb5b207f9cd3]
[ZOLT TRANSCRIPT]   canonical_value=0x4dddeb4cc93d167595f52c56c2461396
[ZOLT TRANSCRIPT] challengeScalarFull: round=393
[ZOLT TRANSCRIPT]   standard_limbs=[0xdafc24af2cf8fd97, 0x717589aba94ca1aa, 0, 0]
[ZOLT TRANSCRIPT]   mont_result=[0x95e6025e8bc1a505, 0x64a54a1c335d069e, 0xb7926ae1058bf4a1, 0xaea9f8c1d01d00f]
[ZOLT TRANSCRIPT]   canonical_value=0x717589aba94ca1aadafc24af2cf8fd97
[ZOLT TRANSCRIPT] challengeScalarFull: round=394
[ZOLT TRANSCRIPT]   standard_limbs=[0xd387f0db7673cda2, 0x42eb133dca7091c4, 0, 0]
[ZOLT TRANSCRIPT]   mont_result=[0xfc5b4aa2f9ac1ee0, 0xa8c58a8f52d56e0c, 0x13420e2f215fc479, 0x20bb3e19ae99c242]
[ZOLT TRANSCRIPT]   canonical_value=0x42eb133dca7091c4d387f0db7673cda2
[ZOLT] STAGE3_PRE: batching_coeff[0] = { { 150, 19, 70, 194, 86, 44, 245, 149, 117, 22, 61, 201, 76, 235, 221, 77, 0, 0, 0, 0, 0, 0, 0, 0, 0, 0, 0, 0, 0, 0, 0, 0 } }

[ZOLT] SHIFT_INIT: trace_len=256, prefix_size=16, suffix_size=16
[ZOLT] SHIFT_INIT: unexpanded_pc[0..4] = { 0, 0, 0, 128, 0, 0, 0, 0 } { 4, 0, 0, 128, 0, 0, 0, 0 } { 8, 0, 0, 128, 0, 0, 0, 0 } { 12, 0, 0, 128, 0, 0, 0, 0 } 
[ZOLT] SHIFT_INIT: cycle_witnesses[255].NextUPC = { 0, 0, 0, 0, 0, 0, 0, 0 }
[ZOLT] SHIFT_INIT: cycle_witnesses[255].NextPC = { 0, 0, 0, 0, 0, 0, 0, 0 }
[ZOLT] SHIFT_INIT: cycle_witnesses[255].NextIsVirtual = { 0, 0, 0, 0, 0, 0, 0, 0 }
[ZOLT] SHIFT_INIT: cycle_witnesses[255].NextIsFirst = { 0, 0, 0, 0, 0, 0, 0, 0 }
[ZOLT] SHIFT_INIT: NextUPC[j] = UPC[j+1] verified for all 255 cycles
[ZOLT] SHIFT_INIT: grand_sum(P*Q) = { { 210, 182, 209, 223, 91, 70, 247, 72, 20, 214, 137, 120, 172, 78, 86, 182, 92, 206, 157, 50, 156, 15, 1, 190, 9, 244, 116, 97, 164, 218, 33, 26 } }
[ZOLT] SHIFT_INIT: direct_sum = { { 210, 182, 209, 223, 91, 70, 247, 72, 20, 214, 137, 120, 172, 78, 86, 182, 92, 206, 157, 50, 156, 15, 1, 190, 9, 244, 116, 97, 164, 218, 33, 26 } }
[ZOLT] SHIFT_INIT: next_sum (using Next polys with eq) = { { 222, 240, 9, 142, 135, 52, 44, 28, 53, 237, 52, 194, 110, 194, 238, 181, 222, 72, 205, 209, 48, 229, 151, 7, 45, 131, 107, 218, 175, 133, 172, 36 } }
[ZOLT] SHIFT_INIT: next_sum - direct_sum = { { 12, 58, 56, 174, 43, 238, 52, 211, 32, 23, 171, 73, 194, 115, 152, 255, 129, 122, 47, 159, 148, 213, 150, 73, 35, 143, 246, 120, 11, 171, 138, 10 } }
[ZOLT] SHIFT_INIT: r_outer[0] = { { 160, 166, 163, 199, 164, 243, 55, 123 } }
[ZOLT] SHIFT_INIT: r_outer[last] = { { 68, 21, 244, 143, 82, 252, 111, 10 } }
[ZOLT] SHIFT_INIT: Checking Next[j] = Current[j+1] relationship:
  j=0: NextUPC[j]={ 4, 0, 0, 128, 0, 0, 0, 0 }, UPC[j+1]={ 4, 0, 0, 128, 0, 0, 0, 0 }, match=true
  j=1: NextUPC[j]={ 8, 0, 0, 128, 0, 0, 0, 0 }, UPC[j+1]={ 8, 0, 0, 128, 0, 0, 0, 0 }, match=true
  j=2: NextUPC[j]={ 12, 0, 0, 128, 0, 0, 0, 0 }, UPC[j+1]={ 12, 0, 0, 128, 0, 0, 0, 0 }, match=true
  j=3: NextUPC[j]={ 68, 0, 0, 128, 0, 0, 0, 0 }, UPC[j+1]={ 68, 0, 0, 128, 0, 0, 0, 0 }, match=true
  j=4: NextUPC[j]={ 72, 0, 0, 128, 0, 0, 0, 0 }, UPC[j+1]={ 72, 0, 0, 128, 0, 0, 0, 0 }, match=true
[ZOLT] SHIFT_INIT: Verifying eq(r, k-1) = eq+1(r, k):
  eq+1(r, 0) = { 0, 0, 0, 0, 0, 0, 0, 0 } (should be ~0 unless r=max)
  eq+1(r, N-1=255) = { 121, 50, 232, 50, 27, 14, 248, 10 } (should be 0 by design)
  eq(r, N-1=255) = { 164, 122, 138, 58, 152, 213, 175, 11 }
  k=1: eq(r,k-1)={ 177, 192, 59, 128, 243, 35, 69, 37 }, eq+1(r,k)={ 177, 192, 59, 128, 243, 35, 69, 37 }, match=true
  k=2: eq(r,k-1)={ 47, 90, 123, 197, 69, 12, 33, 64 }, eq+1(r,k)={ 47, 90, 123, 197, 69, 12, 33, 64 }, match=true
  k=3: eq(r,k-1)={ 235, 17, 241, 78, 231, 113, 29, 5 }, eq+1(r,k)={ 235, 17, 241, 78, 231, 113, 29, 5 }, match=true
  k=4: eq(r,k-1)={ 226, 40, 181, 253, 218, 97, 35, 117 }, eq+1(r,k)={ 226, 40, 181, 253, 218, 97, 35, 117 }, match=true
[STAGE3] RegistersClaimReduction: trace_len=256, prefix_size=16, suffix_size=16
[STAGE3] Cycle 0: rd_wv=32768, rs1_v=0, rs2_v=0
[STAGE3] Cycle 1: rd_wv=32769, rs1_v=32768, rs2_v=0
[STAGE3] Cycle 2: rd_wv=2147549184, rs1_v=32769, rs2_v=0
[STAGE3] Cycle 3: rd_wv=2147483664, rs1_v=0, rs2_v=0
[STAGE3] Cycle 4: rd_wv=9, rs1_v=0, rs2_v=0

[ZOLT] INSTR_INIT: trace_len = 256, prover.current_size = 256
[ZOLT] INSTR_INIT: full_sum = { { 94, 127, 167, 249, 139, 210, 231, 117 } }
[ZOLT] INSTR_INIT: instr_input_claim = { { 94, 127, 167, 249, 139, 210, 231, 117 } }
[ZOLT] INSTR_INIT: sum_equals_claim = true
[ZOLT] INSTR_INIT: eq_weighted_left_sum = { { 170, 23, 154, 33, 114, 37, 79, 174 } }
[ZOLT] INSTR_INIT: left_1_from_openings = { { 170, 23, 154, 33, 114, 37, 79, 174 } }
[ZOLT] INSTR_INIT: left_match = true
[ZOLT] INSTR_INIT: eq_weighted_right_sum = { { 172, 223, 112, 43, 200, 210, 251, 233 } }
[ZOLT] INSTR_INIT: right_1_from_openings = { { 172, 223, 112, 43, 200, 210, 251, 233 } }
[ZOLT] INSTR_INIT: right_match = true
[ZOLT] INSTR_INIT: right mismatch_count = 0 / 256

[ZOLT] STAGE3_ROUND_0: current_claim = { { 241, 167, 13, 108, 24, 12, 172, 83, 79, 148, 228, 184, 87, 55, 22, 148, 98, 195, 100, 200, 24, 9, 93, 105, 147, 161, 43, 198, 159, 208, 142, 1 } }
[ZOLT] ROUND0_VERIFY: manual_p0 = { { 62, 209, 237, 197, 181, 170, 80, 155 } }
[ZOLT] ROUND0_VERIFY: instr_evals[0] = { { 62, 209, 237, 197, 181, 170, 80, 155 } }
[ZOLT] ROUND0_VERIFY: p0_match = true
[ZOLT] ROUND0_VERIFY: manual_p1 = { { 32, 174, 185, 51, 214, 39, 151, 218 } }
[ZOLT] ROUND0_VERIFY: derived p1 = { { 32, 174, 185, 51, 214, 39, 151, 218 } }
[ZOLT] ROUND0_VERIFY: p0+p1 = { { 94, 127, 167, 249, 139, 210, 231, 117 } }
[ZOLT] ROUND0_VERIFY: input_claim = { { 94, 127, 167, 249, 139, 210, 231, 117 } }
[ZOLT] STAGE3_ROUND_0: shift_p0+p1 = { { 210, 182, 209, 223, 91, 70, 247, 72 } }, shift_claim = { { 210, 182, 209, 223, 91, 70, 247, 72 } }, match=true
[ZOLT] STAGE3_ROUND_0: instr_p0+p1 = { { 94, 127, 167, 249, 139, 210, 231, 117 } }, instr_claim = { { 94, 127, 167, 249, 139, 210, 231, 117 } }, match=true
[ZOLT] STAGE3_ROUND_0: reg_p0+p1 = { { 6, 55, 140, 23, 189, 254, 138, 53 } }, reg_claim = { { 6, 55, 140, 23, 189, 254, 138, 53 } }, match=true
[ZOLT] STAGE3_ROUND_0: shift_p0 = { { 79, 240, 20, 86, 159, 156, 109, 223, 130, 27, 229, 136, 255, 219, 176, 212, 177, 79, 48, 27, 217, 178, 135, 146, 237, 101, 68, 226, 83, 167, 148, 44 } }
[ZOLT] STAGE3_ROUND_0: shift_p1 = { { 132, 198, 188, 121, 80, 159, 107, 173, 34, 43, 94, 105, 245, 90, 217, 9, 8, 215, 238, 152, 121, 162, 201, 227, 69, 46, 98, 96, 195, 129, 241, 29 } }
[ZOLT] STAGE3_ROUND_0: p0 = { { 228, 250, 59, 56, 174, 106, 208, 9, 90, 225, 225, 195, 203, 238, 97, 166, 28, 182, 190, 93, 206, 24, 133, 241, 36, 143, 105, 183, 203, 207, 178, 11 } }
[ZOLT] STAGE3_ROUND_0: p1 = { { 14, 173, 209, 35, 254, 150, 189, 141, 134, 35, 188, 110, 212, 48, 232, 21, 163, 101, 39, 236, 0, 54, 40, 48, 152, 178, 243, 239, 70, 79, 64, 38 } }
[ZOLT] STAGE3_ROUND_0: p0+p1 = { { 241, 167, 13, 108, 24, 12, 172, 83, 79, 148, 228, 184, 87, 55, 22, 148, 98, 195, 100, 200, 24, 9, 93, 105, 147, 161, 43, 198, 159, 208, 142, 1 } }
[ZOLT] STAGE3_ROUND_0: current_claim (should match p0+p1) = { { 241, 167, 13, 108, 24, 12, 172, 83, 79, 148, 228, 184, 87, 55, 22, 148, 98, 195, 100, 200, 24, 9, 93, 105, 147, 161, 43, 198, 159, 208, 142, 1 } }
[ZOLT] STAGE3_ROUND_0: c1 = { { 20, 103, 168, 110, 238, 8, 189, 225, 152, 70, 254, 173, 28, 9, 183, 248, 202, 255, 248, 29, 68, 220, 224, 227, 195, 42, 42, 203, 112, 29, 92, 44 } }
[ZOLT TRANSCRIPT] appendMessage: "UniPoly_begin" (len=13), round=395, state_before=[42, eb, 13, 3d, ca, 70, 91, c4]
[ZOLT TRANSCRIPT]   state_after={ f1 10 07 d4 bc 53 a6 de ... }
[ZOLT TRANSCRIPT] appendBytes: len=32, state_before={ f1 10 07 d4 bc 53 a6 de ... }
[ZOLT TRANSCRIPT]   first_8_bytes={ 0b b2 cf cb b7 69 8f 24 }
[ZOLT TRANSCRIPT]   last_8_bytes={ 09 d0 6a ae 38 3b fa e4 }
[ZOLT TRANSCRIPT]   state_after={ 72 47 09 35 9b ab f7 2c ... }
[ZOLT TRANSCRIPT] appendBytes: len=32, state_before={ 72 47 09 35 9b ab f7 2c ... }
[ZOLT TRANSCRIPT]   first_8_bytes={ 09 71 57 d8 7e aa c9 99 }
[ZOLT TRANSCRIPT]   last_8_bytes={ e9 6d 97 78 36 fa 91 ae }
[ZOLT TRANSCRIPT]   state_after={ e8 83 3a f3 4c 1a 05 3a ... }
[ZOLT TRANSCRIPT] appendBytes: len=32, state_before={ e8 83 3a f3 4c 1a 05 3a ... }
[ZOLT TRANSCRIPT]   first_8_bytes={ 15 24 58 a4 cf e6 cf 40 }
[ZOLT TRANSCRIPT]   last_8_bytes={ fc a4 81 7d 35 f2 b9 69 }
[ZOLT TRANSCRIPT]   state_after={ 82 6c 37 06 bd 3c 32 e1 ... }
[ZOLT TRANSCRIPT] appendMessage: "UniPoly_end" (len=11), round=399, state_before=[82, 6c, 37, 06, bd, 3c, 32, e1]
[ZOLT TRANSCRIPT]   state_after={ bf 34 01 dc de d4 15 97 ... }
[ZOLT] STAGE3_ROUND_0: c0 = { { 228, 250, 59, 56, 174, 106, 208, 9, 90, 225, 225, 195, 203, 238, 97, 166, 28, 182, 190, 93, 206, 24, 133, 241, 36, 143, 105, 183, 203, 207, 178, 11 } }
[ZOLT] STAGE3_ROUND_0: c2 = { { 174, 145, 250, 54, 120, 151, 109, 233, 21, 163, 219, 173, 87, 136, 4, 77, 4, 172, 48, 32, 74, 67, 115, 11, 153, 201, 170, 126, 216, 87, 113, 9 } }
[ZOLT] STAGE3_ROUND_0: c3 = { { 105, 185, 242, 53, 125, 129, 164, 252, 14, 201, 185, 200, 220, 152, 254, 81, 20, 92, 192, 209, 90, 67, 159, 7, 64, 207, 230, 207, 164, 88, 36, 21 } }
[ZOLT TRANSCRIPT] challengeScalar128Bits: round=400
[ZOLT TRANSCRIPT]   state_before={ bf 34 01 dc de d4 15 97 9a 4b 52 9f d4 06 ec 89 f9 ed 78 e6 fb 3e 2f e2 c2 e1 c9 df 92 ef 0c 25 }
[ZOLT TRANSCRIPT]   challenge_bytes={ 4e 12 12 c4 9e b8 61 df 3a b9 b4 db c1 24 59 df }
[ZOLT TRANSCRIPT]   reversed={ df 59 24 c1 db b4 b9 3a df 61 b8 9e c4 12 12 4e }
[ZOLT TRANSCRIPT]   full_value=0xdf5924c1dbb4b93adf61b89ec412124e
[ZOLT TRANSCRIPT]   masked_value=0x1f5924c1dbb4b93adf61b89ec412124e (125-bit)
[ZOLT TRANSCRIPT]   result_limbs=[0x0, 0x0, 0xdf61b89ec412124e, 0x1f5924c1dbb4b93a]
[ZOLT] STAGE3_ROUND_0: challenge = { { 220, 177, 241, 22, 24, 75, 138, 194, 9, 6, 113, 134, 193, 180, 167, 215, 46, 81, 196, 104, 134, 116, 174, 8, 201, 0, 3, 91, 36, 33, 206, 45 } }
[ZOLT] STAGE3_ROUND_0: next_claim = { { 222, 86, 49, 195, 58, 53, 79, 145, 200, 123, 124, 95, 184, 40, 59, 168, 19, 98, 215, 14, 159, 208, 106, 147, 119, 246, 82, 235, 27, 202, 167, 15 } }
[ZOLT] STAGE3_ROUND_0: combined_poly(0) = { { 228, 250, 59, 56, 174, 106, 208, 9 } }, expect = { { 228, 250, 59, 56, 174, 106, 208, 9 } }, match=true
[ZOLT] STAGE3_ROUND_0: direct_combined = { { 222, 86, 49, 195, 58, 53, 79, 145 } }
[ZOLT] STAGE3_ROUND_0: combined_claim = { { 222, 86, 49, 195, 58, 53, 79, 145 } }
[ZOLT] STAGE3_ROUND_0: batched_sum = { { 222, 86, 49, 195, 58, 53, 79, 145 } }

[ZOLT] STAGE3_ROUND_1: current_claim = { { 222, 86, 49, 195, 58, 53, 79, 145, 200, 123, 124, 95, 184, 40, 59, 168, 19, 98, 215, 14, 159, 208, 106, 147, 119, 246, 82, 235, 27, 202, 167, 15 } }
[ZOLT] STAGE3_ROUND_1: shift_p0+p1 = { { 39, 166, 140, 241, 239, 40, 235, 45 } }, shift_claim = { { 39, 166, 140, 241, 239, 40, 235, 45 } }, match=true
[ZOLT] STAGE3_ROUND_1: instr_p0+p1 = { { 172, 45, 237, 3, 189, 79, 187, 47 } }, instr_claim = { { 172, 45, 237, 3, 189, 79, 187, 47 } }, match=true
[ZOLT] STAGE3_ROUND_1: reg_p0+p1 = { { 164, 199, 106, 12, 156, 188, 253, 11 } }, reg_claim = { { 164, 199, 106, 12, 156, 188, 253, 11 } }, match=true
[ZOLT] STAGE3_ROUND_1: shift_p0 = { { 73, 42, 47, 103, 209, 217, 156, 65, 100, 150, 16, 6, 93, 62, 148, 76, 107, 73, 226, 200, 158, 54, 97, 53, 64, 29, 227, 54, 141, 40, 87, 37 } }
[ZOLT] STAGE3_ROUND_1: shift_p1 = { { 222, 123, 93, 138, 30, 79, 78, 236, 106, 89, 188, 90, 29, 249, 39, 227, 139, 228, 253, 174, 175, 50, 100, 172, 192, 187, 216, 201, 50, 192, 136, 5 } }
[ZOLT] STAGE3_ROUND_1: p0 = { { 108, 115, 141, 221, 30, 19, 239, 157, 132, 41, 72, 28, 247, 38, 0, 194, 38, 93, 93, 246, 41, 86, 134, 125, 83, 158, 251, 169, 191, 150, 125, 34 } }
[ZOLT] STAGE3_ROUND_1: p1 = { { 115, 227, 163, 213, 175, 23, 66, 55, 213, 194, 237, 188, 9, 234, 110, 14, 74, 93, 251, 153, 43, 192, 52, 206, 77, 248, 136, 34, 207, 129, 142, 29 } }
[ZOLT] STAGE3_ROUND_1: p0+p1 = { { 222, 86, 49, 195, 58, 53, 79, 145, 200, 123, 124, 95, 184, 40, 59, 168, 19, 98, 215, 14, 159, 208, 106, 147, 119, 246, 82, 235, 27, 202, 167, 15 } }
[ZOLT] STAGE3_ROUND_1: current_claim (should match p0+p1) = { { 222, 86, 49, 195, 58, 53, 79, 145, 200, 123, 124, 95, 184, 40, 59, 168, 19, 98, 215, 14, 159, 208, 106, 147, 119, 246, 82, 235, 27, 202, 167, 15 } }
[ZOLT] STAGE3_ROUND_1: c1 = { { 165, 77, 233, 212, 120, 177, 46, 177, 229, 151, 148, 191, 71, 221, 161, 57, 8, 194, 79, 28, 147, 50, 97, 62, 49, 33, 44, 243, 228, 252, 19, 36 } }
[ZOLT TRANSCRIPT] appendMessage: "UniPoly_begin" (len=13), round=401, state_before=[4e, 12, 12, c4, 9e, b8, 61, df]
[ZOLT TRANSCRIPT]   state_after={ 96 d6 95 8d 3e 11 25 04 ... }
[ZOLT TRANSCRIPT] appendBytes: len=32, state_before={ 96 d6 95 8d 3e 11 25 04 ... }
[ZOLT TRANSCRIPT]   first_8_bytes={ 22 7d 96 bf a9 fb 9e 53 }
[ZOLT TRANSCRIPT]   last_8_bytes={ 9d ef 13 1e dd 8d 73 6c }
[ZOLT TRANSCRIPT]   state_after={ 76 dd bb 70 d4 3e 78 53 ... }
[ZOLT TRANSCRIPT] appendBytes: len=32, state_before={ 76 dd bb 70 d4 3e 78 53 ... }
[ZOLT TRANSCRIPT]   first_8_bytes={ 14 65 b5 84 cf ee e4 73 }
[ZOLT TRANSCRIPT]   last_8_bytes={ c7 63 30 f8 ce fe 70 3f }
[ZOLT TRANSCRIPT]   state_after={ f4 ae b3 cd e3 4b b2 18 ... }
[ZOLT TRANSCRIPT] appendBytes: len=32, state_before={ f4 ae b3 cd e3 4b b2 18 ... }
[ZOLT TRANSCRIPT]   first_8_bytes={ 23 5f d5 8b 77 d5 94 a9 }
[ZOLT TRANSCRIPT]   last_8_bytes={ a8 85 0d 47 34 2e b2 25 }
[ZOLT TRANSCRIPT]   state_after={ 6d da 2d 54 a6 c1 f1 c3 ... }
[ZOLT TRANSCRIPT] appendMessage: "UniPoly_end" (len=11), round=405, state_before=[6d, da, 2d, 54, a6, c1, f1, c3]
[ZOLT TRANSCRIPT]   state_after={ 97 97 1d 83 ce 34 fa 45 ... }
[ZOLT] STAGE3_ROUND_1: c0 = { { 108, 115, 141, 221, 30, 19, 239, 157, 132, 41, 72, 28, 247, 38, 0, 194, 38, 93, 93, 246, 41, 86, 134, 125, 83, 158, 251, 169, 191, 150, 125, 34 } }
[ZOLT] STAGE3_ROUND_1: c2 = { { 63, 112, 254, 206, 248, 48, 99, 199, 237, 108, 138, 211, 93, 1, 220, 94, 125, 212, 68, 191, 164, 42, 177, 48, 115, 228, 238, 207, 132, 181, 101, 20 } }
[ZOLT] STAGE3_ROUND_1: c3 = { { 37, 178, 46, 52, 71, 13, 133, 168, 159, 117, 249, 0, 254, 180, 88, 4, 88, 26, 12, 203, 54, 152, 60, 82, 169, 148, 213, 119, 139, 213, 95, 35 } }
[ZOLT TRANSCRIPT] challengeScalar128Bits: round=406
[ZOLT TRANSCRIPT]   state_before={ 97 97 1d 83 ce 34 fa 45 51 5e c6 c9 e6 cc 37 11 18 fa 94 1d 12 33 06 f3 33 b4 13 80 d3 f4 35 58 }
[ZOLT TRANSCRIPT]   challenge_bytes={ 52 dc 02 b9 cc 9b 90 ce e3 16 d5 c5 f2 06 62 be }
[ZOLT TRANSCRIPT]   reversed={ be 62 06 f2 c5 d5 16 e3 ce 90 9b cc b9 02 dc 52 }
[ZOLT TRANSCRIPT]   full_value=0xbe6206f2c5d516e3ce909bccb902dc52
[ZOLT TRANSCRIPT]   masked_value=0x1e6206f2c5d516e3ce909bccb902dc52 (125-bit)
[ZOLT TRANSCRIPT]   result_limbs=[0x0, 0x0, 0xce909bccb902dc52, 0x1e6206f2c5d516e3]
[ZOLT] STAGE3_ROUND_1: challenge = { { 222, 216, 69, 73, 78, 119, 181, 102, 142, 214, 237, 218, 235, 42, 252, 195, 253, 2, 187, 254, 222, 78, 27, 148, 162, 73, 9, 20, 59, 59, 128, 41 } }
[ZOLT] STAGE3_ROUND_1: next_claim = { { 130, 164, 128, 47, 108, 56, 27, 160, 138, 172, 129, 241, 194, 198, 30, 175, 186, 147, 109, 135, 59, 188, 212, 202, 225, 170, 75, 169, 136, 152, 181, 35 } }
[ZOLT] STAGE3_ROUND_1: combined_poly(0) = { { 108, 115, 141, 221, 30, 19, 239, 157 } }, expect = { { 108, 115, 141, 221, 30, 19, 239, 157 } }, match=true
[ZOLT] STAGE3_ROUND_1: direct_combined = { { 130, 164, 128, 47, 108, 56, 27, 160 } }
[ZOLT] STAGE3_ROUND_1: combined_claim = { { 130, 164, 128, 47, 108, 56, 27, 160 } }
[ZOLT] STAGE3_ROUND_1: batched_sum = { { 130, 164, 128, 47, 108, 56, 27, 160 } }

[ZOLT] STAGE3_ROUND_2: current_claim = { { 130, 164, 128, 47, 108, 56, 27, 160, 138, 172, 129, 241, 194, 198, 30, 175, 186, 147, 109, 135, 59, 188, 212, 202, 225, 170, 75, 169, 136, 152, 181, 35 } }
[ZOLT] STAGE3_ROUND_2: shift_p0+p1 = { { 161, 206, 70, 152, 231, 224, 246, 81 } }, shift_claim = { { 161, 206, 70, 152, 231, 224, 246, 81 } }, match=true
[ZOLT] STAGE3_ROUND_2: instr_p0+p1 = { { 25, 12, 23, 49, 176, 20, 213, 232 } }, instr_claim = { { 25, 12, 23, 49, 176, 20, 213, 232 } }, match=true
[ZOLT] STAGE3_ROUND_2: reg_p0+p1 = { { 21, 22, 144, 138, 222, 144, 34, 170 } }, reg_claim = { { 21, 22, 144, 138, 222, 144, 34, 170 } }, match=true
[ZOLT] STAGE3_ROUND_2: shift_p0 = { { 88, 33, 86, 169, 156, 222, 120, 198, 153, 179, 182, 66, 75, 156, 79, 151, 76, 252, 195, 123, 9, 250, 133, 30, 205, 59, 81, 214, 157, 84, 118, 16 } }
[ZOLT] STAGE3_ROUND_2: shift_p1 = { { 74, 173, 240, 222, 222, 247, 95, 207, 168, 231, 189, 245, 165, 0, 28, 143, 75, 154, 151, 3, 163, 185, 180, 243, 201, 2, 78, 80, 203, 187, 35, 36 } }
[ZOLT] STAGE3_ROUND_2: p0 = { { 143, 168, 153, 72, 143, 45, 55, 211, 60, 69, 9, 32, 161, 61, 12, 124, 187, 209, 25, 117, 156, 41, 93, 35, 187, 163, 254, 5, 255, 92, 57, 44 } }
[ZOLT] STAGE3_ROUND_2: p1 = { { 244, 251, 230, 214, 112, 0, 198, 16, 223, 215, 49, 75, 106, 113, 70, 91, 92, 26, 213, 147, 85, 216, 199, 95, 80, 167, 126, 132, 252, 137, 224, 39 } }
[ZOLT] STAGE3_ROUND_2: p0+p1 = { { 130, 164, 128, 47, 108, 56, 27, 160, 138, 172, 129, 241, 194, 198, 30, 175, 186, 147, 109, 135, 59, 188, 212, 202, 225, 170, 75, 169, 136, 152, 181, 35 } }
[ZOLT] STAGE3_ROUND_2: current_claim (should match p0+p1) = { { 130, 164, 128, 47, 108, 56, 27, 160, 138, 172, 129, 241, 194, 198, 30, 175, 186, 147, 109, 135, 59, 188, 212, 202, 225, 170, 75, 169, 136, 152, 181, 35 } }
[ZOLT] STAGE3_ROUND_2: c1 = { { 128, 37, 157, 100, 105, 175, 97, 221, 222, 92, 109, 225, 41, 55, 51, 54, 14, 94, 224, 71, 31, 71, 72, 7, 81, 153, 176, 215, 176, 80, 12, 45 } }
[ZOLT TRANSCRIPT] appendMessage: "UniPoly_begin" (len=13), round=407, state_before=[52, dc, 02, b9, cc, 9b, 90, ce]
[ZOLT TRANSCRIPT]   state_after={ b7 c5 8e 68 f3 bc 53 02 ... }
[ZOLT TRANSCRIPT] appendBytes: len=32, state_before={ b7 c5 8e 68 f3 bc 53 02 ... }
[ZOLT TRANSCRIPT]   first_8_bytes={ 2c 39 5c ff 05 fe a3 bb }
[ZOLT TRANSCRIPT]   last_8_bytes={ d3 37 2d 8f 48 99 a8 8f }
[ZOLT TRANSCRIPT]   state_after={ 45 13 7c 8a 09 a6 23 ad ... }
[ZOLT TRANSCRIPT] appendBytes: len=32, state_before={ 45 13 7c 8a 09 a6 23 ad ... }
[ZOLT TRANSCRIPT]   first_8_bytes={ 30 4a b1 85 7e 20 bb 91 }
[ZOLT TRANSCRIPT]   last_8_bytes={ c9 b5 88 41 bc 17 42 96 }
[ZOLT TRANSCRIPT]   state_after={ 94 f1 35 f1 ba 9c 70 c7 ... }
[ZOLT TRANSCRIPT] appendBytes: len=32, state_before={ 94 f1 35 f1 ba 9c 70 c7 ... }
[ZOLT TRANSCRIPT]   first_8_bytes={ 2f 7d 16 1f cc 43 8f 2f }
[ZOLT TRANSCRIPT]   last_8_bytes={ 62 1d 7b f2 3d 98 eb 52 }
[ZOLT TRANSCRIPT]   state_after={ c9 46 f0 dc 75 a4 f4 52 ... }
[ZOLT TRANSCRIPT] appendMessage: "UniPoly_end" (len=11), round=411, state_before=[c9, 46, f0, dc, 75, a4, f4, 52]
[ZOLT TRANSCRIPT]   state_after={ 5b 71 90 56 46 45 df c4 ... }
[ZOLT] STAGE3_ROUND_2: c0 = { { 143, 168, 153, 72, 143, 45, 55, 211, 60, 69, 9, 32, 161, 61, 12, 124, 187, 209, 25, 117, 156, 41, 93, 35, 187, 163, 254, 5, 255, 92, 57, 44 } }
[ZOLT] STAGE3_ROUND_2: c2 = { { 150, 66, 23, 188, 65, 136, 181, 201, 106, 239, 170, 160, 185, 1, 214, 208, 50, 33, 195, 64, 197, 197, 241, 103, 145, 187, 32, 126, 133, 177, 74, 48 } }
[ZOLT] STAGE3_ROUND_2: c3 = { { 82, 235, 152, 61, 242, 123, 29, 98, 12, 152, 60, 22, 191, 179, 204, 80, 119, 210, 155, 26, 248, 114, 33, 246, 47, 143, 67, 204, 31, 22, 125, 47 } }
[ZOLT TRANSCRIPT] challengeScalar128Bits: round=412
[ZOLT TRANSCRIPT]   state_before={ 5b 71 90 56 46 45 df c4 41 d4 c5 14 53 b1 16 65 29 be 32 0e 06 ae 25 9c c3 5a 13 b4 2c 79 2d f3 }
[ZOLT TRANSCRIPT]   challenge_bytes={ 20 63 9f 41 e0 77 56 07 34 4a bd 32 2f 7c b4 85 }
[ZOLT TRANSCRIPT]   reversed={ 85 b4 7c 2f 32 bd 4a 34 07 56 77 e0 41 9f 63 20 }
[ZOLT TRANSCRIPT]   full_value=0x85b47c2f32bd4a34075677e0419f6320
[ZOLT TRANSCRIPT]   masked_value=0x5b47c2f32bd4a34075677e0419f6320 (125-bit)
[ZOLT TRANSCRIPT]   result_limbs=[0x0, 0x0, 0x75677e0419f6320, 0x5b47c2f32bd4a34]
[ZOLT] STAGE3_ROUND_2: challenge = { { 176, 255, 126, 22, 233, 195, 234, 29, 71, 41, 206, 130, 121, 181, 15, 228, 105, 202, 63, 12, 106, 223, 165, 202, 73, 251, 244, 62, 217, 109, 194, 45 } }
[ZOLT] STAGE3_ROUND_2: next_claim = { { 77, 136, 169, 211, 238, 142, 27, 57, 120, 58, 95, 11, 16, 195, 187, 77, 199, 67, 162, 176, 123, 34, 177, 253, 231, 252, 158, 233, 91, 136, 209, 23 } }
[ZOLT] STAGE3_ROUND_2: combined_poly(0) = { { 143, 168, 153, 72, 143, 45, 55, 211 } }, expect = { { 143, 168, 153, 72, 143, 45, 55, 211 } }, match=true
[ZOLT] STAGE3_ROUND_2: direct_combined = { { 77, 136, 169, 211, 238, 142, 27, 57 } }
[ZOLT] STAGE3_ROUND_2: combined_claim = { { 77, 136, 169, 211, 238, 142, 27, 57 } }
[ZOLT] STAGE3_ROUND_2: batched_sum = { { 77, 136, 169, 211, 238, 142, 27, 57 } }

[ZOLT] STAGE3_ROUND_3: current_claim = { { 77, 136, 169, 211, 238, 142, 27, 57, 120, 58, 95, 11, 16, 195, 187, 77, 199, 67, 162, 176, 123, 34, 177, 253, 231, 252, 158, 233, 91, 136, 209, 23 } }
[ZOLT] STAGE3_ROUND_3: shift_p0 = { { 50, 80, 229, 114, 141, 193, 78, 83, 198, 119, 74, 147, 89, 243, 49, 119, 64, 61, 93, 110, 117, 27, 21, 166, 93, 1, 225, 33, 140, 248, 140, 11 } }
[ZOLT] STAGE3_ROUND_3: shift_p1 = { { 114, 48, 73, 165, 106, 37, 236, 26, 170, 14, 255, 246, 208, 55, 133, 157, 186, 129, 183, 195, 32, 158, 145, 101, 32, 152, 102, 104, 214, 118, 250, 3 } }
[ZOLT TRANSCRIPT] appendMessage: "UniPoly_begin" (len=13), round=413, state_before=[20, 63, 9f, 41, e0, 77, 56, 07]
[ZOLT TRANSCRIPT]   state_after={ 25 77 63 40 2f 13 c5 11 ... }
[ZOLT TRANSCRIPT] appendBytes: len=32, state_before={ 25 77 63 40 2f 13 c5 11 ... }
[ZOLT TRANSCRIPT]   first_8_bytes={ 14 01 67 9f 2c 40 8e 31 }
[ZOLT TRANSCRIPT]   last_8_bytes={ c0 09 72 f4 c4 8c d1 d1 }
[ZOLT TRANSCRIPT]   state_after={ 0a 1c 0e 65 67 0e 59 5a ... }
[ZOLT TRANSCRIPT] appendBytes: len=32, state_before={ 0a 1c 0e 65 67 0e 59 5a ... }
[ZOLT TRANSCRIPT]   first_8_bytes={ 12 ed c0 0d f0 38 27 7f }
[ZOLT TRANSCRIPT]   last_8_bytes={ 20 5a af d8 8a cb 50 b6 }
[ZOLT TRANSCRIPT]   state_after={ 5e 9f ec 7b 00 69 5a a6 ... }
[ZOLT TRANSCRIPT] appendBytes: len=32, state_before={ 5e 9f ec 7b 00 69 5a a6 ... }
[ZOLT TRANSCRIPT]   first_8_bytes={ 0e ed 02 2c 3d e5 80 08 }
[ZOLT TRANSCRIPT]   last_8_bytes={ 4f 12 a4 31 6f bb 16 85 }
[ZOLT TRANSCRIPT]   state_after={ 66 40 9c ca 92 34 46 d9 ... }
[ZOLT TRANSCRIPT] appendMessage: "UniPoly_end" (len=11), round=417, state_before=[66, 40, 9c, ca, 92, 34, 46, d9]
[ZOLT TRANSCRIPT]   state_after={ 6d a2 1c 58 33 f7 05 2f ... }
[ZOLT] STAGE3_ROUND_3: c0 = { { 209, 209, 140, 196, 244, 114, 9, 192, 159, 122, 0, 140, 143, 205, 148, 141, 70, 241, 14, 202, 233, 112, 121, 223, 49, 142, 64, 44, 159, 103, 1, 20 } }
[ZOLT] STAGE3_ROUND_3: c2 = { { 182, 80, 203, 138, 216, 175, 90, 32, 113, 56, 47, 182, 68, 156, 247, 18, 20, 130, 163, 201, 13, 236, 146, 223, 127, 39, 56, 240, 13, 192, 237, 18 } }
[ZOLT] STAGE3_ROUND_3: c3 = { { 133, 22, 187, 111, 49, 164, 18, 79, 113, 240, 169, 30, 107, 105, 112, 163, 243, 171, 125, 190, 126, 84, 137, 127, 8, 128, 229, 61, 44, 2, 237, 14 } }
[ZOLT TRANSCRIPT] challengeScalar128Bits: round=418
[ZOLT TRANSCRIPT]   state_before={ 6d a2 1c 58 33 f7 05 2f 68 e7 09 79 5d 78 f9 3f 59 3d 6e 3f 16 98 3b 0f b4 f4 ed a4 46 1d 24 58 }
[ZOLT TRANSCRIPT]   challenge_bytes={ 1f a6 ed a6 0d d7 e9 5d 9a 61 04 da b0 4e e7 38 }
[ZOLT TRANSCRIPT]   reversed={ 38 e7 4e b0 da 04 61 9a 5d e9 d7 0d a6 ed a6 1f }
[ZOLT TRANSCRIPT]   full_value=0x38e74eb0da04619a5de9d70da6eda61f
[ZOLT TRANSCRIPT]   masked_value=0x18e74eb0da04619a5de9d70da6eda61f (125-bit)
[ZOLT TRANSCRIPT]   result_limbs=[0x0, 0x0, 0x5de9d70da6eda61f, 0x18e74eb0da04619a]
[ZOLT] STAGE3_ROUND_3: challenge = { { 107, 184, 1, 115, 185, 92, 150, 246, 135, 48, 116, 244, 209, 227, 69, 138, 229, 64, 146, 79, 116, 63, 63, 85, 136, 152, 176, 193, 155, 218, 254, 37 } }
[ZOLT] STAGE3_ROUND_3: next_claim = { { 38, 211, 229, 119, 130, 9, 43, 170, 142, 143, 11, 92, 206, 199, 232, 36, 128, 73, 98, 32, 251, 55, 110, 19, 239, 253, 251, 226, 234, 87, 95, 17 } }

[ZOLT] SHIFT_PHASE2_START: n_remaining_rounds=4, suffix_size=16
[ZOLT] SHIFT_PHASE2_START: r_prefix_be.len=4
[ZOLT] SHIFT_PREFIX: r_prefix_be[0] = { 107, 184, 1, 115, 185, 92, 150, 246 }
[ZOLT] SHIFT_PREFIX: r_prefix_be[last] = { 220, 177, 241, 22, 24, 75, 138, 194 }
[ZOLT] SHIFT_PREFIX: prefix_0_eval_outer = { 30, 32, 141, 228, 149, 98, 3, 169 }
[ZOLT] SHIFT_PREFIX: prefix_1_eval_outer = { 42, 37, 232, 231, 181, 134, 13, 56 }
[ZOLT] SHIFT_PREFIX: r_outer_hi[0] (BE) = { 18, 65, 131, 218, 41, 110, 137, 235 }
[ZOLT] SHIFT_PREFIX: r_outer_hi[last] (BE) = { 9, 119, 35, 139, 169, 160, 112, 24 }
[ZOLT] SHIFT_PREFIX: r_outer_lo[0] (BE) = { 29, 18, 208, 247, 30, 156, 104, 102 }
[ZOLT] SHIFT_PREFIX: r_outer_lo[last] (BE) = { 8, 39, 47, 8, 137, 89, 248, 247 }
[ZOLT] SHIFT_PHASE2_START: eq+1_outer[0] = { { 50, 168, 212, 80, 103, 36, 127, 212 } }
[ZOLT] SHIFT_PHASE2_START: unexpanded_pc[0] = { { 39, 241, 46, 51, 58, 160, 209, 97 } }
[ZOLT] SHIFT_DEBUG: expected suffix_0[0] = { 15, 71, 205, 253, 137, 167, 209, 82 }
[ZOLT] SHIFT_DEBUG: actual suffix_0_outer[0] = { 15, 71, 205, 253, 137, 167, 209, 82 }
[ZOLT] SHIFT_DEBUG: suffix_1_outer[0] should be ~0: { 0, 0, 0, 0, 0, 0, 0, 0 }
[ZOLT] SHIFT_CRITICAL: direct eq+1(r_outer, (zeros, r_prefix)) = { 50, 168, 212, 80, 103, 36, 127, 212, 26, 60, 47, 238, 124, 18, 78, 3, 138, 115, 20, 211, 14, 52, 222, 193, 6, 167, 18, 224, 107, 217, 118, 26 }
[ZOLT] SHIFT_CRITICAL: phase2_eq+1_outer[0] = { 50, 168, 212, 80, 103, 36, 127, 212, 26, 60, 47, 238, 124, 18, 78, 3, 138, 115, 20, 211, 14, 52, 222, 193, 6, 167, 18, 224, 107, 217, 118, 26 }
[ZOLT] SHIFT_CRITICAL: match = true
[ZOLT] SHIFT_CRITICAL: from_formula = { 50, 168, 212, 80, 103, 36, 127, 212, 26, 60, 47, 238, 124, 18, 78, 3, 138, 115, 20, 211, 14, 52, 222, 193, 6, 167, 18, 224, 107, 217, 118, 26 }
[ZOLT] SHIFT_CRITICAL: formula_match = true
[ZOLT] SHIFT_CRITICAL: direct eq+1(r_lo, y_lo) = { 30, 32, 141, 228, 149, 98, 3, 169, 160, 16, 131, 73, 103, 30, 19, 167, 192, 232, 209, 98, 218, 170, 31, 133, 128, 250, 54, 207, 244, 2, 190, 25 }
[ZOLT] SHIFT_CRITICAL: prefix_0_eval_outer = { 30, 32, 141, 228, 149, 98, 3, 169, 160, 16, 131, 73, 103, 30, 19, 167, 192, 232, 209, 98, 218, 170, 31, 133, 128, 250, 54, 207, 244, 2, 190, 25 }
[ZOLT] SHIFT_CRITICAL: prefix_match = true
[ZOLT] SHIFT_CRITICAL: direct eq(r_hi, zeros) = { 15, 71, 205, 253, 137, 167, 209, 82, 216, 18, 142, 2, 65, 10, 132, 70, 103, 234, 128, 171, 245, 77, 124, 60, 93, 201, 29, 99, 53, 140, 232, 8 }
[ZOLT] SHIFT_CRITICAL: suffix_0[0] = { 15, 71, 205, 253, 137, 167, 209, 82, 216, 18, 142, 2, 65, 10, 132, 70, 103, 234, 128, 171, 245, 77, 124, 60, 93, 201, 29, 99, 53, 140, 232, 8 }
[ZOLT] SHIFT_CRITICAL: suffix_match = true

[ZOLT] STAGE3_ROUND_4: current_claim = { { 38, 211, 229, 119, 130, 9, 43, 170, 142, 143, 11, 92, 206, 199, 232, 36, 128, 73, 98, 32, 251, 55, 110, 19, 239, 253, 251, 226, 234, 87, 95, 17 } }
[ZOLT] STAGE3_ROUND_4: shift_p0 = { { 115, 135, 70, 12, 19, 83, 232, 3, 36, 34, 211, 187, 57, 185, 153, 186, 70, 246, 193, 246, 134, 65, 146, 101, 98, 193, 73, 10, 135, 8, 241, 5 } }
[ZOLT] STAGE3_ROUND_4: shift_p1 = { { 204, 189, 174, 140, 171, 132, 145, 136, 254, 71, 152, 208, 123, 115, 85, 240, 29, 147, 160, 131, 75, 187, 245, 67, 228, 136, 55, 99, 226, 141, 183, 35 } }
[ZOLT TRANSCRIPT] appendMessage: "UniPoly_begin" (len=13), round=419, state_before=[1f, a6, ed, a6, 0d, d7, e9, 5d]
[ZOLT TRANSCRIPT]   state_after={ 7d 9d 22 ce 94 e0 39 ca ... }
[ZOLT TRANSCRIPT] appendBytes: len=32, state_before={ 7d 9d 22 ce 94 e0 39 ca ... }
[ZOLT TRANSCRIPT]   first_8_bytes={ 0c 4d 6e 26 12 5b 3a f9 }
[ZOLT TRANSCRIPT]   last_8_bytes={ a8 96 f4 65 e0 4e ee 7b }
[ZOLT TRANSCRIPT]   state_after={ b6 ac ee ce 60 6a e9 ae ... }
[ZOLT TRANSCRIPT] appendBytes: len=32, state_before={ b6 ac ee ce 60 6a e9 ae ... }
[ZOLT TRANSCRIPT]   first_8_bytes={ 2d 97 2c bd c7 11 df 3f }
[ZOLT TRANSCRIPT]   last_8_bytes={ 9b bd 6a 36 21 e6 f7 7e }
[ZOLT TRANSCRIPT]   state_after={ 62 f1 8c 86 a1 26 f9 55 ... }
[ZOLT TRANSCRIPT] appendBytes: len=32, state_before={ 62 f1 8c 86 a1 26 f9 55 ... }
[ZOLT TRANSCRIPT]   first_8_bytes={ 14 85 e9 5d 6f 76 97 46 }
[ZOLT TRANSCRIPT]   last_8_bytes={ f2 4a 2d e2 b7 e1 8a 0f }
[ZOLT TRANSCRIPT]   state_after={ db 31 f1 a8 32 f1 43 01 ... }
[ZOLT TRANSCRIPT] appendMessage: "UniPoly_end" (len=11), round=423, state_before=[db, 31, f1, a8, 32, f1, 43, 01]
[ZOLT TRANSCRIPT]   state_after={ 57 80 8c 4e df bc 2a d6 ... }
[ZOLT] STAGE3_ROUND_4: c0 = { { 123, 238, 78, 224, 101, 244, 150, 168, 167, 88, 79, 58, 175, 40, 235, 148, 92, 61, 224, 103, 2, 193, 159, 184, 249, 58, 91, 18, 38, 110, 77, 12 } }
[ZOLT] STAGE3_ROUND_4: c2 = { { 126, 247, 230, 33, 54, 106, 189, 155, 248, 234, 7, 86, 39, 183, 162, 85, 49, 201, 45, 181, 241, 240, 173, 150, 63, 223, 17, 199, 189, 44, 151, 45 } }
[ZOLT] STAGE3_ROUND_4: c3 = { { 15, 138, 225, 183, 226, 45, 74, 242, 190, 133, 221, 131, 22, 132, 240, 1, 150, 232, 46, 230, 106, 9, 251, 14, 70, 151, 118, 111, 93, 233, 133, 20 } }
[ZOLT TRANSCRIPT] challengeScalar128Bits: round=424
[ZOLT TRANSCRIPT]   state_before={ 57 80 8c 4e df bc 2a d6 22 66 05 af 2c 8a be eb 34 ec 73 6a 12 2e 2b a0 f8 ba 3d e5 1b e8 84 4c }
[ZOLT TRANSCRIPT]   challenge_bytes={ bd 37 b7 f1 7d b2 f1 16 7d 4e cf 4b 66 11 bf 68 }
[ZOLT TRANSCRIPT]   reversed={ 68 bf 11 66 4b cf 4e 7d 16 f1 b2 7d f1 b7 37 bd }
[ZOLT TRANSCRIPT]   full_value=0x68bf11664bcf4e7d16f1b27df1b737bd
[ZOLT TRANSCRIPT]   masked_value=0x8bf11664bcf4e7d16f1b27df1b737bd (125-bit)
[ZOLT TRANSCRIPT]   result_limbs=[0x0, 0x0, 0x16f1b27df1b737bd, 0x8bf11664bcf4e7d]
[ZOLT] STAGE3_ROUND_4: challenge = { { 61, 119, 112, 200, 77, 236, 220, 3, 9, 207, 106, 149, 254, 17, 185, 67, 201, 97, 170, 125, 168, 69, 137, 204, 145, 180, 63, 247, 94, 136, 82, 35 } }
[ZOLT] STAGE3_ROUND_4: next_claim = { { 165, 176, 214, 159, 27, 87, 77, 24, 41, 23, 33, 160, 87, 51, 195, 24, 95, 218, 118, 207, 138, 222, 149, 233, 94, 118, 63, 105, 169, 205, 96, 45 } }
[ZOLT] SHIFT_BIND: size=16, r_j={ 61, 119, 112, 200, 77, 236, 220, 3 }
[ZOLT] SHIFT_BIND: eq+1_outer[0]={ 50, 168, 212, 80, 103, 36, 127, 212 }, eq+1_outer[1]={ 186, 148, 223, 132, 94, 222, 47, 195 }

[ZOLT] STAGE3_ROUND_5: current_claim = { { 165, 176, 214, 159, 27, 87, 77, 24, 41, 23, 33, 160, 87, 51, 195, 24, 95, 218, 118, 207, 138, 222, 149, 233, 94, 118, 63, 105, 169, 205, 96, 45 } }
[ZOLT] STAGE3_ROUND_5: shift_p0 = { { 66, 247, 148, 143, 242, 242, 202, 121, 166, 65, 241, 228, 176, 109, 159, 1, 158, 173, 138, 249, 149, 202, 237, 12, 123, 223, 60, 210, 198, 105, 66, 4 } }
[ZOLT] STAGE3_ROUND_5: shift_p1 = { { 160, 160, 228, 126, 191, 108, 176, 174, 253, 59, 32, 155, 147, 221, 39, 187, 83, 72, 176, 61, 169, 141, 116, 35, 203, 218, 234, 122, 38, 97, 134, 40 } }
[ZOLT TRANSCRIPT] appendMessage: "UniPoly_begin" (len=13), round=425, state_before=[bd, 37, b7, f1, 7d, b2, f1, 16]
[ZOLT TRANSCRIPT]   state_after={ 08 f8 71 fa e7 5e 8b 09 ... }
[ZOLT TRANSCRIPT] appendBytes: len=32, state_before={ 08 f8 71 fa e7 5e 8b 09 ... }
[ZOLT TRANSCRIPT]   first_8_bytes={ 25 e1 39 82 b4 ac 2a 23 }
[ZOLT TRANSCRIPT]   last_8_bytes={ 1c fc 43 f0 d6 23 c3 e9 }
[ZOLT TRANSCRIPT]   state_after={ 20 08 79 d1 91 da e1 66 ... }
[ZOLT TRANSCRIPT] appendBytes: len=32, state_before={ 20 08 79 d1 91 da e1 66 ... }
[ZOLT TRANSCRIPT]   first_8_bytes={ 20 78 0c 4a 14 89 9a 59 }
[ZOLT TRANSCRIPT]   last_8_bytes={ c8 34 51 ed c9 df 7d b7 }
[ZOLT TRANSCRIPT]   state_after={ 0d e5 60 9d 25 9c 9c 41 ... }
[ZOLT TRANSCRIPT] appendBytes: len=32, state_before={ 0d e5 60 9d 25 9c 9c 41 ... }
[ZOLT TRANSCRIPT]   first_8_bytes={ 1d 97 b3 b2 65 07 be 5d }
[ZOLT TRANSCRIPT]   last_8_bytes={ b2 8f fb ef 5d 2d a2 39 }
[ZOLT TRANSCRIPT]   state_after={ 6f f4 0d 2f bd af 65 11 ... }
[ZOLT TRANSCRIPT] appendMessage: "UniPoly_end" (len=11), round=429, state_before=[6f, f4, 0d, 2f, bd, af, 65, 11]
[ZOLT TRANSCRIPT]   state_after={ 42 1f fa 4f ee 2d 45 80 ... }
[ZOLT] STAGE3_ROUND_5: c0 = { { 233, 195, 35, 214, 240, 67, 252, 28, 15, 168, 201, 131, 45, 243, 127, 194, 68, 5, 61, 8, 105, 130, 249, 192, 35, 42, 172, 180, 130, 57, 225, 37 } }
[ZOLT] STAGE3_ROUND_5: c2 = { { 183, 125, 223, 201, 237, 81, 52, 200, 1, 52, 246, 132, 124, 88, 118, 183, 229, 148, 12, 25, 193, 62, 210, 175, 89, 154, 137, 20, 74, 12, 120, 32 } }
[ZOLT] STAGE3_ROUND_5: c3 = { { 57, 162, 45, 93, 239, 251, 143, 178, 96, 47, 166, 32, 191, 30, 58, 219, 74, 142, 244, 116, 103, 39, 131, 200, 93, 190, 7, 101, 178, 179, 151, 29 } }
[ZOLT TRANSCRIPT] challengeScalar128Bits: round=430
[ZOLT TRANSCRIPT]   state_before={ 42 1f fa 4f ee 2d 45 80 49 1e 03 a0 49 12 77 8a ab 8b 18 41 5c f5 39 a7 a8 b3 54 41 89 07 d3 69 }
[ZOLT TRANSCRIPT]   challenge_bytes={ 43 fe c9 aa ed 7a bf e3 70 62 3c a2 49 36 0d 3e }
[ZOLT TRANSCRIPT]   reversed={ 3e 0d 36 49 a2 3c 62 70 e3 bf 7a ed aa c9 fe 43 }
[ZOLT TRANSCRIPT]   full_value=0x3e0d3649a23c6270e3bf7aedaac9fe43
[ZOLT TRANSCRIPT]   masked_value=0x1e0d3649a23c6270e3bf7aedaac9fe43 (125-bit)
[ZOLT TRANSCRIPT]   result_limbs=[0x0, 0x0, 0xe3bf7aedaac9fe43, 0x1e0d3649a23c6270]
[ZOLT] STAGE3_ROUND_5: challenge = { { 199, 89, 250, 71, 118, 206, 17, 33, 228, 5, 29, 47, 160, 131, 55, 83, 144, 71, 130, 48, 0, 180, 148, 75, 94, 47, 175, 181, 78, 26, 207, 7 } }
[ZOLT] STAGE3_ROUND_5: next_claim = { { 24, 158, 53, 41, 161, 45, 37, 180, 154, 166, 178, 19, 136, 105, 156, 142, 170, 190, 130, 190, 58, 96, 41, 163, 74, 6, 44, 196, 86, 124, 247, 11 } }
[ZOLT] SHIFT_BIND: size=8, r_j={ 199, 89, 250, 71, 118, 206, 17, 33 }
[ZOLT] SHIFT_BIND: eq+1_outer[0]={ 68, 7, 148, 143, 7, 87, 114, 109 }, eq+1_outer[1]={ 26, 249, 5, 48, 80, 130, 107, 216 }
[ZOLT] VERIFY_ROUND_6: actual_f0+f1 = { { 76, 226, 72, 180, 143, 234, 6, 230 } }, current_instr_claim = { { 76, 226, 72, 180, 143, 234, 6, 230 } }, match=true

[ZOLT] STAGE3_ROUND_6: current_claim = { { 24, 158, 53, 41, 161, 45, 37, 180, 154, 166, 178, 19, 136, 105, 156, 142, 170, 190, 130, 190, 58, 96, 41, 163, 74, 6, 44, 196, 86, 124, 247, 11 } }
[ZOLT] STAGE3_ROUND_6: shift_p0 = { { 17, 102, 102, 41, 57, 209, 187, 237, 147, 115, 51, 199, 100, 53, 47, 207, 193, 220, 65, 158, 47, 59, 69, 200, 30, 199, 125, 246, 223, 176, 99, 27 } }
[ZOLT] STAGE3_ROUND_6: shift_p1 = { { 0, 0, 0, 0, 0, 0, 0, 0, 0, 0, 0, 0, 0, 0, 0, 0, 0, 0, 0, 0, 0, 0, 0, 0, 0, 0, 0, 0, 0, 0, 0, 0 } }
[ZOLT TRANSCRIPT] appendMessage: "UniPoly_begin" (len=13), round=431, state_before=[43, fe, c9, aa, ed, 7a, bf, e3]
[ZOLT TRANSCRIPT]   state_after={ 1b 7a 22 a2 0c d9 72 f7 ... }
[ZOLT TRANSCRIPT] appendBytes: len=32, state_before={ 1b 7a 22 a2 0c d9 72 f7 ... }
[ZOLT TRANSCRIPT]   first_8_bytes={ 0b f7 7c 56 c4 2c 06 4a }
[ZOLT TRANSCRIPT]   last_8_bytes={ b4 25 2d a1 29 35 9e 18 }
[ZOLT TRANSCRIPT]   state_after={ e6 9a 85 64 51 bb 35 9e ... }
[ZOLT TRANSCRIPT] appendBytes: len=32, state_before={ e6 9a 85 64 51 bb 35 9e ... }
[ZOLT TRANSCRIPT]   first_8_bytes={ 30 2b 3a cc 72 0d dd 55 }
[ZOLT TRANSCRIPT]   last_8_bytes={ da 5f ef 13 c4 e9 a0 83 }
[ZOLT TRANSCRIPT]   state_after={ 0e bb 51 d7 80 96 4e d2 ... }
[ZOLT TRANSCRIPT] appendBytes: len=32, state_before={ 0e bb 51 d7 80 96 4e d2 ... }
[ZOLT TRANSCRIPT]   first_8_bytes={ 0b 1c 66 cb 4a ac 3f 93 }
[ZOLT TRANSCRIPT]   last_8_bytes={ f6 92 d8 e4 a5 3d 4d c8 }
[ZOLT TRANSCRIPT]   state_after={ a7 d6 f7 b4 cf 8d 6d f5 ... }
[ZOLT TRANSCRIPT] appendMessage: "UniPoly_end" (len=11), round=435, state_before=[a7, d6, f7, b4, cf, 8d, 6d, f5]
[ZOLT TRANSCRIPT]   state_after={ 98 8a ee b8 2e 04 ad 30 ... }
[ZOLT] STAGE3_ROUND_6: c0 = { { 24, 158, 53, 41, 161, 45, 37, 180, 154, 166, 178, 19, 136, 105, 156, 142, 170, 190, 130, 190, 58, 96, 41, 163, 74, 6, 44, 196, 86, 124, 247, 11 } }
[ZOLT] STAGE3_ROUND_6: c2 = { { 131, 160, 233, 196, 19, 239, 95, 218, 216, 134, 130, 105, 122, 154, 248, 200, 33, 92, 160, 80, 211, 103, 32, 8, 85, 221, 13, 114, 204, 58, 43, 48 } }
[ZOLT] STAGE3_ROUND_6: c3 = { { 200, 77, 61, 165, 228, 216, 146, 246, 81, 196, 153, 66, 234, 205, 4, 152, 68, 236, 215, 204, 110, 38, 215, 13, 147, 63, 172, 74, 203, 102, 28, 11 } }
[ZOLT TRANSCRIPT] challengeScalar128Bits: round=436
[ZOLT TRANSCRIPT]   state_before={ 98 8a ee b8 2e 04 ad 30 0d 58 2d f2 e3 32 18 a4 d4 7a bd d6 c6 b0 ba 6f 05 5b 01 61 53 29 36 ac }
[ZOLT TRANSCRIPT]   challenge_bytes={ 5c 7a 18 39 0d 32 e0 da 96 bc c0 e4 84 a1 8b 84 }
[ZOLT TRANSCRIPT]   reversed={ 84 8b a1 84 e4 c0 bc 96 da e0 32 0d 39 18 7a 5c }
[ZOLT TRANSCRIPT]   full_value=0x848ba184e4c0bc96dae0320d39187a5c
[ZOLT TRANSCRIPT]   masked_value=0x48ba184e4c0bc96dae0320d39187a5c (125-bit)
[ZOLT TRANSCRIPT]   result_limbs=[0x0, 0x0, 0xdae0320d39187a5c, 0x48ba184e4c0bc96]
[ZOLT] STAGE3_ROUND_6: challenge = { { 63, 212, 155, 210, 72, 134, 155, 252, 236, 175, 184, 101, 231, 209, 239, 175, 203, 138, 96, 201, 194, 95, 76, 237, 138, 39, 146, 119, 4, 103, 217, 34 } }
[ZOLT] STAGE3_ROUND_6: next_claim = { { 53, 128, 19, 203, 112, 225, 85, 250, 107, 233, 71, 38, 115, 149, 164, 180, 132, 53, 255, 50, 200, 48, 73, 198, 41, 182, 211, 62, 180, 41, 7, 32 } }
[ZOLT] SHIFT_BIND: size=4, r_j={ 63, 212, 155, 210, 72, 134, 155, 252 }
[ZOLT] SHIFT_BIND: eq+1_outer[0]={ 64, 223, 101, 51, 217, 82, 208, 138 }, eq+1_outer[1]={ 152, 129, 215, 210, 94, 134, 225, 173 }
[ZOLT] VERIFY_ROUND_7: actual_f0+f1 = { { 155, 83, 177, 57, 56, 140, 24, 102 } }, current_instr_claim = { { 155, 83, 177, 57, 56, 140, 24, 102 } }, match=true

[ZOLT] STAGE3_ROUND_7: current_claim = { { 53, 128, 19, 203, 112, 225, 85, 250, 107, 233, 71, 38, 115, 149, 164, 180, 132, 53, 255, 50, 200, 48, 73, 198, 41, 182, 211, 62, 180, 41, 7, 32 } }
[ZOLT] LAST_ROUND: instr_evals = [p0={ { 155, 83, 177, 57, 56, 140, 24, 102 } }, p1={ { 0, 0, 0, 0, 0, 0, 0, 0 } }, p2={ { 205, 200, 8, 25, 183, 96, 116, 72 } }, p3={ { 150, 13, 210, 66, 178, 64, 197, 94 } }]
[ZOLT] LAST_ROUND: instr_prover.current_size = 2
[ZOLT] LAST_ROUND: p0+p1 = { { 155, 83, 177, 57, 56, 140, 24, 102 } }
[ZOLT] LAST_ROUND: current_instr_claim = { { 155, 83, 177, 57, 56, 140, 24, 102 } }
[ZOLT] LAST_ROUND: sumcheck_invariant_ok = true
[ZOLT] LAST_ROUND: manual_f0 = { { 155, 83, 177, 57, 56, 140, 24, 102 } }
[ZOLT] LAST_ROUND: manual_f1 = { { 0, 0, 0, 0, 0, 0, 0, 0 } }
[ZOLT] LAST_ROUND: f0_match = true, f1_match = true
[ZOLT] LAST_ROUND: left_is_rs1[1] = { { 0, 0, 0, 0, 0, 0, 0, 0 } }
[ZOLT] LAST_ROUND: rs1_value[1] = { { 0, 0, 0, 0, 0, 0, 0, 0 } }
[ZOLT] LAST_ROUND: eq_outer[1] = { { 19, 26, 104, 77, 69, 191, 58, 140 } }
[ZOLT] LAST_ROUND: eq_product[1] = { { 193, 14, 83, 46, 217, 170, 65, 81 } }
[ZOLT] LAST_ROUND: eq_weight_1 = { { 238, 131, 93, 179, 1, 29, 187, 47 } }
[ZOLT] LAST_ROUND: left_1 = { { 0, 0, 0, 0, 0, 0, 0, 0 } }
[ZOLT] LAST_ROUND: right_1 = { { 0, 0, 0, 0, 0, 0, 0, 0 } }
[ZOLT] STAGE3_ROUND_7: shift_p0 = { { 199, 225, 15, 17, 12, 24, 61, 235, 240, 73, 223, 49, 150, 246, 8, 214, 78, 145, 18, 43, 9, 6, 39, 90, 84, 179, 144, 151, 113, 197, 43, 27 } }
[ZOLT] STAGE3_ROUND_7: shift_p1 = { { 0, 0, 0, 0, 0, 0, 0, 0, 0, 0, 0, 0, 0, 0, 0, 0, 0, 0, 0, 0, 0, 0, 0, 0, 0, 0, 0, 0, 0, 0, 0, 0 } }
[ZOLT TRANSCRIPT] appendMessage: "UniPoly_begin" (len=13), round=437, state_before=[5c, 7a, 18, 39, 0d, 32, e0, da]
[ZOLT TRANSCRIPT]   state_after={ b7 9e ec da 41 b1 b8 81 ... }
[ZOLT TRANSCRIPT] appendBytes: len=32, state_before={ b7 9e ec da 41 b1 b8 81 ... }
[ZOLT TRANSCRIPT]   first_8_bytes={ 20 07 29 b4 3e d3 b6 29 }
[ZOLT TRANSCRIPT]   last_8_bytes={ fa 55 e1 70 cb 13 80 35 }
[ZOLT TRANSCRIPT]   state_after={ ae 9f 94 fd f1 02 4d 50 ... }
[ZOLT TRANSCRIPT] appendBytes: len=32, state_before={ ae 9f 94 fd f1 02 4d 50 ... }
[ZOLT TRANSCRIPT]   first_8_bytes={ 26 d0 c6 56 6f f3 33 01 }
[ZOLT TRANSCRIPT]   last_8_bytes={ 4b fd a0 86 f8 28 52 bc }
[ZOLT TRANSCRIPT]   state_after={ b1 c5 f4 91 21 96 47 34 ... }
[ZOLT TRANSCRIPT] appendBytes: len=32, state_before={ b1 c5 f4 91 21 96 47 34 ... }
[ZOLT TRANSCRIPT]   first_8_bytes={ 05 d9 d0 27 7d 13 00 80 }
[ZOLT TRANSCRIPT]   last_8_bytes={ a0 b9 8c de c9 aa af 62 }
[ZOLT TRANSCRIPT]   state_after={ ba ca fb 28 64 40 f2 13 ... }
[ZOLT TRANSCRIPT] appendMessage: "UniPoly_end" (len=11), round=441, state_before=[ba, ca, fb, 28, 64, 40, f2, 13]
[ZOLT TRANSCRIPT]   state_after={ 1a 38 b7 c3 05 f1 bb 6e ... }
[ZOLT] STAGE3_ROUND_7: c0 = { { 53, 128, 19, 203, 112, 225, 85, 250, 107, 233, 71, 38, 115, 149, 164, 180, 132, 53, 255, 50, 200, 48, 73, 198, 41, 182, 211, 62, 180, 41, 7, 32 } }
[ZOLT] STAGE3_ROUND_7: c2 = { { 188, 82, 40, 248, 134, 160, 253, 75, 141, 44, 184, 54, 197, 241, 85, 47, 212, 20, 58, 116, 17, 121, 94, 176, 1, 51, 243, 111, 86, 198, 208, 38 } }
[ZOLT] STAGE3_ROUND_7: c3 = { { 98, 175, 170, 201, 222, 140, 185, 160, 244, 23, 17, 75, 193, 232, 143, 38, 172, 115, 129, 31, 229, 156, 159, 39, 128, 0, 19, 125, 39, 208, 217, 5 } }
[ZOLT TRANSCRIPT] challengeScalar128Bits: round=442
[ZOLT TRANSCRIPT]   state_before={ 1a 38 b7 c3 05 f1 bb 6e 6d fd 9d d3 f3 bc 68 47 73 91 10 a0 35 c3 b9 a3 c1 63 ef d3 31 35 1c 13 }
[ZOLT TRANSCRIPT]   challenge_bytes={ b8 79 98 ad 83 13 f0 03 eb b2 e6 20 f8 96 89 1f }
[ZOLT TRANSCRIPT]   reversed={ 1f 89 96 f8 20 e6 b2 eb 03 f0 13 83 ad 98 79 b8 }
[ZOLT TRANSCRIPT]   full_value=0x1f8996f820e6b2eb03f01383ad9879b8
[ZOLT TRANSCRIPT]   masked_value=0x1f8996f820e6b2eb03f01383ad9879b8 (125-bit)
[ZOLT TRANSCRIPT]   result_limbs=[0x0, 0x0, 0x3f01383ad9879b8, 0x1f8996f820e6b2eb]
[ZOLT] STAGE3_ROUND_7: challenge = { { 206, 191, 229, 10, 111, 209, 231, 11, 251, 239, 132, 57, 233, 129, 65, 123, 245, 198, 30, 57, 238, 124, 122, 83, 220, 158, 197, 164, 98, 9, 43, 14 } }
[ZOLT] STAGE3_ROUND_7: next_claim = { { 196, 42, 36, 139, 16, 64, 132, 3, 189, 213, 48, 100, 157, 158, 237, 56, 16, 40, 152, 126, 89, 251, 121, 255, 152, 4, 136, 13, 203, 210, 237, 3 } }
[ZOLT] SHIFT_BIND: size=2, r_j={ 206, 191, 229, 10, 111, 209, 231, 11 }
[ZOLT] SHIFT_BIND: eq+1_outer[0]={ 181, 185, 198, 162, 42, 6, 231, 17 }, eq+1_outer[1]={ 183, 157, 213, 167, 10, 77, 12, 70 }
[ZOLT] SHIFT_BIND_FINAL: new eq+1_outer[0]={ 169, 92, 205, 29, 250, 61, 218, 126, 130, 166, 39, 197, 40, 91, 77, 108, 233, 32, 0, 205, 211, 104, 32, 42, 110, 249, 55, 47, 123, 162, 243, 35 }

[ZOLT] STAGE3_FINAL: output_claim = { { 196, 42, 36, 139, 16, 64, 132, 3, 189, 213, 48, 100, 157, 158, 237, 56, 16, 40, 152, 126, 89, 251, 121, 255, 152, 4, 136, 13, 203, 210, 237, 3 } }
[ZOLT] STAGE3_DEBUG: challenges[0] = { { 220, 177, 241, 22, 24, 75, 138, 194 } }
[ZOLT] STAGE3_DEBUG: reversed_challenges[0] = { { 206, 191, 229, 10, 111, 209, 231, 11 } }

[ZOLT] STAGE3_DEBUG: shift_val = { { 76, 64, 183, 99, 159, 36, 120, 206 } }
[ZOLT] STAGE3_DEBUG: shift_expected = { { 201, 149, 250, 155, 133, 146, 228, 165, 8, 125, 68, 33, 153, 199, 16, 195, 60, 240, 158, 248, 222, 23, 241, 3, 191, 168, 146, 52, 97, 31, 193, 5 } }
[ZOLT] STAGE3_DEBUG: current_shift_claim = { { 201, 149, 250, 155, 133, 146, 228, 165, 8, 125, 68, 33, 153, 199, 16, 195, 60, 240, 158, 248, 222, 23, 241, 3, 191, 168, 146, 52, 97, 31, 193, 5 } }
[ZOLT] STAGE3_DEBUG: shift_match = true
[ZOLT] STAGE3_DEBUG: prover eq+1_outer = { { 169, 92, 205, 29, 250, 61, 218, 126, 130, 166, 39, 197, 40, 91, 77, 108, 233, 32, 0, 205, 211, 104, 32, 42, 110, 249, 55, 47, 123, 162, 243, 35 } }
[ZOLT] STAGE3_DEBUG: verifier eq+1_outer = { { 169, 92, 205, 29, 250, 61, 218, 126, 130, 166, 39, 197, 40, 91, 77, 108, 233, 32, 0, 205, 211, 104, 32, 42, 110, 249, 55, 47, 123, 162, 243, 35 } }
[ZOLT] STAGE3_DEBUG: eq+1_outer match = true
[ZOLT] STAGE3_DEBUG: prover eq+1_prod = { { 74, 230, 62, 246, 76, 194, 122, 180, 180, 98, 193, 27, 198, 105, 54, 0, 212, 29, 185, 238, 24, 53, 173, 204, 40, 83, 181, 124, 171, 146, 184, 17 } }
[ZOLT] STAGE3_DEBUG: verifier eq+1_prod = { { 74, 230, 62, 246, 76, 194, 122, 180, 180, 98, 193, 27, 198, 105, 54, 0, 212, 29, 185, 238, 24, 53, 173, 204, 40, 83, 181, 124, 171, 146, 184, 17 } }
[ZOLT] STAGE3_DEBUG: eq+1_prod match = true

[ZOLT] STAGE3_DEBUG: eq_r_stage_1 = { { 178, 98, 103, 200, 177, 224, 212, 159, 51, 228, 187, 127, 73, 4, 124, 57, 41, 45, 26, 232, 246, 235, 196, 16, 156, 25, 70, 84, 123, 231, 136, 35 } }
[ZOLT] STAGE3_DEBUG: eq_r_stage_2 = { { 161, 106, 69, 130, 68, 55, 10, 194, 118, 210, 105, 18, 241, 129, 121, 250, 31, 78, 188, 80, 128, 54, 74, 218, 193, 40, 186, 100, 47, 19, 59, 0 } }
[ZOLT] STAGE3_DEBUG: left_instr (from i_claims) = { { 209, 251, 112, 95, 80, 66, 77, 49, 186, 152, 225, 241, 61, 188, 214, 87, 112, 251, 228, 152, 97, 81, 78, 70, 35, 12, 243, 92, 31, 61, 31, 3 } }
[ZOLT] STAGE3_DEBUG: right_instr (from i_claims) = { { 30, 174, 107, 81, 171, 145, 250, 27, 35, 203, 213, 124, 61, 145, 148, 79, 234, 211, 211, 125, 125, 120, 215, 71, 33, 208, 28, 188, 85, 198, 130, 47 } }
[ZOLT] STAGE3_DEBUG: direct_left = { { 209, 251, 112, 95, 80, 66, 77, 49, 186, 152, 225, 241, 61, 188, 214, 87, 112, 251, 228, 152, 97, 81, 78, 70, 35, 12, 243, 92, 31, 61, 31, 3 } }
[ZOLT] STAGE3_DEBUG: direct_right = { { 30, 174, 107, 81, 171, 145, 250, 27, 35, 203, 213, 124, 61, 145, 148, 79, 234, 211, 211, 125, 125, 120, 215, 71, 33, 208, 28, 188, 85, 198, 130, 47 } }
[ZOLT] STAGE3_DEBUG: left_match = true, right_match = true
[ZOLT] STAGE3_DEBUG: prover_f = { { 230, 134, 200, 20, 175, 113, 87, 73, 242, 79, 93, 50, 192, 62, 240, 73, 247, 119, 255, 82, 2, 137, 220, 52, 69, 95, 108, 115, 88, 213, 195, 6 } }
[ZOLT] STAGE3_DEBUG: i_claims.left_is_rs1 = { { 126, 216, 227, 189, 53, 251, 236, 242 } }
[ZOLT] STAGE3_DEBUG: i_claims.rs1_value = { { 58, 237, 32, 159, 145, 9, 154, 192 } }
[ZOLT] STAGE3_DEBUG: i_claims.left_is_pc = { { 127, 10, 186, 226, 216, 55, 77, 115 } }
[ZOLT] STAGE3_DEBUG: i_claims.unexpanded_pc = { { 191, 187, 149, 200, 56, 158, 201, 224 } }
[ZOLT] STAGE3_DEBUG: instr_prover.left_is_rs1[0] = { { 126, 216, 227, 189, 53, 251, 236, 242 } }
[ZOLT] STAGE3_DEBUG: instr_prover.rs1_value[0] = { { 58, 237, 32, 159, 145, 9, 154, 192 } }
[ZOLT] STAGE3_DEBUG: instr_prover.left_is_pc[0] = { { 127, 10, 186, 226, 216, 55, 77, 115 } }
[ZOLT] STAGE3_DEBUG: instr_prover.unexpanded_pc[0] = { { 191, 187, 149, 200, 56, 158, 201, 224 } }
[ZOLT] STAGE3_DEBUG: instr_prover_eq_outer[0] = { { 178, 98, 103, 200, 177, 224, 212, 159, 51, 228, 187, 127, 73, 4, 124, 57, 41, 45, 26, 232, 246, 235, 196, 16, 156, 25, 70, 84, 123, 231, 136, 35 } }
[ZOLT] STAGE3_DEBUG: instr_prover_eq_prod[0] = { { 161, 106, 69, 130, 68, 55, 10, 194, 118, 210, 105, 18, 241, 129, 121, 250, 31, 78, 188, 80, 128, 54, 74, 218, 193, 40, 186, 100, 47, 19, 59, 0 } }
[ZOLT] STAGE3_DEBUG: instr_expected = { { 230, 134, 200, 20, 175, 113, 87, 73, 242, 79, 93, 50, 192, 62, 240, 73, 247, 119, 255, 82, 2, 137, 220, 52, 69, 95, 108, 115, 88, 213, 195, 6 } }
[ZOLT] STAGE3_DEBUG: current_instr_claim = { { 230, 134, 200, 20, 175, 113, 87, 73, 242, 79, 93, 50, 192, 62, 240, 73, 247, 119, 255, 82, 2, 137, 220, 52, 69, 95, 108, 115, 88, 213, 195, 6 } }
[ZOLT] STAGE3_DEBUG: instr_match = true

[ZOLT] STAGE3_DEBUG: r_claims.rd_write_value = { { 167, 33, 238, 24, 73, 173, 135, 225, 41, 69, 162, 197, 157, 184, 0, 95, 7, 239, 179, 137, 17, 62, 161, 170, 168, 75, 246, 50, 49, 6, 170, 20 } }
[ZOLT] STAGE3_DEBUG: r_claims.rs1_value = { { 58, 237, 32, 159, 145, 9, 154, 192, 189, 103, 205, 43, 6, 242, 191, 0, 206, 247, 118, 46, 212, 254, 202, 104, 254, 101, 164, 142, 9, 251, 43, 6 } }
[ZOLT] STAGE3_DEBUG: r_claims.rs2_value = { { 135, 116, 87, 18, 133, 224, 11, 228, 108, 115, 146, 117, 57, 100, 147, 182, 147, 150, 92, 92, 247, 55, 230, 199, 147, 57, 251, 79, 7, 22, 215, 32 } }
[ZOLT] STAGE3_DEBUG: reg_gamma = { { 78, 7, 224, 107, 168, 223, 72, 209, 231, 145, 191, 68, 104, 85, 23, 243, 0, 0, 0, 0, 0, 0, 0, 0, 0, 0, 0, 0, 0, 0, 0, 0 } }
[ZOLT] STAGE3_DEBUG: reg_val = { { 226, 235, 226, 110, 213, 55, 51, 242, 139, 42, 206, 192, 189, 2, 216, 17, 30, 132, 165, 167, 68, 226, 66, 9, 3, 3, 204, 170, 255, 242, 171, 40 } }
[ZOLT] STAGE3_DEBUG: eq_r_stage_1 = { { 178, 98, 103, 200, 177, 224, 212, 159, 51, 228, 187, 127, 73, 4, 124, 57, 41, 45, 26, 232, 246, 235, 196, 16, 156, 25, 70, 84, 123, 231, 136, 35 } }
[ZOLT] STAGE3_DEBUG: reg_expected = { { 246, 174, 41, 249, 169, 146, 28, 31, 63, 141, 112, 148, 193, 231, 56, 73, 206, 240, 63, 236, 234, 50, 6, 223, 236, 242, 173, 193, 1, 145, 244, 20 } }
[ZOLT] STAGE3_DEBUG: current_reg_claim = { { 246, 174, 41, 249, 169, 146, 28, 31, 63, 141, 112, 148, 193, 231, 56, 73, 206, 240, 63, 236, 234, 50, 6, 223, 236, 242, 173, 193, 1, 145, 244, 20 } }
[ZOLT] STAGE3_DEBUG: reg_match = true
[ZOLT] STAGE3_DEBUG: prover_eq_final = { { 178, 98, 103, 200, 177, 224, 212, 159, 51, 228, 187, 127, 73, 4, 124, 57, 41, 45, 26, 232, 246, 235, 196, 16, 156, 25, 70, 84, 123, 231, 136, 35 } }
[ZOLT] STAGE3_DEBUG: prover_eq vs eq_r_stage_1: true

[ZOLT] STAGE3_DEBUG: final_expected = { { 196, 42, 36, 139, 16, 64, 132, 3, 189, 213, 48, 100, 157, 158, 237, 56, 16, 40, 152, 126, 89, 251, 121, 255, 152, 4, 136, 13, 203, 210, 237, 3 } }
[ZOLT] STAGE3_DEBUG: combined_claim = { { 196, 42, 36, 139, 16, 64, 132, 3, 189, 213, 48, 100, 157, 158, 237, 56, 16, 40, 152, 126, 89, 251, 121, 255, 152, 4, 136, 13, 203, 210, 237, 3 } }
[ZOLT] STAGE3_DEBUG: final_match = true

[ZOLT] STAGE3_OPENING: Shift sumcheck claims:
[ZOLT] STAGE3_OPENING: unexpanded_pc = { { 191, 187, 149, 200, 56, 158, 201, 224, 4, 75, 182, 8, 234, 29, 134, 216, 112, 182, 154, 12, 191, 224, 251, 186, 183, 82, 196, 245, 117, 247, 93, 20 } }
[ZOLT] STAGE3_OPENING: pc = { { 191, 187, 149, 200, 56, 158, 201, 224, 4, 75, 182, 8, 234, 29, 134, 216, 112, 182, 154, 12, 191, 224, 251, 186, 183, 82, 196, 245, 117, 247, 93, 20 } }
[ZOLT] STAGE3_OPENING: is_noop = { { 138, 58, 50, 188, 48, 204, 154, 189, 255, 204, 167, 228, 38, 145, 161, 100, 175, 125, 69, 106, 16, 95, 89, 64, 221, 8, 145, 141, 188, 200, 253, 12 } }
[ZOLT TRANSCRIPT] appendBytes: len=32, state_before={ b8 79 98 ad 83 13 f0 03 ... }
[ZOLT TRANSCRIPT]   first_8_bytes={ 14 5d f7 75 f5 c4 52 b7 }
[ZOLT TRANSCRIPT]   last_8_bytes={ e0 c9 9e 38 c8 95 bb bf }
[ZOLT TRANSCRIPT]   state_after={ 76 87 14 f8 c3 dc 8d 24 ... }
[ZOLT TRANSCRIPT] appendBytes: len=32, state_before={ 76 87 14 f8 c3 dc 8d 24 ... }
[ZOLT TRANSCRIPT]   first_8_bytes={ 14 5d f7 75 f5 c4 52 b7 }
[ZOLT TRANSCRIPT]   last_8_bytes={ e0 c9 9e 38 c8 95 bb bf }
[ZOLT TRANSCRIPT]   state_after={ f2 1e c8 74 91 d7 71 0f ... }
[ZOLT TRANSCRIPT] appendBytes: len=32, state_before={ f2 1e c8 74 91 d7 71 0f ... }
[ZOLT TRANSCRIPT]   first_8_bytes={ 00 00 00 00 00 00 00 00 }
[ZOLT TRANSCRIPT]   last_8_bytes={ 00 00 00 00 00 00 00 00 }
[ZOLT TRANSCRIPT]   state_after={ 1b b9 b9 63 8a e0 8f 69 ... }
[ZOLT TRANSCRIPT] appendBytes: len=32, state_before={ 1b b9 b9 63 8a e0 8f 69 ... }
[ZOLT TRANSCRIPT]   first_8_bytes={ 00 00 00 00 00 00 00 00 }
[ZOLT TRANSCRIPT]   last_8_bytes={ 00 00 00 00 00 00 00 00 }
[ZOLT TRANSCRIPT]   state_after={ 34 af b7 59 96 fc 9a 25 ... }
[ZOLT TRANSCRIPT] appendBytes: len=32, state_before={ 34 af b7 59 96 fc 9a 25 ... }
[ZOLT TRANSCRIPT]   first_8_bytes={ 0c fd c8 bc 8d 91 08 dd }
[ZOLT TRANSCRIPT]   last_8_bytes={ bd 9a cc 30 bc 32 3a 8a }
[ZOLT TRANSCRIPT]   state_after={ 71 8c 7a 8b 30 10 e4 f5 ... }
[ZOLT TRANSCRIPT] appendBytes: len=32, state_before={ 71 8c 7a 8b 30 10 e4 f5 ... }
[ZOLT TRANSCRIPT]   first_8_bytes={ 29 f7 36 02 4c d4 45 49 }
[ZOLT TRANSCRIPT]   last_8_bytes={ f2 ec fb 35 bd e3 d8 7e }
[ZOLT TRANSCRIPT]   state_after={ ce ab 17 5d 00 f9 78 f4 ... }
[ZOLT TRANSCRIPT] appendBytes: len=32, state_before={ ce ab 17 5d 00 f9 78 f4 ... }
[ZOLT TRANSCRIPT]   first_8_bytes={ 06 2b fb 09 8e a4 65 fe }
[ZOLT TRANSCRIPT]   last_8_bytes={ c0 9a 09 91 9f 20 ed 3a }
[ZOLT TRANSCRIPT]   state_after={ b1 5d 6d e9 44 e0 91 9f ... }
[ZOLT TRANSCRIPT] appendBytes: len=32, state_before={ b1 5d 6d e9 44 e0 91 9f ... }
[ZOLT TRANSCRIPT]   first_8_bytes={ 2c 16 33 14 21 11 2e d0 }
[ZOLT TRANSCRIPT]   last_8_bytes={ 73 4d 37 d8 e2 ba 0a 7f }
[ZOLT TRANSCRIPT]   state_after={ 39 9c b7 65 44 40 9f 93 ... }
[ZOLT TRANSCRIPT] appendBytes: len=32, state_before={ 39 9c b7 65 44 40 9f 93 ... }
[ZOLT TRANSCRIPT]   first_8_bytes={ 14 5d f7 75 f5 c4 52 b7 }
[ZOLT TRANSCRIPT]   last_8_bytes={ e0 c9 9e 38 c8 95 bb bf }
[ZOLT TRANSCRIPT]   state_after={ 50 d4 76 14 fb a6 1c 4c ... }
[ZOLT TRANSCRIPT] appendBytes: len=32, state_before={ 50 d4 76 14 fb a6 1c 4c ... }
[ZOLT TRANSCRIPT]   first_8_bytes={ 02 43 9f c2 29 a8 4d 33 }
[ZOLT TRANSCRIPT]   last_8_bytes={ 61 a8 5a 49 63 38 da 7c }
[ZOLT TRANSCRIPT]   state_after={ b5 99 6c a4 61 3e be 4f ... }
[ZOLT TRANSCRIPT] appendBytes: len=32, state_before={ b5 99 6c a4 61 3e be 4f ... }
[ZOLT TRANSCRIPT]   first_8_bytes={ 20 d7 16 07 4f fb 39 93 }
[ZOLT TRANSCRIPT]   last_8_bytes={ e4 0b e0 85 12 57 74 87 }
[ZOLT TRANSCRIPT]   state_after={ 04 08 de 8f c1 41 c8 94 ... }
[ZOLT TRANSCRIPT] appendBytes: len=32, state_before={ 04 08 de 8f c1 41 c8 94 ... }
[ZOLT TRANSCRIPT]   first_8_bytes={ 21 22 e5 f4 29 f8 4a 19 }
[ZOLT TRANSCRIPT]   last_8_bytes={ 24 9e cf 19 d0 94 ea fc }
[ZOLT TRANSCRIPT]   state_after={ 69 4a f0 05 64 3a 76 88 ... }
[ZOLT TRANSCRIPT] appendBytes: len=32, state_before={ 69 4a f0 05 64 3a 76 88 ... }
[ZOLT TRANSCRIPT]   first_8_bytes={ 12 49 8d 1c fa 2e 9e 3f }
[ZOLT TRANSCRIPT]   last_8_bytes={ d6 92 42 b0 e0 41 99 98 }
[ZOLT TRANSCRIPT]   state_after={ 41 04 14 17 55 c1 9c eb ... }
[ZOLT TRANSCRIPT] appendBytes: len=32, state_before={ 41 04 14 17 55 c1 9c eb ... }
[ZOLT TRANSCRIPT]   first_8_bytes={ 14 aa 06 31 32 f6 4b a8 }
[ZOLT TRANSCRIPT]   last_8_bytes={ e1 87 ad 49 18 ee 21 a7 }
[ZOLT TRANSCRIPT]   state_after={ 26 fc 7e c2 b6 ef 43 6f ... }
[ZOLT TRANSCRIPT] appendBytes: len=32, state_before={ 26 fc 7e c2 b6 ef 43 6f ... }
[ZOLT TRANSCRIPT]   first_8_bytes={ 06 2b fb 09 8e a4 65 fe }
[ZOLT TRANSCRIPT]   last_8_bytes={ c0 9a 09 91 9f 20 ed 3a }
[ZOLT TRANSCRIPT]   state_after={ 85 e0 6c c4 9c 7e 7d 7a ... }
[ZOLT TRANSCRIPT] appendBytes: len=32, state_before={ 85 e0 6c c4 9c 7e 7d 7a ... }
[ZOLT TRANSCRIPT]   first_8_bytes={ 20 d7 16 07 4f fb 39 93 }
[ZOLT TRANSCRIPT]   last_8_bytes={ e4 0b e0 85 12 57 74 87 }
[ZOLT TRANSCRIPT]   state_after={ 34 e7 b4 65 9e 27 35 dc ... }
[ZOLT STAGE3 RESULT] challenges.len = 8
[ZOLT STAGE3 RESULT]   challenge[0] limbs = [0x0000000000000000, 0x0000000000000000, 0xdf61b89ec412124e, 0x1f5924c1dbb4b93a]
[ZOLT STAGE3 RESULT]   challenge[1] limbs = [0x0000000000000000, 0x0000000000000000, 0xce909bccb902dc52, 0x1e6206f2c5d516e3]
[ZOLT STAGE3 RESULT]   challenge[2] limbs = [0x0000000000000000, 0x0000000000000000, 0x075677e0419f6320, 0x05b47c2f32bd4a34]
[ZOLT STAGE3 RESULT]   challenge[3] limbs = [0x0000000000000000, 0x0000000000000000, 0x5de9d70da6eda61f, 0x18e74eb0da04619a]
[ZOLT STAGE3 RESULT]   challenge[4] limbs = [0x0000000000000000, 0x0000000000000000, 0x16f1b27df1b737bd, 0x08bf11664bcf4e7d]
[ZOLT STAGE3 RESULT]   challenge[5] limbs = [0x0000000000000000, 0x0000000000000000, 0xe3bf7aedaac9fe43, 0x1e0d3649a23c6270]
[ZOLT STAGE3 RESULT]   challenge[6] limbs = [0x0000000000000000, 0x0000000000000000, 0xdae0320d39187a5c, 0x048ba184e4c0bc96]
[ZOLT STAGE3 RESULT]   challenge[7] limbs = [0x0000000000000000, 0x0000000000000000, 0x03f01383ad9879b8, 0x1f8996f820e6b2eb]
[ZOLT STAGE3 RESULT] As Jolt Challenge format (reversed to BIG_ENDIAN r_cycle_be):
[ZOLT STAGE3 RESULT]   r_cycle_be[0] = { 00 00 00 00 00 00 00 00 00 00 00 00 00 00 00 00 b8 79 98 ad 83 13 f0 03 eb b2 e6 20 f8 96 89 1f }
[ZOLT STAGE3 RESULT]   r_cycle_be[1] = { 00 00 00 00 00 00 00 00 00 00 00 00 00 00 00 00 5c 7a 18 39 0d 32 e0 da 96 bc c0 e4 84 a1 8b 04 }
[ZOLT STAGE3 RESULT]   r_cycle_be[2] = { 00 00 00 00 00 00 00 00 00 00 00 00 00 00 00 00 43 fe c9 aa ed 7a bf e3 70 62 3c a2 49 36 0d 1e }
[ZOLT STAGE3 RESULT]   r_cycle_be[3] = { 00 00 00 00 00 00 00 00 00 00 00 00 00 00 00 00 bd 37 b7 f1 7d b2 f1 16 7d 4e cf 4b 66 11 bf 08 }
[ZOLT STAGE3 RESULT]   r_cycle_be[4] = { 00 00 00 00 00 00 00 00 00 00 00 00 00 00 00 00 1f a6 ed a6 0d d7 e9 5d 9a 61 04 da b0 4e e7 18 }
[ZOLT STAGE3 RESULT]   r_cycle_be[5] = { 00 00 00 00 00 00 00 00 00 00 00 00 00 00 00 00 20 63 9f 41 e0 77 56 07 34 4a bd 32 2f 7c b4 05 }
[ZOLT STAGE3 RESULT]   r_cycle_be[6] = { 00 00 00 00 00 00 00 00 00 00 00 00 00 00 00 00 52 dc 02 b9 cc 9b 90 ce e3 16 d5 c5 f2 06 62 1e }
[ZOLT STAGE3 RESULT]   r_cycle_be[7] = { 00 00 00 00 00 00 00 00 00 00 00 00 00 00 00 00 4e 12 12 c4 9e b8 61 df 3a b9 b4 db c1 24 59 1f }
[ZOLT STAGE3] challenges BEFORE inserting claims (both forms):
  challenges[0] limbs = [0000000000000000, 0000000000000000, df61b89ec412124e, 1f5924c1dbb4b93a] -> BE = d7a7b4c186710609c28a4b1816f1b1dc
  challenges[1] limbs = [0000000000000000, 0000000000000000, ce909bccb902dc52, 1e6206f2c5d516e3] -> BE = c3fc2aebdaedd68e66b5774e4945d8de
  challenges[2] limbs = [0000000000000000, 0000000000000000, 075677e0419f6320, 05b47c2f32bd4a34] -> BE = e40fb57982ce29471deac3e9167effb0
  challenges[3] limbs = [0000000000000000, 0000000000000000, 5de9d70da6eda61f, 18e74eb0da04619a] -> BE = 8a45e3d1f4743087f6965cb97301b86b
  challenges[4] limbs = [0000000000000000, 0000000000000000, 16f1b27df1b737bd, 08bf11664bcf4e7d] -> BE = 43b911fe956acf0903dcec4dc870773d
  challenges[5] limbs = [0000000000000000, 0000000000000000, e3bf7aedaac9fe43, 1e0d3649a23c6270] -> BE = 533783a02f1d05e42111ce7647fa59c7
  challenges[6] limbs = [0000000000000000, 0000000000000000, dae0320d39187a5c, 048ba184e4c0bc96] -> BE = afefd1e765b8afecfc9b8648d29bd43f
  challenges[7] limbs = [0000000000000000, 0000000000000000, 03f01383ad9879b8, 1f8996f820e6b2eb] -> BE = 7b4181e93984effb0be7d16f0ae5bfce
[ZOLT STAGE3->4] RegistersClaimReduction claims:
[ZOLT STAGE3->4]   rd_write_value = { 167, 33, 238, 24, 73, 173, 135, 225, 41, 69, 162, 197, 157, 184, 0, 95, 7, 239, 179, 137, 17, 62, 161, 170, 168, 75, 246, 50, 49, 6, 170, 20 }
[ZOLT STAGE3->4]   rs1_value = { 58, 237, 32, 159, 145, 9, 154, 192, 189, 103, 205, 43, 6, 242, 191, 0, 206, 247, 118, 46, 212, 254, 202, 104, 254, 101, 164, 142, 9, 251, 43, 6 }
[ZOLT STAGE3->4]   rs2_value = { 135, 116, 87, 18, 133, 224, 11, 228, 108, 115, 146, 117, 57, 100, 147, 182, 147, 150, 92, 92, 247, 55, 230, 199, 147, 57, 251, 79, 7, 22, 215, 32 }
[STAGE4 TRANSCRIPT] State BEFORE gamma challenge:
[STAGE4 TRANSCRIPT]   state = { 34 e7 b4 65 9e 27 35 dc }
[ZOLT TRANSCRIPT] challengeScalarFull: round=459
[ZOLT TRANSCRIPT]   standard_limbs=[0x3a717c758ef6813a, 0xae2d5cfe4703cabe, 0, 0]
[ZOLT TRANSCRIPT]   mont_result=[0x487f832f52f70565, 0xbd4e9f720b2e691a, 0x893d417157342f74, 0x166b86bd68c020fa]
[ZOLT TRANSCRIPT]   canonical_value=0xae2d5cfe4703cabe3a717c758ef6813a
[STAGE4] gamma_full_BE = { 0, 0, 0, 0, 0, 0, 0, 0, 0, 0, 0, 0, 0, 0, 0, 0, 174, 45, 92, 254, 71, 3, 202, 190, 58, 113, 124, 117, 142, 246, 129, 58 }
[STAGE4] gamma (as u128 in low bits) = { 5224038332051686757, 13641015633514490138 }
[STAGE4 TRANSCRIPT] State AFTER gamma challenge:
[STAGE4 TRANSCRIPT]   state = { ae 2d 5c fe 47 03 ca be }
[STAGE5 PREP] Extracting InstructionClaimReduction challenges from Stage 2:
[STAGE5 PREP]   max_stage2_rounds=24, n_cycle_vars=8, instr_start=16
[STAGE5 PREP]   stage2_result.challenges.len=24
[STAGE5 PREP] Stage 2 challenges[16..24] (raw, LE order):
  challenges[16] = dd23db3a8af02e853dca9a14ea6514e5
  challenges[17] = e9ddd20e85f461e0c887e4145e472150
  challenges[18] = cc63d14e191ab8b221ff75c7df2633c3
  challenges[19] = c01c8e938075ec4ff19233dfb6e1caac
  challenges[20] = 68ccffe8d706be0a5db9ee20dc95aeff
  challenges[21] = 3c09a34147a33503ff947a0b5c9bfc19
  challenges[22] = b944793d53702ad50fb95852f7c7979c
  challenges[23] = a270af2a26b8579a3819e34d5f35020d
[STAGE5 PREP] r_reduction_be (from Stage 2 InstructionClaimReduction):
  r_reduction_be[0] limbs = [0000000000000000, 0000000000000000, b000efc0b0898d0d, 0734140b1b8aa484]
  r_reduction_be[0] toBytesBE()[16..32] = a270af2a26b8579a3819e34d5f35020d
  r_reduction_be[1] limbs = [0000000000000000, 0000000000000000, cfcbef6779ff21d7, 068f9372ecc4e2c5]
  r_reduction_be[1] toBytesBE()[16..32] = b944793d53702ad50fb95852f7c7979c
  r_reduction_be[2] limbs = [0000000000000000, 0000000000000000, 28fd44712b90e31b, 092e47b513a67894]
  r_reduction_be[2] toBytesBE()[16..32] = 3c09a34147a33503ff947a0b5c9bfc19
  r_reduction_be[3] limbs = [0000000000000000, 0000000000000000, 5827400e74a9dc91, 0774da611b8fd09c]
  r_reduction_be[3] toBytesBE()[16..32] = 68ccffe8d706be0a5db9ee20dc95aeff
  r_reduction_be[4] limbs = [0000000000000000, 0000000000000000, 237558ff561aad88, 036298931d9f7f01]
  r_reduction_be[4] toBytesBE()[16..32] = c01c8e938075ec4ff19233dfb6e1caac
  r_reduction_be[5] limbs = [0000000000000000, 0000000000000000, e26e304bacd1090c, 1c2459afad9e82b3]
  r_reduction_be[5] toBytesBE()[16..32] = cc63d14e191ab8b221ff75c7df2633c3
  r_reduction_be[6] limbs = [0000000000000000, 0000000000000000, 4ccf8811798987c6, 1bd7d4d888b53663]
  r_reduction_be[6] toBytesBE()[16..32] = e9ddd20e85f461e0c887e4145e472150
  r_reduction_be[7] limbs = [0000000000000000, 0000000000000000, 8edfd6f9ff1e9e41, 03c11aba2e26566d]
  r_reduction_be[7] toBytesBE()[16..32] = dd23db3a8af02e853dca9a14ea6514e5

[PROOF_CONV] ===== STARTING STAGE 4 REGISTER CHECKING =====
[PROOF_CONV] Using Stage4GruenProver for Jolt compatibility
[ZOLT STAGE4] Phase config: phase1=8, phase2=16, phase3_cycle=0, phase3_addr=0
[ZOLT STAGE4] r_address_be computed (first 5):
[ZOLT STAGE4]   r_address_be[0] = { 13, 2, 53, 95, 77, 227, 25, 56 }
[ZOLT STAGE4]   r_address_be[1] = { 156, 151, 199, 247, 82, 88, 185, 15 }
[ZOLT STAGE4]   r_address_be[2] = { 25, 252, 155, 92, 11, 122, 148, 255 }
[ZOLT STAGE4]   r_address_be[3] = { 255, 174, 149, 220, 32, 238, 185, 93 }
[ZOLT STAGE4]   r_address_be[4] = { 172, 202, 225, 182, 223, 51, 146, 241 }
[ZOLT LT DEBUG SETUP] n_cycle_vars = 8, r_cycle_be.len = 8, r_cycle_le.len = 8
[ZOLT LT DEBUG] r_cycle_be[0] = { 118, 202, 103, 155, 160, 103, 201, 92 }
[ZOLT LT DEBUG] r_cycle_be[1] = { 50, 162, 207, 71, 94, 82, 194, 68 }
[ZOLT LT DEBUG] r_cycle_be[6] = { 149, 225, 200, 234, 198, 4, 157, 188 }
[ZOLT LT DEBUG] r_cycle_be[7] = { 164, 190, 209, 92, 83, 48, 187, 126 }
[ZOLT LT DEBUG] r_cycle_le[0] (=be[7]) = { 164, 190, 209, 92, 83, 48, 187, 126 }
[ZOLT LT DEBUG] r_cycle_le[1] (=be[6]) = { 149, 225, 200, 234, 198, 4, 157, 188 }
[ZOLT LT DEBUG] r_cycle_le[6] (=be[1]) = { 50, 162, 207, 71, 94, 82, 194, 68 }
[ZOLT LT DEBUG] r_cycle_le[7] (=be[0]) = { 118, 202, 103, 155, 160, 103, 201, 92 }
[ZOLT STAGE4] Using memory_layout.getLowestAddress() = 0x000000007FFF8000
[COMPUTE_INIT_RAM_EVAL] Computing with log_ram_k=16
[COMPUTE_INIT_RAM_EVAL] r_address_be.len = 16
[COMPUTE_INIT_RAM_EVAL] Full r_address_be array (all 16 elements):
[COMPUTE_INIT_RAM_EVAL]   r_address_be[0] (BE) = { 18, 116, 91, 157, 189, 154, 140, 169, 252, 161, 202, 238, 88, 255, 111, 228, 162, 112, 175, 42, 38, 184, 87, 154, 56, 25, 227, 77, 95, 53, 2, 13 }
[COMPUTE_INIT_RAM_EVAL]   r_address_be[1] (BE) = { 43, 24, 13, 104, 194, 150, 197, 54, 211, 87, 64, 232, 120, 0, 231, 111, 185, 68, 121, 61, 83, 112, 42, 213, 15, 185, 88, 82, 247, 199, 151, 156 }
[COMPUTE_INIT_RAM_EVAL]   r_address_be[2] (BE) = { 41, 147, 223, 242, 252, 118, 105, 249, 174, 37, 206, 103, 64, 195, 191, 249, 60, 9, 163, 65, 71, 163, 53, 3, 255, 148, 122, 11, 92, 155, 252, 25 }
[COMPUTE_INIT_RAM_EVAL]   r_address_be[3] (BE) = { 41, 160, 15, 83, 148, 10, 226, 229, 155, 12, 241, 233, 152, 42, 31, 108, 104, 204, 255, 232, 215, 6, 190, 10, 93, 185, 238, 32, 220, 149, 174, 255 }
[COMPUTE_INIT_RAM_EVAL]   r_address_be[4] (BE) = { 29, 245, 15, 227, 211, 83, 228, 226, 19, 128, 7, 127, 146, 149, 43, 155, 192, 28, 142, 147, 128, 117, 236, 79, 241, 146, 51, 223, 182, 225, 202, 172 }
[COMPUTE_INIT_RAM_EVAL]   r_address_be[5] (BE) = { 29, 138, 170, 141, 89, 99, 74, 118, 244, 139, 218, 5, 225, 178, 17, 143, 204, 99, 209, 78, 25, 26, 184, 178, 33, 255, 117, 199, 223, 38, 51, 195 }
[COMPUTE_INIT_RAM_EVAL]   r_address_be[6] (BE) = { 6, 172, 141, 85, 36, 113, 25, 166, 18, 199, 98, 122, 105, 27, 87, 37, 233, 221, 210, 14, 133, 244, 97, 224, 200, 135, 228, 20, 94, 71, 33, 80 }
[COMPUTE_INIT_RAM_EVAL]   r_address_be[7] (BE) = { 5, 108, 184, 246, 90, 91, 153, 67, 15, 81, 126, 236, 114, 96, 95, 4, 221, 35, 219, 58, 138, 240, 46, 133, 61, 202, 154, 20, 234, 101, 20, 229 }
[COMPUTE_INIT_RAM_EVAL]   r_address_be[8] (BE) = { 4, 197, 250, 163, 198, 116, 242, 29, 231, 57, 76, 214, 114, 23, 237, 108, 12, 101, 175, 151, 213, 222, 115, 181, 143, 92, 60, 120, 223, 123, 159, 74 }
[COMPUTE_INIT_RAM_EVAL]   r_address_be[9] (BE) = { 34, 239, 14, 129, 172, 221, 234, 14, 142, 46, 39, 198, 16, 176, 93, 160, 71, 121, 96, 27, 237, 243, 88, 212, 5, 217, 224, 229, 79, 140, 165, 122 }
[COMPUTE_INIT_RAM_EVAL]   r_address_be[10] (BE) = { 16, 129, 95, 51, 194, 14, 235, 177, 151, 202, 224, 166, 201, 254, 98, 184, 90, 204, 163, 175, 162, 63, 254, 198, 244, 189, 69, 35, 200, 194, 40, 19 }
[COMPUTE_INIT_RAM_EVAL]   r_address_be[11] (BE) = { 30, 179, 106, 158, 140, 20, 207, 63, 193, 168, 199, 109, 192, 216, 158, 64, 249, 104, 146, 96, 44, 214, 91, 206, 154, 139, 166, 185, 193, 156, 238, 232 }
[COMPUTE_INIT_RAM_EVAL]   r_address_be[12] (BE) = { 7, 188, 38, 184, 113, 220, 192, 45, 0, 97, 194, 213, 90, 35, 11, 110, 159, 80, 11, 247, 211, 22, 51, 245, 206, 156, 106, 1, 46, 94, 78, 105 }
[COMPUTE_INIT_RAM_EVAL]   r_address_be[13] (BE) = { 24, 90, 55, 93, 18, 195, 66, 99, 123, 206, 74, 36, 187, 223, 159, 47, 124, 64, 95, 227, 224, 144, 126, 204, 231, 192, 129, 237, 47, 105, 98, 29 }
[COMPUTE_INIT_RAM_EVAL]   r_address_be[14] (BE) = { 35, 20, 150, 219, 9, 252, 106, 36, 241, 110, 210, 62, 121, 118, 185, 149, 116, 178, 24, 65, 33, 60, 79, 29, 136, 53, 42, 193, 125, 183, 218, 99 }
[COMPUTE_INIT_RAM_EVAL]   r_address_be[15] (BE) = { 28, 254, 171, 12, 81, 237, 46, 56, 245, 24, 83, 160, 173, 188, 219, 181, 16, 181, 220, 178, 35, 124, 250, 198, 211, 35, 72, 236, 207, 109, 15, 195 }
[COMPUTE_INIT_RAM_EVAL] initial_ram.count() = 13
[COMPUTE_INIT_RAM_EVAL] start_address = 0x000000007fff8000
[COMPUTE_INIT_RAM_EVAL] Processing initial_ram entries:
[COMPUTE_INIT_RAM_EVAL]   addr=0x0000000080000028, idx=4101, val=1414603315611539, eq_val={ 234, 138, 82, 139, 37, 242, 128, 25 }
[COMPUTE_INIT_RAM_EVAL]   addr=0x0000000080000030, idx=4102, val=64463520629491611, eq_val={ 227, 87, 139, 235, 109, 53, 41, 29 }
[COMPUTE_INIT_RAM_EVAL]   addr=0x0000000080000018, idx=4099, val=5917687589360739, eq_val={ 60, 70, 195, 246, 196, 137, 134, 51 }
[COMPUTE_INIT_RAM_EVAL]   addr=0x0000000080000040, idx=4104, val=40540724587954279, eq_val={ 6, 110, 218, 56, 252, 174, 144, 23 }
[COMPUTE_INIT_RAM_EVAL]   addr=0x0000000080000060, idx=4108, val=141184131897571, eq_val={ 35, 154, 144, 14, 222, 116, 154, 127 }
[COMPUTE_INIT_RAM_EVAL] Processed 13 entries
[COMPUTE_INIT_RAM_EVAL] result = { 96, 196, 38, 24, 19, 33, 182, 235 }
[ZOLT STAGE4 FIX] Computed init_eval_for_val_eval at RWC r_address:
[ZOLT STAGE4 FIX]   init_eval_for_val_eval = { 29, 245, 248, 156, 46, 181, 86, 114, 164, 38, 212, 245, 111, 101, 121, 186, 46, 200, 60, 122, 180, 248, 101, 138, 235, 182, 33, 19, 24, 38, 196, 96 }
[ZOLT STAGE4 FIX] r_address_output_sumcheck from Stage 2 challenges (first 4):
[ZOLT STAGE4 FIX]   r_address_output_sumcheck[0] = { 18, 116, 91, 157, 189, 154, 140, 169, 252, 161, 202, 238, 88, 255, 111, 228, 162, 112, 175, 42, 38, 184, 87, 154, 56, 25, 227, 77, 95, 53, 2, 13 }
[ZOLT STAGE4 FIX]   r_address_output_sumcheck[1] = { 43, 24, 13, 104, 194, 150, 197, 54, 211, 87, 64, 232, 120, 0, 231, 111, 185, 68, 121, 61, 83, 112, 42, 213, 15, 185, 88, 82, 247, 199, 151, 156 }
[ZOLT STAGE4 FIX]   r_address_output_sumcheck[2] = { 41, 147, 223, 242, 252, 118, 105, 249, 174, 37, 206, 103, 64, 195, 191, 249, 60, 9, 163, 65, 71, 163, 53, 3, 255, 148, 122, 11, 92, 155, 252, 25 }
[ZOLT STAGE4 FIX]   r_address_output_sumcheck[3] = { 41, 160, 15, 83, 148, 10, 226, 229, 155, 12, 241, 233, 152, 42, 31, 108, 104, 204, 255, 232, 215, 6, 190, 10, 93, 185, 238, 32, 220, 149, 174, 255 }
[ZOLT STAGE4 FIX] Output sumcheck challenge indices: 8 to 24
[COMPUTE_INIT_RAM_EVAL] Computing with log_ram_k=16
[COMPUTE_INIT_RAM_EVAL] r_address_be.len = 16
[COMPUTE_INIT_RAM_EVAL] Full r_address_be array (all 16 elements):
[COMPUTE_INIT_RAM_EVAL]   r_address_be[0] (BE) = { 18, 116, 91, 157, 189, 154, 140, 169, 252, 161, 202, 238, 88, 255, 111, 228, 162, 112, 175, 42, 38, 184, 87, 154, 56, 25, 227, 77, 95, 53, 2, 13 }
[COMPUTE_INIT_RAM_EVAL]   r_address_be[1] (BE) = { 43, 24, 13, 104, 194, 150, 197, 54, 211, 87, 64, 232, 120, 0, 231, 111, 185, 68, 121, 61, 83, 112, 42, 213, 15, 185, 88, 82, 247, 199, 151, 156 }
[COMPUTE_INIT_RAM_EVAL]   r_address_be[2] (BE) = { 41, 147, 223, 242, 252, 118, 105, 249, 174, 37, 206, 103, 64, 195, 191, 249, 60, 9, 163, 65, 71, 163, 53, 3, 255, 148, 122, 11, 92, 155, 252, 25 }
[COMPUTE_INIT_RAM_EVAL]   r_address_be[3] (BE) = { 41, 160, 15, 83, 148, 10, 226, 229, 155, 12, 241, 233, 152, 42, 31, 108, 104, 204, 255, 232, 215, 6, 190, 10, 93, 185, 238, 32, 220, 149, 174, 255 }
[COMPUTE_INIT_RAM_EVAL]   r_address_be[4] (BE) = { 29, 245, 15, 227, 211, 83, 228, 226, 19, 128, 7, 127, 146, 149, 43, 155, 192, 28, 142, 147, 128, 117, 236, 79, 241, 146, 51, 223, 182, 225, 202, 172 }
[COMPUTE_INIT_RAM_EVAL]   r_address_be[5] (BE) = { 29, 138, 170, 141, 89, 99, 74, 118, 244, 139, 218, 5, 225, 178, 17, 143, 204, 99, 209, 78, 25, 26, 184, 178, 33, 255, 117, 199, 223, 38, 51, 195 }
[COMPUTE_INIT_RAM_EVAL]   r_address_be[6] (BE) = { 6, 172, 141, 85, 36, 113, 25, 166, 18, 199, 98, 122, 105, 27, 87, 37, 233, 221, 210, 14, 133, 244, 97, 224, 200, 135, 228, 20, 94, 71, 33, 80 }
[COMPUTE_INIT_RAM_EVAL]   r_address_be[7] (BE) = { 5, 108, 184, 246, 90, 91, 153, 67, 15, 81, 126, 236, 114, 96, 95, 4, 221, 35, 219, 58, 138, 240, 46, 133, 61, 202, 154, 20, 234, 101, 20, 229 }
[COMPUTE_INIT_RAM_EVAL]   r_address_be[8] (BE) = { 4, 197, 250, 163, 198, 116, 242, 29, 231, 57, 76, 214, 114, 23, 237, 108, 12, 101, 175, 151, 213, 222, 115, 181, 143, 92, 60, 120, 223, 123, 159, 74 }
[COMPUTE_INIT_RAM_EVAL]   r_address_be[9] (BE) = { 34, 239, 14, 129, 172, 221, 234, 14, 142, 46, 39, 198, 16, 176, 93, 160, 71, 121, 96, 27, 237, 243, 88, 212, 5, 217, 224, 229, 79, 140, 165, 122 }
[COMPUTE_INIT_RAM_EVAL]   r_address_be[10] (BE) = { 16, 129, 95, 51, 194, 14, 235, 177, 151, 202, 224, 166, 201, 254, 98, 184, 90, 204, 163, 175, 162, 63, 254, 198, 244, 189, 69, 35, 200, 194, 40, 19 }
[COMPUTE_INIT_RAM_EVAL]   r_address_be[11] (BE) = { 30, 179, 106, 158, 140, 20, 207, 63, 193, 168, 199, 109, 192, 216, 158, 64, 249, 104, 146, 96, 44, 214, 91, 206, 154, 139, 166, 185, 193, 156, 238, 232 }
[COMPUTE_INIT_RAM_EVAL]   r_address_be[12] (BE) = { 7, 188, 38, 184, 113, 220, 192, 45, 0, 97, 194, 213, 90, 35, 11, 110, 159, 80, 11, 247, 211, 22, 51, 245, 206, 156, 106, 1, 46, 94, 78, 105 }
[COMPUTE_INIT_RAM_EVAL]   r_address_be[13] (BE) = { 24, 90, 55, 93, 18, 195, 66, 99, 123, 206, 74, 36, 187, 223, 159, 47, 124, 64, 95, 227, 224, 144, 126, 204, 231, 192, 129, 237, 47, 105, 98, 29 }
[COMPUTE_INIT_RAM_EVAL]   r_address_be[14] (BE) = { 35, 20, 150, 219, 9, 252, 106, 36, 241, 110, 210, 62, 121, 118, 185, 149, 116, 178, 24, 65, 33, 60, 79, 29, 136, 53, 42, 193, 125, 183, 218, 99 }
[COMPUTE_INIT_RAM_EVAL]   r_address_be[15] (BE) = { 28, 254, 171, 12, 81, 237, 46, 56, 245, 24, 83, 160, 173, 188, 219, 181, 16, 181, 220, 178, 35, 124, 250, 198, 211, 35, 72, 236, 207, 109, 15, 195 }
[COMPUTE_INIT_RAM_EVAL] initial_ram.count() = 13
[COMPUTE_INIT_RAM_EVAL] start_address = 0x000000007fff8000
[COMPUTE_INIT_RAM_EVAL] Processing initial_ram entries:
[COMPUTE_INIT_RAM_EVAL]   addr=0x0000000080000028, idx=4101, val=1414603315611539, eq_val={ 234, 138, 82, 139, 37, 242, 128, 25 }
[COMPUTE_INIT_RAM_EVAL]   addr=0x0000000080000030, idx=4102, val=64463520629491611, eq_val={ 227, 87, 139, 235, 109, 53, 41, 29 }
[COMPUTE_INIT_RAM_EVAL]   addr=0x0000000080000018, idx=4099, val=5917687589360739, eq_val={ 60, 70, 195, 246, 196, 137, 134, 51 }
[COMPUTE_INIT_RAM_EVAL]   addr=0x0000000080000040, idx=4104, val=40540724587954279, eq_val={ 6, 110, 218, 56, 252, 174, 144, 23 }
[COMPUTE_INIT_RAM_EVAL]   addr=0x0000000080000060, idx=4108, val=141184131897571, eq_val={ 35, 154, 144, 14, 222, 116, 154, 127 }
[COMPUTE_INIT_RAM_EVAL] Processed 13 entries
[COMPUTE_INIT_RAM_EVAL] result = { 96, 196, 38, 24, 19, 33, 182, 235 }
[ZOLT STAGE4 FIX] Computed init_eval_for_val_final at OutputSumcheck challenges:
[ZOLT STAGE4 FIX]   init_eval_for_val_final = { 29, 245, 248, 156, 46, 181, 86, 114, 164, 38, 212, 245, 111, 101, 121, 186, 46, 200, 60, 122, 180, 248, 101, 138, 235, 182, 33, 19, 24, 38, 196, 96 }
[ZOLT STAGE4 FIX] init_eval_for_val_eval = { 29, 245, 248, 156, 46, 181, 86, 114, 164, 38, 212, 245, 111, 101, 121, 186, 46, 200, 60, 122, 180, 248, 101, 138, 235, 182, 33, 19, 24, 38, 196, 96 }
[ZOLT STAGE4 FIX] init_eval_for_val_final = { 29, 245, 248, 156, 46, 181, 86, 114, 164, 38, 212, 245, 111, 101, 121, 186, 46, 200, 60, 122, 180, 248, 101, 138, 235, 182, 33, 19, 24, 38, 196, 96 }
[ZOLT STAGE4 FIX] output_val_final_claim = { 36, 233, 149, 203, 29, 72, 229, 248, 237, 253, 156, 207, 242, 28, 194, 114, 8, 179, 144, 191, 116, 87, 207, 195, 10, 125, 42, 161, 170, 121, 169, 174 }
[ZOLT STAGE4] rwc_val_claim_BE = { 29, 245, 248, 156, 46, 181, 86, 114, 164, 38, 212, 245, 111, 101, 121, 186, 46, 200, 60, 122, 180, 248, 101, 138, 235, 182, 33, 19, 24, 38, 196, 96 }
[ZOLT STAGE4] init_eval_for_val_eval_BE = { 29, 245, 248, 156, 46, 181, 86, 114, 164, 38, 212, 245, 111, 101, 121, 186, 46, 200, 60, 122, 180, 248, 101, 138, 235, 182, 33, 19, 24, 38, 196, 96 }
[ZOLT STAGE4] output_val_final_claim_BE = { 36, 233, 149, 203, 29, 72, 229, 248, 237, 253, 156, 207, 242, 28, 194, 114, 8, 179, 144, 191, 116, 87, 207, 195, 10, 125, 42, 161, 170, 121, 169, 174 }
[ZOLT STAGE4] init_eval_for_val_final_BE = { 29, 245, 248, 156, 46, 181, 86, 114, 164, 38, 212, 245, 111, 101, 121, 186, 46, 200, 60, 122, 180, 248, 101, 138, 235, 182, 33, 19, 24, 38, 196, 96 }
[IncPolynomial] Processing 1 accesses, trace_len=256, start_address=0x000000007FFF8000, k=65536
[IncPolynomial] Skipping SYNTHETIC write at 0x000000007FFFC008: termination/panic address
[VALEVAL_INIT] r_address from params, len=16 (LE):
  r_address[0] = { 195, 15, 109, 207, 236, 72, 35, 211 }
  r_address[1] = { 99, 218, 183, 125, 193, 42, 53, 136 }
  r_address[2] = { 29, 98, 105, 47, 237, 129, 192, 231 }
  r_address[3] = { 105, 78, 94, 46, 1, 106, 156, 206 }
  r_address[12] = { 255, 174, 149, 220, 32, 238, 185, 93 }
  r_address[13] = { 25, 252, 155, 92, 11, 122, 148, 255 }
  r_address[14] = { 156, 151, 199, 247, 82, 88, 185, 15 }
  r_address[15] = { 13, 2, 53, 95, 77, 227, 25, 56 }
[VALEVAL_INIT] LT polynomial values:
  lt_evals[0] = { 39, 25, 46, 24, 40, 152, 68, 147 }
  lt_evals[1] = { 158, 1, 85, 185, 57, 114, 228, 7 }
  lt_evals[128] = { 184, 133, 49, 199, 76, 133, 166, 161 }
  r_cycle values (from params):
    r_cycle[0] = { 164, 190, 209, 92, 83, 48, 187, 126 }
    r_cycle[1] = { 149, 225, 200, 234, 198, 4, 157, 188 }
    r_cycle[2] = { 226, 218, 211, 182, 131, 36, 103, 185 }
  Verifying LT(0, r_cycle) directly:
    LT(0, r_cycle) direct = { 39, 25, 46, 24, 40, 152, 68, 147 }
    lt_evals[0] = { 39, 25, 46, 24, 40, 152, 68, 147 }
    Match? true
[VALEVAL_INIT] At j=54: inc={ 0, 0, 0, 0, 0, 0, 0, 0 }, wa={ 78, 229, 82, 146, 142, 9, 199, 30 }, lt={ 183, 149, 238, 123, 156, 39, 38, 8 }
[VALEVAL_INIT] n=256, initial_claim={ 0, 0, 0, 0, 0, 0, 0, 0 }
[PROOF_CONVERTER EARLY PROVER] val_eval_prover_early initialized with:
  start_address = 0x000000007FFF8000
  r_cycle_le[0] (passed to prover) = { 164, 190, 209, 92, 83, 48, 187, 126 }
  val_eval_prover_early.lt_evals[0] = { 39, 25, 46, 24, 40, 152, 68, 147 }
[IncPolynomial] Processing 1 accesses, trace_len=256, start_address=0x000000007FFF8000, k=65536
[IncPolynomial] Write at idx=2049, timestamp=54, old_val=0, new_val=1, inc=1
[ZOLT STAGE4] input_claim_val_eval (derived from accumulator): { 0, 0, 0, 0, 0, 0, 0, 0, 0, 0, 0, 0, 0, 0, 0, 0, 0, 0, 0, 0, 0, 0, 0, 0, 0, 0, 0, 0, 0, 0, 0, 0 }
[ZOLT STAGE4] input_claim_val_final (derived from accumulator): { 6, 243, 157, 46, 238, 147, 143, 134, 73, 214, 199, 218, 130, 183, 72, 183, 217, 235, 84, 68, 191, 95, 106, 56, 30, 199, 9, 142, 146, 82, 229, 78 }

[ZOLT STAGE4 CLAIM MISMATCH DEBUG]
  input_claim_val_eval (from accumulator) = { 0, 0, 0, 0, 0, 0, 0, 0, 0, 0, 0, 0, 0, 0, 0, 0, 0, 0, 0, 0, 0, 0, 0, 0, 0, 0, 0, 0, 0, 0, 0, 0 }
  val_eval_prover initial_claim = { 0, 0, 0, 0, 0, 0, 0, 0, 0, 0, 0, 0, 0, 0, 0, 0, 0, 0, 0, 0, 0, 0, 0, 0, 0, 0, 0, 0, 0, 0, 0, 0 }
  Match val_eval? true
  input_claim_val_final (from accumulator) = { 78, 229, 82, 146, 142, 9, 199, 30, 56, 106, 95, 191, 68, 84, 235, 217, 183, 72, 183, 130, 218, 199, 214, 73, 134, 143, 147, 238, 46, 157, 243, 6 }
  val_final_prover initial_claim = { 78, 229, 82, 146, 142, 9, 199, 30, 56, 106, 95, 191, 68, 84, 235, 217, 183, 72, 183, 130, 218, 199, 214, 73, 134, 143, 147, 238, 46, 157, 243, 6 }
  Match val_final? true
  r_address_le passed to prover:
    r_address_le[0] = { 195, 15, 109, 207, 236, 72, 35, 211 }
    r_address_le[1] = { 99, 218, 183, 125, 193, 42, 53, 136 }
    r_address_le[2] = { 29, 98, 105, 47, 237, 129, 192, 231 }
    r_address_le[3] = { 105, 78, 94, 46, 1, 106, 156, 206 }
  r_cycle_le passed to prover:
    r_cycle_le[0] = { 164, 190, 209, 92, 83, 48, 187, 126 }
    r_cycle_le[1] = { 149, 225, 200, 234, 198, 4, 157, 188 }
    r_cycle_le[2] = { 226, 218, 211, 182, 131, 36, 103, 185 }
    r_cycle_le[3] = { 44, 51, 149, 46, 218, 219, 138, 64 }
  RWC used these Stage 2 challenges to compute rwc_val_claim:
    stage2_challenges[0] = { 164, 190, 209, 92, 83, 48, 187, 126 }
    stage2_challenges[1] = { 149, 225, 200, 234, 198, 4, 157, 188 }
    stage2_challenges[2] = { 226, 218, 211, 182, 131, 36, 103, 185 }
    stage2_challenges[3] = { 44, 51, 149, 46, 218, 219, 138, 64 }
[STAGE4 TRANSCRIPT] State BEFORE input claims:
[STAGE4 TRANSCRIPT]   state = { ae 2d 5c fe 47 03 ca be }
[ZOLT TRANSCRIPT] appendBytes: len=32, state_before={ ae 2d 5c fe 47 03 ca be ... }
[ZOLT TRANSCRIPT]   first_8_bytes={ 2f 57 b4 c2 15 7d 0c b9 }
[ZOLT TRANSCRIPT]   last_8_bytes={ 4d e5 e1 63 a5 fb a9 e6 }
[ZOLT TRANSCRIPT]   state_after={ 5f 34 d6 7d ac df b8 6e ... }
[ZOLT TRANSCRIPT] appendBytes: len=32, state_before={ 5f 34 d6 7d ac df b8 6e ... }
[ZOLT TRANSCRIPT]   first_8_bytes={ 00 00 00 00 00 00 00 00 }
[ZOLT TRANSCRIPT]   last_8_bytes={ 00 00 00 00 00 00 00 00 }
[ZOLT TRANSCRIPT]   state_after={ bd 7b 8f 41 a1 46 0c d2 ... }
[ZOLT TRANSCRIPT] appendBytes: len=32, state_before={ bd 7b 8f 41 a1 46 0c d2 ... }
[ZOLT TRANSCRIPT]   first_8_bytes={ 06 f3 9d 2e ee 93 8f 86 }
[ZOLT TRANSCRIPT]   last_8_bytes={ 1e c7 09 8e 92 52 e5 4e }
[ZOLT TRANSCRIPT]   state_after={ 8f 6f 5b a9 33 40 b8 2b ... }
[STAGE4 TRANSCRIPT] State AFTER input claims (BEFORE batch coeffs):
[STAGE4 TRANSCRIPT]   state = { 8f 6f 5b a9 33 40 b8 2b }
[ZOLT TRANSCRIPT] challengeScalarFull: round=463
[ZOLT TRANSCRIPT]   standard_limbs=[0x8c83cb912021dd53, 0x285dcccb208852d1, 0, 0]
[ZOLT TRANSCRIPT]   mont_result=[0x8bc4f9472bb9443, 0x9156e9f3e6715376, 0x69212c7e5cba8eeb, 0x7961a3fb6622c51]
[ZOLT TRANSCRIPT]   canonical_value=0x285dcccb208852d18c83cb912021dd53
[ZOLT TRANSCRIPT] challengeScalarFull: round=464
[ZOLT TRANSCRIPT]   standard_limbs=[0x8fcac8689c2d5104, 0xa9c48f1675a9792, 0, 0]
[ZOLT TRANSCRIPT]   mont_result=[0x746d45f4ad39a932, 0xc79ec6843c02b016, 0x9faf506ae45ba4e7, 0x29728088e8c244cf]
[ZOLT TRANSCRIPT]   canonical_value=0xa9c48f1675a97928fcac8689c2d5104
[ZOLT TRANSCRIPT] challengeScalarFull: round=465
[ZOLT TRANSCRIPT]   standard_limbs=[0xf44fc582bfcdf0aa, 0x82fbfdfcbd57a69b, 0, 0]
[ZOLT TRANSCRIPT]   mont_result=[0x4e113fa90f98aee7, 0xf337e33f7eec30cf, 0x77d95286fb016c1b, 0x1daa6296a73ab70e]
[ZOLT TRANSCRIPT]   canonical_value=0x82fbfdfcbd57a69bf44fc582bfcdf0aa
[ZOLT STAGE4] input_claim_registers_BE = { 47, 87, 180, 194, 21, 125, 12, 185, 196, 72, 78, 208, 159, 106, 99, 244, 217, 199, 160, 0, 215, 201, 206, 84, 77, 229, 225, 99, 165, 251, 169, 230 }
[ZOLT STAGE4] input_claim_val_eval_BE = { 0, 0, 0, 0, 0, 0, 0, 0, 0, 0, 0, 0, 0, 0, 0, 0, 0, 0, 0, 0, 0, 0, 0, 0, 0, 0, 0, 0, 0, 0, 0, 0 }
[ZOLT STAGE4] input_claim_val_final_BE = { 6, 243, 157, 46, 238, 147, 143, 134, 73, 214, 199, 218, 130, 183, 72, 183, 217, 235, 84, 68, 191, 95, 106, 56, 30, 199, 9, 142, 146, 82, 229, 78 }
[ZOLT STAGE4] batching_coeff[0]_BE = { 0, 0, 0, 0, 0, 0, 0, 0, 0, 0, 0, 0, 0, 0, 0, 0, 40, 93, 204, 203, 32, 136, 82, 209, 140, 131, 203, 145, 32, 33, 221, 83 }
[ZOLT STAGE4] batching_coeff[0]_limbs = lo=629465546923676739, hi=10472815217249178486
[ZOLT STAGE4] batching_coeff[1]_BE = { 0, 0, 0, 0, 0, 0, 0, 0, 0, 0, 0, 0, 0, 0, 0, 0, 10, 156, 72, 241, 103, 90, 151, 146, 143, 202, 200, 104, 156, 45, 81, 4 }
[ZOLT STAGE4] batching_coeff[2]_BE = { 0, 0, 0, 0, 0, 0, 0, 0, 0, 0, 0, 0, 0, 0, 0, 0, 130, 251, 253, 252, 189, 87, 166, 155, 244, 79, 197, 130, 191, 205, 240, 170 }

[STAGE4_GRUEN_INIT] r_cycle_be (should match Jolt's params.r_cycle):
[STAGE4_GRUEN_INIT]   r_cycle_be[0] = { 00 00 00 00 00 00 00 00 00 00 00 00 00 00 00 00 b8 79 98 ad 83 13 f0 03 eb b2 e6 20 f8 96 89 1f }
[STAGE4_GRUEN_INIT]   r_cycle_be[1] = { 00 00 00 00 00 00 00 00 00 00 00 00 00 00 00 00 5c 7a 18 39 0d 32 e0 da 96 bc c0 e4 84 a1 8b 04 }
[STAGE4_GRUEN_INIT]   r_cycle_be[2] = { 00 00 00 00 00 00 00 00 00 00 00 00 00 00 00 00 43 fe c9 aa ed 7a bf e3 70 62 3c a2 49 36 0d 1e }
[STAGE4_GRUEN_INIT]   r_cycle_be[3] = { 00 00 00 00 00 00 00 00 00 00 00 00 00 00 00 00 bd 37 b7 f1 7d b2 f1 16 7d 4e cf 4b 66 11 bf 08 }
[STAGE4_GRUEN_INIT]   r_cycle_be[4] = { 00 00 00 00 00 00 00 00 00 00 00 00 00 00 00 00 1f a6 ed a6 0d d7 e9 5d 9a 61 04 da b0 4e e7 18 }
[STAGE4_GRUEN_INIT]   r_cycle_be[5] = { 00 00 00 00 00 00 00 00 00 00 00 00 00 00 00 00 20 63 9f 41 e0 77 56 07 34 4a bd 32 2f 7c b4 05 }
[STAGE4_GRUEN_INIT]   r_cycle_be[6] = { 00 00 00 00 00 00 00 00 00 00 00 00 00 00 00 00 52 dc 02 b9 cc 9b 90 ce e3 16 d5 c5 f2 06 62 1e }
[STAGE4_GRUEN_INIT]   r_cycle_be[7] = { 00 00 00 00 00 00 00 00 00 00 00 00 00 00 00 00 4e 12 12 c4 9e b8 61 df 3a b9 b4 db c1 24 59 1f }

[STAGE4_GRUEN_INIT] GruenSplitEqPolynomial structure:
[STAGE4_GRUEN_INIT]   n=8, m=4
[STAGE4_GRUEN_INIT]   w_out = r_cycle_be[0..4] (indices 0..3)
[STAGE4_GRUEN_INIT]   w_in = r_cycle_be[4..7]
[STAGE4_GRUEN_INIT]   w_last = r_cycle_be[7]
[STAGE4_GRUEN_INIT]   E_out.len=16, E_in.len=8
[STAGE4_GRUEN_INIT]   E_out[0..min(4, len)]:
[STAGE4_GRUEN_INIT]     E_out[0] = { 33, 197, 175, 8, 119, 195, 255, 76, 31, 217, 6, 46, 218, 111, 16, 17, 188, 183, 155, 142, 197, 175, 119, 36, 26, 109, 5, 195, 53, 26, 243, 44 }
[STAGE4_GRUEN_INIT]     E_out[1] = { 51, 168, 178, 222, 72, 24, 93, 40, 128, 42, 195, 97, 43, 207, 255, 216, 232, 45, 181, 175, 189, 238, 15, 223, 177, 230, 101, 33, 139, 35, 92, 21 }
[STAGE4_GRUEN_INIT]     E_out[2] = { 120, 185, 255, 111, 210, 116, 55, 77, 13, 177, 15, 163, 223, 112, 241, 252, 163, 154, 210, 132, 158, 178, 155, 5, 111, 165, 122, 29, 30, 95, 185, 4 }
[STAGE4_GRUEN_INIT]     E_out[3] = { 234, 204, 183, 234, 226, 225, 211, 247, 175, 103, 195, 20, 69, 150, 60, 177, 225, 84, 141, 121, 143, 133, 116, 44, 181, 222, 39, 0, 17, 244, 238, 45 }
[STAGE4_GRUEN_INIT]   E_in[0..min(4, len)]:
[STAGE4_GRUEN_INIT]     E_in[0] = { 178, 121, 206, 34, 200, 253, 190, 96, 173, 177, 86, 46, 56, 172, 210, 161, 169, 158, 178, 135, 29, 103, 185, 247, 126, 11, 186, 137, 244, 244, 210, 6 }
[STAGE4_GRUEN_INIT]     E_in[1] = { 6, 217, 66, 30, 126, 40, 15, 165, 228, 233, 169, 19, 59, 13, 228, 83, 213, 103, 180, 106, 73, 173, 51, 42, 107, 181, 240, 243, 198, 140, 162, 0 }
[STAGE4_GRUEN_INIT]     E_in[2] = { 181, 239, 255, 29, 172, 0, 233, 135, 94, 138, 73, 148, 232, 52, 171, 162, 221, 66, 223, 141, 6, 58, 19, 72, 98, 151, 159, 181, 180, 13, 194, 30 }
[STAGE4_GRUEN_INIT]     E_in[3] = { 43, 5, 237, 13, 124, 103, 118, 3, 170, 138, 180, 40, 99, 254, 191, 45, 120, 38, 42, 51, 139, 253, 96, 177, 126, 79, 104, 205, 217, 50, 146, 20 }
[STAGE4_GRUEN_INIT]   current_scalar = { 1, 0, 0, 0, 0, 0, 0, 0, 0, 0, 0, 0, 0, 0, 0, 0, 0, 0, 0, 0, 0, 0, 0, 0, 0, 0, 0, 0, 0, 0, 0, 0 }
[STAGE4_GRUEN_INIT]   current_w (w_last) = { 220, 177, 241, 22, 24, 75, 138, 194, 9, 6, 113, 134, 193, 180, 167, 215, 46, 81, 196, 104, 134, 116, 174, 8, 201, 0, 3, 91, 36, 33, 206, 45 }
[STAGE4 INIT] T=256, K=128, gamma={ 58, 129, 246, 142, 117, 124, 113, 58 }
[STAGE4 INIT] First 4 entries for register k=2 (j=0..3):
  j=0: val={ 0, 0, 0, 0, 0, 0, 0, 0 }, ra={ 0, 0, 0, 0, 0, 0, 0, 0 }, wa={ 1, 0, 0, 0, 0, 0, 0, 0 }
  j=1: val={ 0, 128, 0, 0, 0, 0, 0, 0 }, ra={ 58, 129, 246, 142, 117, 124, 113, 58 }, wa={ 1, 0, 0, 0, 0, 0, 0, 0 }
  j=2: val={ 1, 128, 0, 0, 0, 0, 0, 0 }, ra={ 58, 129, 246, 142, 117, 124, 113, 58 }, wa={ 1, 0, 0, 0, 0, 0, 0, 0 }
  j=3: val={ 0, 0, 1, 128, 0, 0, 0, 0 }, ra={ 0, 0, 0, 0, 0, 0, 0, 0 }, wa={ 0, 0, 0, 0, 0, 0, 0, 0 }
[STAGE4 INIT] inc_poly first 4: { 0, 128, 0, 0, 0, 0, 0, 0 } { 1, 0, 0, 0, 0, 0, 0, 0 } { 255, 127, 0, 128, 0, 0, 0, 0 } { 16, 0, 0, 128, 0, 0, 0, 0 } 
[STAGE4 INIT] Phase config: phase1=8, phase2=7, phase3_cycle=0
[ZOLT STAGE4] Instance 0 scale_power=0, scaled = { 47, 87, 180, 194, 21, 125, 12, 185, 196, 72, 78, 208, 159, 106, 99, 244, 217, 199, 160, 0, 215, 201, 206, 84, 77, 229, 225, 99, 165, 251, 169, 230 }
[ZOLT STAGE4] Instance 0 weighted contribution (LE) = { 2, 164, 165, 141, 42, 48, 75, 125, 151, 99, 190, 165, 143, 212, 172, 214, 130, 69, 167, 254, 117, 208, 98, 5, 119, 111, 70, 6, 137, 22, 148, 39 }
[ZOLT STAGE4] Instance 1 scale_power=7, scaled = { 0, 0, 0, 0, 0, 0, 0, 0, 0, 0, 0, 0, 0, 0, 0, 0, 0, 0, 0, 0, 0, 0, 0, 0, 0, 0, 0, 0, 0, 0, 0, 0 }
[ZOLT STAGE4] Instance 1 weighted contribution (LE) = { 0, 0, 0, 0, 0, 0, 0, 0, 0, 0, 0, 0, 0, 0, 0, 0, 0, 0, 0, 0, 0, 0, 0, 0, 0, 0, 0, 0, 0, 0, 0, 0 }
[ZOLT STAGE4] Instance 2 scale_power=7, scaled = { 18, 193, 19, 99, 116, 74, 128, 53, 245, 191, 6, 108, 64, 140, 37, 96, 34, 3, 205, 71, 32, 171, 49, 216, 157, 161, 130, 226, 73, 114, 166, 238 }
[ZOLT STAGE4] Instance 2 weighted contribution (LE) = { 104, 147, 237, 226, 42, 187, 249, 109, 30, 33, 105, 78, 220, 121, 175, 11, 186, 150, 96, 64, 22, 25, 125, 122, 125, 23, 201, 29, 194, 129, 164, 18 }
[ZOLT STAGE4] Initial batched_claim (LE) = { 105, 55, 147, 128, 193, 245, 98, 167, 36, 20, 110, 122, 35, 102, 40, 186, 223, 131, 134, 189, 213, 163, 143, 199, 202, 230, 221, 66, 216, 73, 212, 9 }
[ZOLT STAGE4] Initial batched_claim (BE) = { 9, 212, 73, 216, 66, 221, 230, 202, 199, 143, 163, 213, 189, 134, 131, 223, 186, 40, 102, 35, 122, 110, 20, 36, 167, 98, 245, 193, 128, 147, 55, 105 }
[ZOLT STAGE4] rounds: regs=15, val_eval=8, val_final=8, max=15
[STAGE4] Round 0 -> Phase 1 (cycle via Gruen)
[GRUEN_DEBUG] Phase 1: current_T=256, T=256, current_scalar={ 1, 0, 0, 0, 0, 0, 0, 0 }
[GRUEN_DEBUG]   current_index=8, w[7]={ 220, 177, 241, 22, 24, 75, 138, 194 }
[GRUEN_DEBUG]   E_in.len=8, E_out.len=16, num_x_in_bits=3
[GRUEN_DEBUG]   E_out[0]={ 33, 197, 175, 8, 119, 195, 255, 76 }
[GRUEN_DEBUG]   E_in[0]={ 178, 121, 206, 34, 200, 253, 190, 96 }
[STAGE4_CONTRIB #1 i=0, k=2] j_pair=(0,1): idx_even=512, idx_odd=513
[STAGE4_CONTRIB]   EVEN: ra={ 0, 0, 0, 0, 0, 0, 0, 0 }, wa={ 1, 0, 0, 0, 0, 0, 0, 0 }, val={ 0, 0, 0, 0, 0, 0, 0, 0 }
[STAGE4_CONTRIB]   ODD:  ra={ 58, 129, 246, 142, 117, 124, 113, 58 }, wa={ 1, 0, 0, 0, 0, 0, 0, 0 }, val={ 0, 128, 0, 0, 0, 0, 0, 0 }
[STAGE4_CONTRIB]   SLOPE: ra={ 58, 129, 246, 142, 117, 124, 113, 58 }, wa={ 0, 0, 0, 0, 0, 0, 0, 0 }, val={ 0, 128, 0, 0, 0, 0, 0, 0 }
[STAGE4_CONTRIB]   inc_0={ 0, 128, 0, 0, 0, 0, 0, 0 }, inc_slope={ 2, 128, 255, 239, 147, 245, 225, 67 }
[STAGE4_CONTRIB]   c_0={ 0, 128, 0, 0, 0, 0, 0, 0 }, c_X2={ 0, 0, 157, 64, 123, 199, 58, 190 }, E_combined={ 129, 241, 182, 236, 219, 8, 192, 132 }
[STAGE4_CONTRIB]   x_out=0, x_in=0, E_out={ 33, 197, 175, 8, 119, 195, 255, 76 }, E_in={ 178, 121, 206, 34, 200, 253, 190, 96 }
[STAGE4_PAIR0] k=2: ra_even={ 0, 0, 0, 0, 0, 0, 0, 0 }, wa_even={ 1, 0, 0, 0, 0, 0, 0, 0 }, val_even={ 0, 0, 0, 0, 0, 0, 0, 0 }
[STAGE4_PAIR0]   ra_odd={ 58, 129, 246, 142, 117, 124, 113, 58 }, wa_odd={ 1, 0, 0, 0, 0, 0, 0, 0 }, val_odd={ 0, 128, 0, 0, 0, 0, 0, 0 }
[STAGE4_PAIR0]   c_0={ 0, 128, 0, 0, 0, 0, 0, 0 }, c_X2={ 0, 0, 157, 64, 123, 199, 58, 190 }
[ZOLT ACCUM] contrib #1: E_combined*c_0={ 49, 3, 192, 104, 124, 187, 196, 173, 8, 224, 9, 89, 246, 92, 222, 101 }
[ZOLT ACCUM] q_0 (after)={ 49, 3, 192, 104, 124, 187, 196, 173, 8, 224, 9, 89, 246, 92, 222, 101 }
[ZOLT ACCUM] contrib #1: E_combined*c_X2={ 183, 91, 220, 200, 11, 133, 228, 128, 118, 192, 87, 54, 63, 76, 191, 101 }
[ZOLT ACCUM] q_X2 (after)={ 183, 91, 220, 200, 11, 133, 228, 128, 118, 192, 87, 54, 63, 76, 191, 101 }
[STAGE4_CONTRIB #2 i=1, k=1] j_pair=(2,3): idx_even=258, idx_odd=259
[STAGE4_CONTRIB]   EVEN: ra={ 0, 0, 0, 0, 0, 0, 0, 0 }, wa={ 0, 0, 0, 0, 0, 0, 0, 0 }, val={ 0, 0, 0, 0, 0, 0, 0, 0 }
[STAGE4_CONTRIB]   ODD:  ra={ 0, 0, 0, 0, 0, 0, 0, 0 }, wa={ 1, 0, 0, 0, 0, 0, 0, 0 }, val={ 0, 0, 0, 0, 0, 0, 0, 0 }
[STAGE4_CONTRIB]   SLOPE: ra={ 0, 0, 0, 0, 0, 0, 0, 0 }, wa={ 1, 0, 0, 0, 0, 0, 0, 0 }, val={ 0, 0, 0, 0, 0, 0, 0, 0 }
[STAGE4_CONTRIB]   inc_0={ 255, 127, 0, 128, 0, 0, 0, 0 }, inc_slope={ 18, 128, 255, 239, 147, 245, 225, 67 }
[STAGE4_CONTRIB]   c_0={ 0, 0, 0, 0, 0, 0, 0, 0 }, c_X2={ 18, 128, 255, 239, 147, 245, 225, 67 }, E_combined={ 94, 20, 91, 200, 152, 149, 48, 205 }
[STAGE4_CONTRIB]   x_out=0, x_in=1, E_out={ 33, 197, 175, 8, 119, 195, 255, 76 }, E_in={ 6, 217, 66, 30, 126, 40, 15, 165 }
[ZOLT ACCUM] contrib #2: E_combined*c_0={ 0, 0, 0, 0, 0, 0, 0, 0, 0, 0, 0, 0, 0, 0, 0, 0 }
[ZOLT ACCUM] q_0 (after)={ 49, 3, 192, 104, 124, 187, 196, 173, 8, 224, 9, 89, 246, 92, 222, 101 }
[ZOLT ACCUM] contrib #2: E_combined*c_X2={ 255, 179, 221, 179, 239, 29, 40, 17, 250, 222, 145, 34, 100, 94, 105, 16 }
[ZOLT ACCUM] q_X2 (after)={ 182, 15, 186, 124, 251, 162, 12, 146, 112, 159, 233, 88, 163, 170, 40, 118 }
[STAGE4_CONTRIB #3 i=1, k=2] j_pair=(2,3): idx_even=514, idx_odd=515
[STAGE4_CONTRIB]   EVEN: ra={ 58, 129, 246, 142, 117, 124, 113, 58 }, wa={ 1, 0, 0, 0, 0, 0, 0, 0 }, val={ 1, 128, 0, 0, 0, 0, 0, 0 }
[STAGE4_CONTRIB]   ODD:  ra={ 0, 0, 0, 0, 0, 0, 0, 0 }, wa={ 0, 0, 0, 0, 0, 0, 0, 0 }, val={ 0, 0, 1, 128, 0, 0, 0, 0 }
[STAGE4_CONTRIB]   SLOPE: ra={ 199, 126, 9, 97, 30, 121, 112, 9 }, wa={ 0, 0, 0, 240, 147, 245, 225, 67 }, val={ 255, 127, 0, 128, 0, 0, 0, 0 }
[STAGE4_CONTRIB]   inc_0={ 255, 127, 0, 128, 0, 0, 0, 0 }, inc_slope={ 18, 128, 255, 239, 147, 245, 225, 67 }
[STAGE4_CONTRIB]   c_0={ 58, 129, 148, 79, 241, 67, 172, 248 }, c_X2={ 43, 129, 89, 190, 240, 105, 157, 248 }, E_combined={ 94, 20, 91, 200, 152, 149, 48, 205 }
[STAGE4_CONTRIB]   x_out=0, x_in=1, E_out={ 33, 197, 175, 8, 119, 195, 255, 76 }, E_in={ 6, 217, 66, 30, 126, 40, 15, 165 }
[ZOLT ACCUM] contrib #3: E_combined*c_0={ 215, 116, 92, 119, 81, 205, 28, 236, 212, 153, 77, 132, 234, 145, 60, 109 }
[ZOLT ACCUM] q_0 (after)={ 8, 120, 28, 224, 205, 136, 225, 153, 221, 121, 87, 221, 224, 238, 26, 211 }
[ZOLT ACCUM] contrib #3: E_combined*c_X2={ 228, 111, 24, 2, 54, 16, 251, 122, 124, 217, 162, 85, 174, 163, 50, 66 }
[ZOLT ACCUM] q_X2 (after)={ 153, 127, 210, 142, 157, 189, 37, 201, 91, 8, 211, 52, 9, 102, 39, 144 }
[STAGE4_CONTRIB #4 i=2, k=10] j_pair=(4,5): idx_even=2564, idx_odd=2565
[STAGE4_CONTRIB]   EVEN: ra={ 0, 0, 0, 0, 0, 0, 0, 0 }, wa={ 0, 0, 0, 0, 0, 0, 0, 0 }, val={ 0, 0, 0, 0, 0, 0, 0, 0 }
[STAGE4_CONTRIB]   ODD:  ra={ 0, 0, 0, 0, 0, 0, 0, 0 }, wa={ 1, 0, 0, 0, 0, 0, 0, 0 }, val={ 0, 0, 0, 0, 0, 0, 0, 0 }
[STAGE4_CONTRIB]   SLOPE: ra={ 0, 0, 0, 0, 0, 0, 0, 0 }, wa={ 1, 0, 0, 0, 0, 0, 0, 0 }, val={ 0, 0, 0, 0, 0, 0, 0, 0 }
[STAGE4_CONTRIB]   inc_0={ 9, 0, 0, 0, 0, 0, 0, 0 }, inc_slope={ 249, 255, 255, 239, 147, 245, 225, 67 }
[STAGE4_CONTRIB]   c_0={ 0, 0, 0, 0, 0, 0, 0, 0 }, c_X2={ 249, 255, 255, 239, 147, 245, 225, 67 }, E_combined={ 206, 174, 252, 13, 3, 194, 1, 67 }
[STAGE4_CONTRIB]   x_out=0, x_in=2, E_out={ 33, 197, 175, 8, 119, 195, 255, 76 }, E_in={ 181, 239, 255, 29, 172, 0, 233, 135 }
[STAGE4_CONTRIB #5 i=2, k=15] j_pair=(4,5): idx_even=3844, idx_odd=3845
[STAGE4_CONTRIB]   EVEN: ra={ 0, 0, 0, 0, 0, 0, 0, 0 }, wa={ 1, 0, 0, 0, 0, 0, 0, 0 }, val={ 0, 0, 0, 0, 0, 0, 0, 0 }
[STAGE4_CONTRIB]   ODD:  ra={ 0, 0, 0, 0, 0, 0, 0, 0 }, wa={ 0, 0, 0, 0, 0, 0, 0, 0 }, val={ 9, 0, 0, 0, 0, 0, 0, 0 }
[STAGE4_CONTRIB]   SLOPE: ra={ 0, 0, 0, 0, 0, 0, 0, 0 }, wa={ 0, 0, 0, 240, 147, 245, 225, 67 }, val={ 9, 0, 0, 0, 0, 0, 0, 0 }
[STAGE4_CONTRIB]   inc_0={ 9, 0, 0, 0, 0, 0, 0, 0 }, inc_slope={ 249, 255, 255, 239, 147, 245, 225, 67 }
[STAGE4_CONTRIB]   c_0={ 9, 0, 0, 0, 0, 0, 0, 0 }, c_X2={ 0, 0, 0, 240, 147, 245, 225, 67 }, E_combined={ 206, 174, 252, 13, 3, 194, 1, 67 }
[STAGE4_CONTRIB]   x_out=0, x_in=2, E_out={ 33, 197, 175, 8, 119, 195, 255, 76 }, E_in={ 181, 239, 255, 29, 172, 0, 233, 135 }
[ZOLT PHASE1 q_0] = { 200, 205, 1, 166, 71, 82, 91, 168, 35, 12, 186, 55, 38, 148, 38, 38, 59, 100, 120, 228, 44, 79, 26, 49, 102, 165, 32, 231, 108, 133, 60, 48 }
[ZOLT PHASE1 q_X2] = { 151, 241, 244, 183, 214, 8, 68, 36, 91, 69, 64, 236, 10, 102, 206, 93, 16, 252, 104, 172, 10, 254, 203, 155, 62, 210, 101, 213, 229, 166, 104, 6 }
[ZOLT PHASE1 previous_claim] = { 230, 169, 251, 165, 99, 225, 229, 77, 84, 206, 201, 215, 0, 160, 199, 217, 244, 99, 106, 159, 208, 78, 72, 196, 185, 12, 125, 21, 194, 180, 87, 47 }
[ZOLT PHASE1] Round completed, current_T=256, half_T=128
[ZOLT PHASE1] Before gruenPolyDeg3: current_index=8, w.len=8
[ZOLT gruenPolyDeg3] eq_eval_0={ 38, 78, 14, 217, 123, 170, 87, 129 }
[ZOLT gruenPolyDeg3] eq_eval_1={ 220, 177, 241, 22, 24, 75, 138, 194 }
[ZOLT gruenPolyDeg3] q_constant={ 200, 205, 1, 166, 71, 82, 91, 168 }
[ZOLT gruenPolyDeg3] q_quadratic_coeff={ 151, 241, 244, 183, 214, 8, 68, 36 }
[ZOLT PHASE1 COEFFS] c0={ 245, 41, 30, 86, 155, 147, 129, 47, 176, 2, 227, 16, 59, 211, 155, 225, 96, 42, 41, 211, 142, 154, 114, 18, 5, 75, 39, 132, 61, 156, 60, 48 }
[ZOLT PHASE1 COEFFS] c1={ 151, 247, 110, 166, 54, 62, 211, 163, 23, 186, 32, 13, 59, 204, 23, 75, 22, 177, 73, 57, 124, 118, 33, 206, 120, 254, 236, 117, 62, 17, 204, 18 }
[ZOLT PHASE1 COEFFS] c2={ 237, 159, 17, 196, 179, 148, 81, 254, 5, 41, 194, 118, 98, 31, 245, 232, 55, 25, 142, 119, 126, 180, 71, 201, 11, 164, 4, 59, 158, 196, 212, 7 }
[ZOLT PHASE1 COEFFS] c3={ 122, 190, 62, 111, 106, 210, 129, 212, 248, 198, 147, 37, 126, 222, 234, 50, 159, 245, 66, 75, 37, 122, 154, 120, 126, 20, 160, 30, 80, 67, 6, 21 }
[PROOF_CONV STAGE4] Round 0 inputs:
[PROOF_CONV STAGE4]   regs_current_claim = { 230, 169, 251, 165, 99, 225, 229, 77, 84, 206, 201, 215, 0, 160, 199, 217, 244, 99, 106, 159, 208, 78, 72, 196, 185, 12, 125, 21, 194, 180, 87, 47 }
[PROOF_CONV STAGE4] Round 0 regs_evals:
[PROOF_CONV STAGE4]   regs_evals[0] = { 245, 41, 30, 86, 155, 147, 129, 47, 176, 2, 227, 16, 59, 211, 155, 225, 96, 42, 41, 211, 142, 154, 114, 18, 5, 75, 39, 132, 61, 156, 60, 48 }
[PROOF_CONV STAGE4]   regs_evals[1] = { 242, 127, 221, 63, 92, 67, 70, 98, 53, 60, 160, 64, 14, 181, 95, 32, 241, 145, 194, 77, 248, 249, 37, 106, 222, 97, 135, 114, 247, 102, 127, 47 }
[PROOF_CONV STAGE4]   regs_evals[2] = { 162, 140, 56, 125, 71, 42, 19, 193, 231, 31, 44, 210, 193, 83, 243, 233, 148, 228, 133, 246, 26, 206, 22, 255, 72, 91, 28, 235, 117, 99, 100, 43 }
[PROOF_CONV STAGE4]   regs_evals[3] = { 222, 198, 167, 217, 31, 86, 77, 123, 232, 5, 209, 57, 113, 45, 60, 247, 239, 218, 128, 12, 179, 34, 243, 123, 190, 209, 17, 2, 65, 58, 228, 16 }
[PROOF_CONV STAGE4]   p(0)+p(1) = { 230, 169, 251, 165, 99, 225, 229, 77, 84, 206, 201, 215, 0, 160, 199, 217, 244, 99, 106, 159, 208, 78, 72, 196, 185, 12, 125, 21, 194, 180, 87, 47 }
[PROOF_CONV STAGE4]   should equal regs_current_claim? true
[ZOLT STAGE4] Round 0: c0 = { 0, 168, 8, 71, 250, 24, 136, 193, 124, 194, 1, 77, 111, 229, 142, 44 }
[ZOLT STAGE4] Round 0: c2 (actual) = { 4, 189, 12, 40, 89, 77, 42, 112, 99, 233, 68, 165, 191, 36, 39, 65 }
[ZOLT STAGE4] Round 0: c3 = { 31, 217, 164, 243, 197, 95, 42, 43, 252, 112, 95, 185, 230, 149, 210, 28 }
[ZOLT STAGE4] Round 0: batched_claim = { 9, 212, 73, 216, 66, 221, 230, 202, 199, 143, 163, 213, 189, 134, 131, 223 }
[ZOLT STAGE4 TRANSCRIPT] Round 0 coefficients (LE bytes stored in proof):
[ZOLT STAGE4 TRANSCRIPT]   coeffs[0] = c0 (32 bytes) = { 236, 104, 111, 216, 9, 68, 121, 160, 117, 245, 74, 49, 229, 20, 111, 191, 44, 142, 229, 111, 77, 1, 194, 124, 193, 136, 24, 250, 71, 8, 168, 0 }
[ZOLT STAGE4 TRANSCRIPT]   coeffs[1] = c2 (32 bytes) = { 80, 219, 38, 124, 207, 208, 185, 23, 176, 14, 158, 75, 127, 99, 69, 24, 133, 198, 130, 185, 145, 66, 2, 38, 213, 32, 50, 17, 159, 214, 81, 20 }
[ZOLT STAGE4 TRANSCRIPT]   coeffs[2] = c3 (32 bytes) = { 134, 146, 114, 188, 47, 113, 58, 102, 87, 31, 212, 33, 214, 3, 76, 93, 65, 39, 36, 191, 165, 68, 233, 99, 112, 42, 77, 89, 40, 12, 189, 4 }
[ZOLT STAGE4 TRANSCRIPT] Compressed coeffs for transcript (should match above):
[ZOLT STAGE4 TRANSCRIPT]   compressed[0] = c0 (32 bytes) = { 236, 104, 111, 216, 9, 68, 121, 160, 117, 245, 74, 49, 229, 20, 111, 191, 44, 142, 229, 111, 77, 1, 194, 124, 193, 136, 24, 250, 71, 8, 168, 0 }
[ZOLT STAGE4 TRANSCRIPT]   compressed[1] = c2 (32 bytes) = { 134, 146, 114, 188, 47, 113, 58, 102, 87, 31, 212, 33, 214, 3, 76, 93, 65, 39, 36, 191, 165, 68, 233, 99, 112, 42, 77, 89, 40, 12, 189, 4 }
[ZOLT STAGE4 TRANSCRIPT]   compressed[2] = c3 (32 bytes) = { 188, 247, 26, 135, 66, 33, 94, 44, 195, 107, 31, 36, 76, 189, 236, 237, 28, 210, 149, 230, 185, 95, 112, 252, 43, 42, 95, 197, 243, 164, 217, 31 }
[ZOLT STAGE4 TRANSCRIPT] c0 for transcript (BE for Jolt comparison): first 8 bytes = [00, a8, 08, 47, fa, 18, 88, c1]
[ZOLT STAGE4 TRANSCRIPT] State BEFORE UniPoly_begin: { 130, 251, 253, 252, 189, 87, 166, 155 }
[ZOLT TRANSCRIPT] appendMessage: "UniPoly_begin" (len=13), round=466, state_before=[82, fb, fd, fc, bd, 57, a6, 9b]
[ZOLT TRANSCRIPT]   state_after={ 53 f8 bc 57 17 88 a8 fd ... }
[ZOLT STAGE4 TRANSCRIPT] State AFTER UniPoly_begin: { 83, 248, 188, 87, 23, 136, 168, 253 }
[ZOLT TRANSCRIPT] appendBytes: len=32, state_before={ 53 f8 bc 57 17 88 a8 fd ... }
[ZOLT TRANSCRIPT]   first_8_bytes={ 00 a8 08 47 fa 18 88 c1 }
[ZOLT TRANSCRIPT]   last_8_bytes={ a0 79 44 09 d8 6f 68 ec }
[ZOLT TRANSCRIPT]   state_after={ 10 43 37 55 45 d6 f9 4c ... }
[ZOLT STAGE4 TRANSCRIPT] State AFTER c0: { 16, 67, 55, 85, 69, 214, 249, 76 }
[ZOLT TRANSCRIPT] appendBytes: len=32, state_before={ 10 43 37 55 45 d6 f9 4c ... }
[ZOLT TRANSCRIPT]   first_8_bytes={ 04 bd 0c 28 59 4d 2a 70 }
[ZOLT TRANSCRIPT]   last_8_bytes={ 66 3a 71 2f bc 72 92 86 }
[ZOLT TRANSCRIPT]   state_after={ 3b 34 91 78 10 e0 cd 5d ... }
[ZOLT STAGE4 TRANSCRIPT] State AFTER c2: { 59, 52, 145, 120, 16, 224, 205, 93 }
[ZOLT TRANSCRIPT] appendBytes: len=32, state_before={ 3b 34 91 78 10 e0 cd 5d ... }
[ZOLT TRANSCRIPT]   first_8_bytes={ 1f d9 a4 f3 c5 5f 2a 2b }
[ZOLT TRANSCRIPT]   last_8_bytes={ 2c 5e 21 42 87 1a f7 bc }
[ZOLT TRANSCRIPT]   state_after={ 9c 41 75 22 f1 4c b4 0b ... }
[ZOLT STAGE4 TRANSCRIPT] State AFTER c3: { 156, 65, 117, 34, 241, 76, 180, 11 }
[ZOLT TRANSCRIPT] appendMessage: "UniPoly_end" (len=11), round=470, state_before=[9c, 41, 75, 22, f1, 4c, b4, 0b]
[ZOLT TRANSCRIPT]   state_after={ d7 dc 54 99 03 35 2b fa ... }
[ZOLT STAGE4 TRANSCRIPT] State AFTER UniPoly_end (full 32 bytes): { 215, 220, 84, 153, 3, 53, 43, 250, 82, 205, 0, 186, 15, 144, 247, 42, 190, 149, 216, 247, 235, 21, 63, 211, 138, 46, 202, 126, 172, 136, 185, 111 }
[ZOLT STAGE4 TRANSCRIPT] Round counter BEFORE challenge: 471
[ZOLT TRANSCRIPT] challengeScalar128Bits: round=471
[ZOLT TRANSCRIPT]   state_before={ d7 dc 54 99 03 35 2b fa 52 cd 00 ba 0f 90 f7 2a be 95 d8 f7 eb 15 3f d3 8a 2e ca 7e ac 88 b9 6f }
[ZOLT TRANSCRIPT]   challenge_bytes={ eb 5d 02 3b 1e 4a 9f 41 4a e2 33 d2 f3 a5 95 8c }
[ZOLT TRANSCRIPT]   reversed={ 8c 95 a5 f3 d2 33 e2 4a 41 9f 4a 1e 3b 02 5d eb }
[ZOLT TRANSCRIPT]   full_value=0x8c95a5f3d233e24a419f4a1e3b025deb
[ZOLT TRANSCRIPT]   masked_value=0xc95a5f3d233e24a419f4a1e3b025deb (125-bit)
[ZOLT TRANSCRIPT]   result_limbs=[0x0, 0x0, 0x419f4a1e3b025deb, 0xc95a5f3d233e24a]
[ZOLT STAGE4] Round 0: challenge (LE) = { 102, 244, 91, 128, 156, 83, 204, 144, 27, 3, 210, 56, 243, 140, 115, 176, 21, 16, 122, 105, 92, 130, 187, 106, 165, 137, 31, 248, 245, 196, 248, 13 }
[ZOLT STAGE4] Round 0: new batched_claim (LE) = { 98, 56, 206, 186, 120, 4, 174, 187, 53, 213, 137, 110, 80, 186, 195, 60, 1, 96, 197, 212, 177, 147, 174, 123, 214, 175, 117, 111, 183, 18, 3, 43 }
[GRUEN BIND] Round 0: binding w[7] against r
[GRUEN BIND]   w_i.limbs = [0, 0, df61b89ec412124e, 1f5924c1dbb4b93a]
[GRUEN BIND]   r.limbs = [0, 0, 419f4a1e3b025deb, c95a5f3d233e24a]
[GRUEN BIND]   eq_val.limbs = [de953ea197b24730, 71f81dfa21a1b624, 77487aa25c0aabd8, 1594fd5a63ac380d]
[GRUEN BIND]   prev scalar.limbs = [ac96341c4ffffffb, 36fc76959f60cd29, 666ea36f7879462e, e0a77c19a07df2f]
[GRUEN BIND]   new scalar.limbs = [de953ea197b24730, 71f81dfa21a1b624, 77487aa25c0aabd8, 1594fd5a63ac380d]
[STAGE4] Round 1 -> Phase 1 (cycle via Gruen)
[GRUEN_DEBUG] Phase 1: current_T=128, T=256, current_scalar={ 20, 197, 228, 55, 218, 147, 161, 104 }
[GRUEN_DEBUG]   current_index=7, w[6]={ 222, 216, 69, 73, 78, 119, 181, 102 }
[GRUEN_DEBUG]   E_in.len=4, E_out.len=16, num_x_in_bits=2
[GRUEN_DEBUG]   E_out[0]={ 33, 197, 175, 8, 119, 195, 255, 76 }
[GRUEN_DEBUG]   E_in[0]={ 184, 82, 17, 65, 70, 38, 206, 5 }
[ZOLT PHASE1 q_0] = { 149, 104, 140, 202, 220, 88, 107, 26, 222, 215, 46, 12, 54, 241, 150, 72, 0, 34, 156, 27, 236, 225, 45, 184, 227, 20, 158, 75, 201, 224, 228, 40 }
[ZOLT PHASE1 q_X2] = { 149, 4, 186, 57, 150, 48, 123, 158, 202, 237, 11, 37, 192, 237, 86, 247, 239, 197, 215, 34, 161, 249, 165, 186, 248, 94, 213, 137, 2, 47, 158, 16 }
[ZOLT PHASE1 previous_claim] = { 77, 228, 68, 23, 192, 125, 178, 198, 202, 178, 50, 22, 0, 87, 47, 253, 159, 121, 62, 198, 213, 198, 5, 149, 122, 81, 75, 216, 12, 129, 118, 3 }
[ZOLT PHASE1] Round completed, current_T=128, half_T=64
[ZOLT PHASE1] Before gruenPolyDeg3: current_index=7, w.len=8
[ZOLT PHASE1 COEFFS] c0={ 1, 187, 129, 97, 9, 4, 82, 218, 250, 92, 100, 28, 229, 173, 247, 174, 129, 220, 150, 123, 157, 192, 19, 17, 35, 136, 132, 191, 221, 161, 246, 44 }
[ZOLT PHASE1 COEFFS] c1={ 243, 164, 205, 94, 244, 234, 235, 149, 107, 3, 36, 181, 204, 119, 156, 56, 206, 8, 186, 253, 217, 57, 128, 21, 223, 215, 7, 59, 8, 93, 235, 10 }
[ZOLT PHASE1 COEFFS] c2={ 29, 98, 59, 149, 219, 204, 223, 254, 208, 138, 211, 78, 248, 129, 88, 52, 127, 18, 39, 228, 245, 183, 171, 45, 49, 70, 224, 214, 194, 1, 208, 14 }
[ZOLT PHASE1 COEFFS] c3={ 62, 103, 56, 48, 153, 158, 232, 72, 76, 188, 158, 70, 74, 186, 230, 170, 102, 174, 179, 113, 238, 36, 163, 88, 161, 3, 239, 234, 222, 201, 250, 32 }
[ZOLT STAGE4] Round 1: c0 = { 19, 6, 32, 191, 59, 51, 18, 83, 169, 235, 248, 125, 8, 78, 36, 159 }
[ZOLT STAGE4] Round 1: c2 (actual) = { 0, 223, 7, 29, 118, 68, 226, 89, 181, 168, 181, 95, 48, 37, 223, 217 }
[ZOLT STAGE4] Round 1: c3 = { 37, 75, 84, 110, 76, 94, 181, 88, 217, 202, 122, 62, 220, 35, 49, 72 }
[ZOLT STAGE4] Round 1: batched_claim = { 43, 3, 18, 183, 111, 117, 175, 214, 123, 174, 147, 177, 212, 197, 96, 1 }
[ZOLT TRANSCRIPT] appendMessage: "UniPoly_begin" (len=13), round=472, state_before=[eb, 5d, 02, 3b, 1e, 4a, 9f, 41]
[ZOLT TRANSCRIPT]   state_after={ b1 bd 52 79 89 80 bd 8e ... }
[ZOLT TRANSCRIPT] appendBytes: len=32, state_before={ b1 bd 52 79 89 80 bd 8e ... }
[ZOLT TRANSCRIPT]   first_8_bytes={ 13 06 20 bf 3b 33 12 53 }
[ZOLT TRANSCRIPT]   last_8_bytes={ ff af db ae 4c dd e0 30 }
[ZOLT TRANSCRIPT]   state_after={ cf 75 89 d8 9d 1f 3c 12 ... }
[ZOLT TRANSCRIPT] appendBytes: len=32, state_before={ cf 75 89 d8 9d 1f 3c 12 ... }
[ZOLT TRANSCRIPT]   first_8_bytes={ 00 df 07 1d 76 44 e2 59 }
[ZOLT TRANSCRIPT]   last_8_bytes={ 80 5b 1f 9d dd ce 5d a6 }
[ZOLT TRANSCRIPT]   state_after={ 5e 23 3b c8 67 35 44 93 ... }
[ZOLT TRANSCRIPT] appendBytes: len=32, state_before={ 5e 23 3b c8 67 35 44 93 ... }
[ZOLT TRANSCRIPT]   first_8_bytes={ 25 4b 54 6e 4c 5e b5 58 }
[ZOLT TRANSCRIPT]   last_8_bytes={ 51 0f db a1 a5 fe 7c f9 }
[ZOLT TRANSCRIPT]   state_after={ 40 33 44 36 e8 88 da 89 ... }
[ZOLT TRANSCRIPT] appendMessage: "UniPoly_end" (len=11), round=476, state_before=[40, 33, 44, 36, e8, 88, da, 89]
[ZOLT TRANSCRIPT]   state_after={ dc 36 20 d7 dc 2b 0a 49 ... }
[ZOLT TRANSCRIPT] challengeScalar128Bits: round=477
[ZOLT TRANSCRIPT]   state_before={ dc 36 20 d7 dc 2b 0a 49 4c 90 8b 61 95 82 e0 3c a2 a0 ff 94 9c e1 aa a0 61 62 f5 17 2c 63 85 ac }
[ZOLT TRANSCRIPT]   challenge_bytes={ c1 75 27 2d 2a d1 d7 dd 5b a9 e4 d7 4c 52 c1 37 }
[ZOLT TRANSCRIPT]   reversed={ 37 c1 52 4c d7 e4 a9 5b dd d7 d1 2a 2d 27 75 c1 }
[ZOLT TRANSCRIPT]   full_value=0x37c1524cd7e4a95bddd7d12a2d2775c1
[ZOLT TRANSCRIPT]   masked_value=0x17c1524cd7e4a95bddd7d12a2d2775c1 (125-bit)
[ZOLT TRANSCRIPT]   result_limbs=[0x0, 0x0, 0xddd7d12a2d2775c1, 0x17c1524cd7e4a95b]
[ZOLT STAGE4] Round 1: challenge (LE) = { 202, 180, 144, 6, 61, 102, 58, 204, 7, 254, 116, 102, 66, 52, 247, 249, 9, 187, 38, 37, 234, 169, 236, 128, 176, 98, 38, 28, 186, 221, 77, 31 }
[ZOLT STAGE4] Round 1: new batched_claim (LE) = { 230, 191, 154, 70, 128, 67, 90, 126, 231, 141, 148, 148, 172, 189, 208, 87, 60, 42, 94, 143, 212, 87, 163, 90, 71, 158, 221, 19, 79, 82, 81, 30 }
[GRUEN BIND] Round 1: binding w[6] against r
[GRUEN BIND]   w_i.limbs = [0, 0, ce909bccb902dc52, 1e6206f2c5d516e3]
[GRUEN BIND]   r.limbs = [0, 0, ddd7d12a2d2775c1, 17c1524cd7e4a95b]
[GRUEN BIND]   eq_val.limbs = [cc1c4b7c8af27a0, a9ded452c77cc1a1, 4263b9ec61740acd, deeed8c0100e9e0]
[GRUEN BIND]   prev scalar.limbs = [de953ea197b24730, 71f81dfa21a1b624, 77487aa25c0aabd8, 1594fd5a63ac380d]
[GRUEN BIND]   new scalar.limbs = [aff4afe8cf2ec650, 4a3ed1af76346e40, c5fea8752fc8b09b, 1f8464b325f76212]
[STAGE4] Round 2 -> Phase 1 (cycle via Gruen)
[ZOLT STAGE4] Round 2: c0 = { 30, 91, 95, 129, 136, 133, 186, 229, 100, 87, 31, 238, 228, 33, 99, 149 }
[ZOLT STAGE4] Round 2: c2 (actual) = { 43, 53, 179, 164, 84, 50, 96, 238, 175, 176, 24, 37, 131, 206, 50, 96 }
[ZOLT STAGE4] Round 2: c3 = { 11, 62, 75, 243, 170, 235, 244, 87, 36, 36, 130, 89, 200, 184, 57, 78 }
[ZOLT STAGE4] Round 2: batched_claim = { 30, 81, 82, 79, 19, 221, 158, 71, 90, 163, 87, 212, 143, 94, 42, 60 }
[ZOLT TRANSCRIPT] appendMessage: "UniPoly_begin" (len=13), round=478, state_before=[c1, 75, 27, 2d, 2a, d1, d7, dd]
[ZOLT TRANSCRIPT]   state_after={ 12 67 a8 6d 8d 5b 22 cd ... }
[ZOLT TRANSCRIPT] appendBytes: len=32, state_before={ 12 67 a8 6d 8d 5b 22 cd ... }
[ZOLT TRANSCRIPT]   first_8_bytes={ 1e 5b 5f 81 88 85 ba e5 }
[ZOLT TRANSCRIPT]   last_8_bytes={ bc af f5 0b b4 8a aa c4 }
[ZOLT TRANSCRIPT]   state_after={ 8c e9 34 f8 eb 85 f0 0d ... }
[ZOLT TRANSCRIPT] appendBytes: len=32, state_before={ 8c e9 34 f8 eb 85 f0 0d ... }
[ZOLT TRANSCRIPT]   first_8_bytes={ 2b 35 b3 a4 54 32 60 ee }
[ZOLT TRANSCRIPT]   last_8_bytes={ 63 60 1a b1 2f 0b 25 e5 }
[ZOLT TRANSCRIPT]   state_after={ dc f2 0d 5f a6 ad 4b 64 ... }
[ZOLT TRANSCRIPT] appendBytes: len=32, state_before={ dc f2 0d 5f a6 ad 4b 64 ... }
[ZOLT TRANSCRIPT]   first_8_bytes={ 0b 3e 4b f3 aa eb f4 57 }
[ZOLT TRANSCRIPT]   last_8_bytes={ 69 63 ab ff 14 ac bc b9 }
[ZOLT TRANSCRIPT]   state_after={ 16 24 56 f3 35 05 e1 b3 ... }
[ZOLT TRANSCRIPT] appendMessage: "UniPoly_end" (len=11), round=482, state_before=[16, 24, 56, f3, 35, 05, e1, b3]
[ZOLT TRANSCRIPT]   state_after={ e7 67 3d 0c 55 fd 26 fe ... }
[ZOLT TRANSCRIPT] challengeScalar128Bits: round=483
[ZOLT TRANSCRIPT]   state_before={ e7 67 3d 0c 55 fd 26 fe c0 5f 5d d6 6a dd 53 20 0f 5e 3c c8 72 d4 be bb ef 35 75 b0 2a 73 ba 25 }
[ZOLT TRANSCRIPT]   challenge_bytes={ 6a 14 fe b6 0a 9d f1 f7 1d 73 7d 17 68 42 f2 30 }
[ZOLT TRANSCRIPT]   reversed={ 30 f2 42 68 17 7d 73 1d f7 f1 9d 0a b6 fe 14 6a }
[ZOLT TRANSCRIPT]   full_value=0x30f24268177d731df7f19d0ab6fe146a
[ZOLT TRANSCRIPT]   masked_value=0x10f24268177d731df7f19d0ab6fe146a (125-bit)
[ZOLT TRANSCRIPT]   result_limbs=[0x0, 0x0, 0xf7f19d0ab6fe146a, 0x10f24268177d731d]
[ZOLT STAGE4] Round 2: challenge (LE) = { 216, 207, 235, 252, 156, 43, 221, 106, 99, 203, 211, 250, 118, 96, 138, 229, 207, 188, 5, 142, 25, 212, 75, 232, 150, 185, 176, 111, 155, 96, 113, 3 }
[ZOLT STAGE4] Round 2: new batched_claim (LE) = { 25, 38, 149, 114, 197, 166, 148, 0, 247, 221, 171, 131, 220, 206, 68, 20, 125, 227, 26, 212, 239, 146, 74, 224, 225, 237, 124, 11, 171, 99, 124, 19 }
[GRUEN BIND] Round 2: binding w[5] against r
[GRUEN BIND]   w_i.limbs = [0, 0, 75677e0419f6320, 5b47c2f32bd4a34]
[GRUEN BIND]   r.limbs = [0, 0, f7f19d0ab6fe146a, 10f24268177d731d]
[GRUEN BIND]   eq_val.limbs = [47685161b2fb167c, b4fb1b6e9e3416a2, fd87c7ac58a6c849, 28896353944b9b63]
[GRUEN BIND]   prev scalar.limbs = [aff4afe8cf2ec650, 4a3ed1af76346e40, c5fea8752fc8b09b, 1f8464b325f76212]
[GRUEN BIND]   new scalar.limbs = [ec1d25cb04baac55, 30d18137f4cb8c75, ac2237aa3d479359, 19d87a07ac11739e]
[STAGE4] Round 3 -> Phase 1 (cycle via Gruen)
[ZOLT STAGE4] Round 3: c0 = { 31, 155, 26, 142, 56, 180, 51, 144, 27, 156, 238, 26, 173, 35, 39, 173 }
[ZOLT STAGE4] Round 3: c2 (actual) = { 37, 18, 84, 8, 173, 150, 120, 174, 134, 191, 14, 57, 107, 131, 76, 245 }
[ZOLT STAGE4] Round 3: c3 = { 40, 132, 35, 15, 108, 175, 229, 240, 118, 161, 232, 133, 220, 230, 27, 170 }
[ZOLT STAGE4] Round 3: batched_claim = { 19, 124, 99, 171, 11, 124, 237, 225, 224, 74, 146, 239, 212, 26, 227, 125 }
[ZOLT TRANSCRIPT] appendMessage: "UniPoly_begin" (len=13), round=484, state_before=[6a, 14, fe, b6, 0a, 9d, f1, f7]
[ZOLT TRANSCRIPT]   state_after={ 81 8d 61 ec 3c 9e c4 34 ... }
[ZOLT TRANSCRIPT] appendBytes: len=32, state_before={ 81 8d 61 ec 3c 9e c4 34 ... }
[ZOLT TRANSCRIPT]   first_8_bytes={ 1f 9b 1a 8e 38 b4 33 90 }
[ZOLT TRANSCRIPT]   last_8_bytes={ 48 86 c8 0a c5 77 fe 03 }
[ZOLT TRANSCRIPT]   state_after={ 9c 81 53 23 d8 5b 6a bd ... }
[ZOLT TRANSCRIPT] appendBytes: len=32, state_before={ 9c 81 53 23 d8 5b 6a bd ... }
[ZOLT TRANSCRIPT]   first_8_bytes={ 25 12 54 08 ad 96 78 ae }
[ZOLT TRANSCRIPT]   last_8_bytes={ 84 bd 3c 95 8d 95 f9 17 }
[ZOLT TRANSCRIPT]   state_after={ 0b 16 76 51 be 77 51 fb ... }
[ZOLT TRANSCRIPT] appendBytes: len=32, state_before={ 0b 16 76 51 be 77 51 fb ... }
[ZOLT TRANSCRIPT]   first_8_bytes={ 28 84 23 0f 6c af e5 f0 }
[ZOLT TRANSCRIPT]   last_8_bytes={ 01 cc 96 f7 b7 1f 0a 4a }
[ZOLT TRANSCRIPT]   state_after={ 20 8f 08 08 90 76 8b b0 ... }
[ZOLT TRANSCRIPT] appendMessage: "UniPoly_end" (len=11), round=488, state_before=[20, 8f, 08, 08, 90, 76, 8b, b0]
[ZOLT TRANSCRIPT]   state_after={ 64 c5 cc 1e ce 79 84 d0 ... }
[ZOLT TRANSCRIPT] challengeScalar128Bits: round=489
[ZOLT TRANSCRIPT]   state_before={ 64 c5 cc 1e ce 79 84 d0 3f c4 28 6e f6 6c 4c d9 e6 4e 34 9d 6c cd e1 07 6a 9b cb 28 57 9f 03 d3 }
[ZOLT TRANSCRIPT]   challenge_bytes={ 13 a9 e5 b0 4d 3f d2 c9 a2 c0 07 97 ef d7 8c 7d }
[ZOLT TRANSCRIPT]   reversed={ 7d 8c d7 ef 97 07 c0 a2 c9 d2 3f 4d b0 e5 a9 13 }
[ZOLT TRANSCRIPT]   full_value=0x7d8cd7ef9707c0a2c9d23f4db0e5a913
[ZOLT TRANSCRIPT]   masked_value=0x1d8cd7ef9707c0a2c9d23f4db0e5a913 (125-bit)
[ZOLT TRANSCRIPT]   result_limbs=[0x0, 0x0, 0xc9d23f4db0e5a913, 0x1d8cd7ef9707c0a2]
[ZOLT STAGE4] Round 3: challenge (LE) = { 92, 147, 1, 178, 84, 93, 83, 170, 161, 166, 47, 43, 73, 37, 121, 30, 143, 2, 208, 148, 118, 113, 169, 244, 101, 143, 140, 13, 195, 35, 39, 22 }
[ZOLT STAGE4] Round 3: new batched_claim (LE) = { 19, 121, 207, 98, 224, 209, 52, 207, 254, 239, 98, 217, 75, 42, 166, 162, 98, 67, 203, 66, 212, 203, 232, 74, 132, 137, 202, 167, 121, 162, 74, 44 }
[GRUEN BIND] Round 3: binding w[4] against r
[GRUEN BIND]   w_i.limbs = [0, 0, 5de9d70da6eda61f, 18e74eb0da04619a]
[GRUEN BIND]   r.limbs = [0, 0, c9d23f4db0e5a913, 1d8cd7ef9707c0a2]
[GRUEN BIND]   eq_val.limbs = [bea6b658a0119696, 53dff9f65c9df90d, b22a24dccab9f495, dba6e6950752d63]
[GRUEN BIND]   prev scalar.limbs = [ec1d25cb04baac55, 30d18137f4cb8c75, ac2237aa3d479359, 19d87a07ac11739e]
[GRUEN BIND]   new scalar.limbs = [1d727d87eb8c4a15, bbfef29d1d63cb1b, 99ac40be31327033, c2239f2f890762f]
[STAGE4] Round 4 -> Phase 1 (cycle via Gruen)
[ZOLT STAGE4] Round 4: c0 = { 46, 166, 125, 195, 182, 206, 118, 131, 103, 147, 228, 150, 26, 34, 194, 221 }
[ZOLT STAGE4] Round 4: c2 (actual) = { 13, 195, 183, 82, 245, 62, 129, 222, 102, 134, 95, 236, 41, 39, 239, 227 }
[ZOLT STAGE4] Round 4: c3 = { 47, 182, 24, 40, 159, 135, 43, 40, 130, 107, 245, 253, 159, 188, 224, 61 }
[ZOLT STAGE4] Round 4: batched_claim = { 44, 74, 162, 121, 167, 202, 137, 132, 74, 232, 203, 212, 66, 203, 67, 98 }
[ZOLT TRANSCRIPT] appendMessage: "UniPoly_begin" (len=13), round=490, state_before=[13, a9, e5, b0, 4d, 3f, d2, c9]
[ZOLT TRANSCRIPT]   state_after={ 06 7a 1b 4c 55 83 bb ec ... }
[ZOLT TRANSCRIPT] appendBytes: len=32, state_before={ 06 7a 1b 4c 55 83 bb ec ... }
[ZOLT TRANSCRIPT]   first_8_bytes={ 2e a6 7d c3 b6 ce 76 83 }
[ZOLT TRANSCRIPT]   last_8_bytes={ 43 e4 db d5 a3 0e 1f 0b }
[ZOLT TRANSCRIPT]   state_after={ c0 d3 77 ef 5c 0e c3 59 ... }
[ZOLT TRANSCRIPT] appendBytes: len=32, state_before={ c0 d3 77 ef 5c 0e c3 59 ... }
[ZOLT TRANSCRIPT]   first_8_bytes={ 0d c3 b7 52 f5 3e 81 de }
[ZOLT TRANSCRIPT]   last_8_bytes={ 1a 7f 3d ae 3e 29 01 01 }
[ZOLT TRANSCRIPT]   state_after={ 95 75 ed 83 c9 a2 90 b8 ... }
[ZOLT TRANSCRIPT] appendBytes: len=32, state_before={ 95 75 ed 83 c9 a2 90 b8 ... }
[ZOLT TRANSCRIPT]   first_8_bytes={ 2f b6 18 28 9f 87 2b 28 }
[ZOLT TRANSCRIPT]   last_8_bytes={ a9 7e af d3 4d a2 bb 63 }
[ZOLT TRANSCRIPT]   state_after={ f4 9d cb 5a 23 d8 35 86 ... }
[ZOLT TRANSCRIPT] appendMessage: "UniPoly_end" (len=11), round=494, state_before=[f4, 9d, cb, 5a, 23, d8, 35, 86]
[ZOLT TRANSCRIPT]   state_after={ d7 e4 3e 93 3d ca 68 44 ... }
[ZOLT TRANSCRIPT] challengeScalar128Bits: round=495
[ZOLT TRANSCRIPT]   state_before={ d7 e4 3e 93 3d ca 68 44 54 7f cb a4 19 de 5a 13 5c 17 23 46 ee c6 f9 85 d3 eb 19 94 26 3f 77 6c }
[ZOLT TRANSCRIPT]   challenge_bytes={ aa 23 e6 b8 1f f3 30 eb 2d 0e 50 5c 63 98 77 5e }
[ZOLT TRANSCRIPT]   reversed={ 5e 77 98 63 5c 50 0e 2d eb 30 f3 1f b8 e6 23 aa }
[ZOLT TRANSCRIPT]   full_value=0x5e7798635c500e2deb30f31fb8e623aa
[ZOLT TRANSCRIPT]   masked_value=0x1e7798635c500e2deb30f31fb8e623aa (125-bit)
[ZOLT TRANSCRIPT]   result_limbs=[0x0, 0x0, 0xeb30f31fb8e623aa, 0x1e7798635c500e2d]
[ZOLT STAGE4] Round 4: challenge (LE) = { 192, 170, 178, 118, 60, 244, 159, 73, 3, 52, 94, 52, 133, 43, 5, 13, 121, 128, 204, 42, 108, 207, 12, 28, 183, 255, 4, 178, 97, 255, 246, 5 }
[ZOLT STAGE4] Round 4: new batched_claim (LE) = { 255, 134, 106, 189, 219, 254, 22, 38, 121, 103, 245, 153, 210, 138, 223, 173, 147, 181, 139, 255, 186, 216, 143, 222, 252, 20, 233, 210, 99, 147, 184, 4 }
[STAGE4] Round 5 -> Phase 1 (cycle via Gruen)
[ZOLT STAGE4] Round 5: c0 = { 16, 131, 95, 157, 246, 75, 91, 244, 167, 255, 247, 222, 106, 183, 203, 129 }
[ZOLT STAGE4] Round 5: c2 (actual) = { 5, 236, 145, 227, 180, 251, 216, 252, 211, 124, 190, 58, 93, 226, 166, 174 }
[ZOLT STAGE4] Round 5: c3 = { 2, 195, 131, 112, 128, 24, 2, 67, 31, 77, 62, 118, 210, 63, 200, 236 }
[ZOLT STAGE4] Round 5: batched_claim = { 4, 184, 147, 99, 210, 233, 20, 252, 222, 143, 216, 186, 255, 139, 181, 147 }
[ZOLT TRANSCRIPT] appendMessage: "UniPoly_begin" (len=13), round=496, state_before=[aa, 23, e6, b8, 1f, f3, 30, eb]
[ZOLT TRANSCRIPT]   state_after={ 28 71 e2 b0 b9 e9 0c 0a ... }
[ZOLT TRANSCRIPT] appendBytes: len=32, state_before={ 28 71 e2 b0 b9 e9 0c 0a ... }
[ZOLT TRANSCRIPT]   first_8_bytes={ 10 83 5f 9d f6 4b 5b f4 }
[ZOLT TRANSCRIPT]   last_8_bytes={ e7 a9 ef da 4d d6 4c d3 }
[ZOLT TRANSCRIPT]   state_after={ cd d9 b1 e2 5b bb ae 7b ... }
[ZOLT TRANSCRIPT] appendBytes: len=32, state_before={ cd d9 b1 e2 5b bb ae 7b ... }
[ZOLT TRANSCRIPT]   first_8_bytes={ 05 ec 91 e3 b4 fb d8 fc }
[ZOLT TRANSCRIPT]   last_8_bytes={ 83 86 21 90 7e 43 a9 23 }
[ZOLT TRANSCRIPT]   state_after={ 48 ef ae 08 a6 b4 f3 17 ... }
[ZOLT TRANSCRIPT] appendBytes: len=32, state_before={ 48 ef ae 08 a6 b4 f3 17 ... }
[ZOLT TRANSCRIPT]   first_8_bytes={ 02 c3 83 70 80 18 02 43 }
[ZOLT TRANSCRIPT]   last_8_bytes={ fb ac 06 6d d2 52 31 a4 }
[ZOLT TRANSCRIPT]   state_after={ c7 df 41 9f ba b4 53 44 ... }
[ZOLT TRANSCRIPT] appendMessage: "UniPoly_end" (len=11), round=500, state_before=[c7, df, 41, 9f, ba, b4, 53, 44]
[ZOLT TRANSCRIPT]   state_after={ 64 89 8b d8 04 a1 ca 1d ... }
[ZOLT TRANSCRIPT] challengeScalar128Bits: round=501
[ZOLT TRANSCRIPT]   state_before={ 64 89 8b d8 04 a1 ca 1d 96 59 43 45 ba 94 51 bc fd 88 93 e4 b5 f4 a9 92 fb 48 9a 2c a2 d4 64 49 }
[ZOLT TRANSCRIPT]   challenge_bytes={ 0a 51 2e 61 00 49 bf af db 31 5f 0f a0 60 b5 d5 }
[ZOLT TRANSCRIPT]   reversed={ d5 b5 60 a0 0f 5f 31 db af bf 49 00 61 2e 51 0a }
[ZOLT TRANSCRIPT]   full_value=0xd5b560a00f5f31dbafbf4900612e510a
[ZOLT TRANSCRIPT]   masked_value=0x15b560a00f5f31dbafbf4900612e510a (125-bit)
[ZOLT TRANSCRIPT]   result_limbs=[0x0, 0x0, 0xafbf4900612e510a, 0x15b560a00f5f31db]
[ZOLT STAGE4] Round 5: challenge (LE) = { 20, 83, 52, 111, 66, 131, 78, 233, 136, 38, 231, 148, 183, 51, 15, 71, 159, 41, 129, 27, 48, 186, 242, 11, 205, 4, 133, 134, 173, 85, 213, 44 }
[ZOLT STAGE4] Round 5: new batched_claim (LE) = { 198, 94, 30, 220, 123, 211, 198, 62, 176, 33, 92, 109, 55, 163, 133, 2, 22, 178, 177, 241, 57, 43, 139, 93, 119, 130, 79, 188, 198, 21, 71, 10 }
[STAGE4] Round 6 -> Phase 1 (cycle via Gruen)
[ZOLT STAGE4] Round 6: c0 = { 1, 14, 254, 13, 173, 218, 162, 64, 144, 7, 35, 245, 140, 232, 176, 87 }
[ZOLT STAGE4] Round 6: c2 (actual) = { 15, 106, 230, 122, 206, 116, 161, 80, 136, 235, 54, 167, 64, 139, 106, 199 }
[ZOLT STAGE4] Round 6: c3 = { 5, 55, 52, 83, 228, 234, 24, 156, 63, 181, 142, 177, 151, 176, 129, 68 }
[ZOLT STAGE4] Round 6: batched_claim = { 10, 71, 21, 198, 188, 79, 130, 119, 93, 139, 43, 57, 241, 177, 178, 22 }
[ZOLT TRANSCRIPT] appendMessage: "UniPoly_begin" (len=13), round=502, state_before=[0a, 51, 2e, 61, 00, 49, bf, af]
[ZOLT TRANSCRIPT]   state_after={ a1 84 3e 1a 9f 75 2f a4 ... }
[ZOLT TRANSCRIPT] appendBytes: len=32, state_before={ a1 84 3e 1a 9f 75 2f a4 ... }
[ZOLT TRANSCRIPT]   first_8_bytes={ 01 0e fe 0d ad da a2 40 }
[ZOLT TRANSCRIPT]   last_8_bytes={ c5 30 81 f9 c9 58 83 9f }
[ZOLT TRANSCRIPT]   state_after={ 9a 7c b1 43 bd e6 db 9a ... }
[ZOLT TRANSCRIPT] appendBytes: len=32, state_before={ 9a 7c b1 43 bd e6 db 9a ... }
[ZOLT TRANSCRIPT]   first_8_bytes={ 0f 6a e6 7a ce 74 a1 50 }
[ZOLT TRANSCRIPT]   last_8_bytes={ 10 84 4d fc d8 b6 1b 6f }
[ZOLT TRANSCRIPT]   state_after={ 11 e9 42 e0 1a 64 9f 9b ... }
[ZOLT TRANSCRIPT] appendBytes: len=32, state_before={ 11 e9 42 e0 1a 64 9f 9b ... }
[ZOLT TRANSCRIPT]   first_8_bytes={ 05 37 34 53 e4 ea 18 9c }
[ZOLT TRANSCRIPT]   last_8_bytes={ 7c 2f 79 64 85 3e 32 0d }
[ZOLT TRANSCRIPT]   state_after={ 39 a4 9b 35 32 d8 f7 86 ... }
[ZOLT TRANSCRIPT] appendMessage: "UniPoly_end" (len=11), round=506, state_before=[39, a4, 9b, 35, 32, d8, f7, 86]
[ZOLT TRANSCRIPT]   state_after={ 05 9e 2c 24 2e fc 35 80 ... }
[ZOLT TRANSCRIPT] challengeScalar128Bits: round=507
[ZOLT TRANSCRIPT]   state_before={ 05 9e 2c 24 2e fc 35 80 60 21 f7 ed 89 dd 72 25 35 cf 96 36 9c de 0d 66 55 e4 66 49 79 9d f5 57 }
[ZOLT TRANSCRIPT]   challenge_bytes={ 81 57 8e dc c3 99 1e a3 e0 2a cf ed 92 09 71 4f }
[ZOLT TRANSCRIPT]   reversed={ 4f 71 09 92 ed cf 2a e0 a3 1e 99 c3 dc 8e 57 81 }
[ZOLT TRANSCRIPT]   full_value=0x4f710992edcf2ae0a31e99c3dc8e5781
[ZOLT TRANSCRIPT]   masked_value=0xf710992edcf2ae0a31e99c3dc8e5781 (125-bit)
[ZOLT TRANSCRIPT]   result_limbs=[0x0, 0x0, 0xa31e99c3dc8e5781, 0xf710992edcf2ae0]
[ZOLT STAGE4] Round 6: challenge (LE) = { 119, 165, 60, 73, 13, 254, 127, 215, 3, 198, 240, 255, 16, 141, 20, 77, 58, 169, 178, 85, 212, 11, 125, 202, 162, 205, 139, 244, 51, 158, 118, 26 }
[ZOLT STAGE4] Round 6: new batched_claim (LE) = { 82, 22, 59, 147, 24, 183, 27, 28, 88, 228, 42, 49, 162, 2, 80, 112, 53, 99, 29, 181, 228, 134, 84, 107, 13, 9, 160, 102, 20, 214, 223, 38 }
[STAGE4] Round 7 -> Phase 1 (cycle via Gruen)
[ZOLT STAGE4 DEBUG] Round 7: val_eval starts/first active round
[ZOLT STAGE4 DEBUG]   val_eval_evals[0] = { 0, 0, 0, 0, 0, 0, 0, 0 }
[ZOLT STAGE4 DEBUG]   val_eval_evals[1] = { 0, 0, 0, 0, 0, 0, 0, 0 }
[ZOLT STAGE4 DEBUG]   val_eval contribution p(0)*coeff = { 0, 0, 0, 0, 0, 0, 0, 0 }
[ZOLT STAGE4 DEBUG] Round 7: val_final starts/first active round
[ZOLT STAGE4 DEBUG]   val_final_evals[0] = { 78, 229, 82, 146, 142, 9, 199, 30 }
[ZOLT STAGE4 DEBUG]   val_final_evals[1] = { 0, 0, 0, 0, 0, 0, 0, 0 }
[ZOLT STAGE4 DEBUG]   val_final contribution p(0)*coeff = { 39, 219, 197, 18, 130, 81, 150, 121 }
[ZOLT STAGE4] Round 7: c0 = { 38, 223, 214, 20, 102, 160, 9, 13, 107, 84, 134, 228, 181, 29, 99, 53 }
[ZOLT STAGE4] Round 7: c2 (actual) = { 36, 81, 88, 144, 76, 129, 131, 75, 208, 18, 7, 60, 54, 99, 77, 242 }
[ZOLT STAGE4] Round 7: c3 = { 48, 6, 229, 233, 235, 132, 238, 149, 58, 104, 212, 107, 235, 2, 208, 217 }
[ZOLT STAGE4] Round 7: batched_claim = { 38, 223, 214, 20, 102, 160, 9, 13, 107, 84, 134, 228, 181, 29, 99, 53 }
[ZOLT TRANSCRIPT] appendMessage: "UniPoly_begin" (len=13), round=508, state_before=[81, 57, 8e, dc, c3, 99, 1e, a3]
[ZOLT TRANSCRIPT]   state_after={ 64 4b 04 06 b4 f0 0b be ... }
[ZOLT TRANSCRIPT] appendBytes: len=32, state_before={ 64 4b 04 06 b4 f0 0b be ... }
[ZOLT TRANSCRIPT]   first_8_bytes={ 26 df d6 14 66 a0 09 0d }
[ZOLT TRANSCRIPT]   last_8_bytes={ 1c 1b b7 18 93 3b 16 52 }
[ZOLT TRANSCRIPT]   state_after={ 3e 87 b8 87 98 a4 8b e8 ... }
[ZOLT TRANSCRIPT] appendBytes: len=32, state_before={ 3e 87 b8 87 98 a4 8b e8 ... }
[ZOLT TRANSCRIPT]   first_8_bytes={ 24 51 58 90 4c 81 83 4b }
[ZOLT TRANSCRIPT]   last_8_bytes={ 9f 34 5e 14 77 6f 77 f2 }
[ZOLT TRANSCRIPT]   state_after={ 48 b3 db b1 27 8b 6e ed ... }
[ZOLT TRANSCRIPT] appendBytes: len=32, state_before={ 48 b3 db b1 27 8b 6e ed ... }
[ZOLT TRANSCRIPT]   first_8_bytes={ 30 06 e5 e9 eb 84 ee 95 }
[ZOLT TRANSCRIPT]   last_8_bytes={ c8 20 81 16 0b 3d 3c 59 }
[ZOLT TRANSCRIPT]   state_after={ 47 fa f7 46 20 a9 c5 94 ... }
[ZOLT TRANSCRIPT] appendMessage: "UniPoly_end" (len=11), round=512, state_before=[47, fa, f7, 46, 20, a9, c5, 94]
[ZOLT TRANSCRIPT]   state_after={ 23 e7 46 37 1b be a7 68 ... }
[ZOLT TRANSCRIPT] challengeScalar128Bits: round=513
[ZOLT TRANSCRIPT]   state_before={ 23 e7 46 37 1b be a7 68 d4 05 1d aa 81 b9 3c 30 b1 e7 48 a7 5c 68 4d b4 2c 37 f2 97 df 2f 89 b8 }
[ZOLT TRANSCRIPT]   challenge_bytes={ e3 4c 78 60 b7 4e 83 46 cf 51 80 a4 1c e5 ad 48 }
[ZOLT TRANSCRIPT]   reversed={ 48 ad e5 1c a4 80 51 cf 46 83 4e b7 60 78 4c e3 }
[ZOLT TRANSCRIPT]   full_value=0x48ade51ca48051cf46834eb760784ce3
[ZOLT TRANSCRIPT]   masked_value=0x8ade51ca48051cf46834eb760784ce3 (125-bit)
[ZOLT TRANSCRIPT]   result_limbs=[0x0, 0x0, 0x46834eb760784ce3, 0x8ade51ca48051cf]
[ZOLT STAGE4] Round 7: challenge (LE) = { 158, 183, 28, 123, 126, 172, 174, 107, 170, 224, 54, 175, 42, 214, 168, 247, 97, 207, 135, 83, 223, 218, 84, 247, 186, 198, 133, 124, 122, 27, 21, 41 }
[ZOLT STAGE4] Round 7: new batched_claim (LE) = { 176, 173, 146, 23, 60, 92, 74, 195, 104, 144, 74, 206, 26, 250, 153, 153, 98, 210, 88, 3, 91, 233, 164, 1, 116, 253, 176, 123, 75, 0, 74, 12 }
[STAGE4 BIND] End of Phase 1 (round 7), merging Gruen eq
[STAGE4 BIND]   merged_eq.len = 1, current_T = 1
[STAGE4 BIND]   merged_eq[0] = { 237, 246, 81, 191, 47, 233, 205, 202 }
[ZOLT BIND DEBUG] Round 7: binding var 0 with challenge (BE)={ 41, 21, 27, 122, 124, 133, 198, 186, 247, 84, 218, 223, 83, 135, 207, 97, 247, 168, 214, 42, 175, 54, 224, 170, 107, 174, 172, 126, 123, 28, 183, 158 }
[ZOLT BIND DEBUG]   BEFORE: lt_evals[0] (BE)={ 42, 246, 194, 161, 17, 20, 138, 44, 37, 50, 117, 98, 91, 85, 56, 229, 94, 133, 138, 206, 222, 95, 142, 78, 147, 68, 152, 40, 24, 46, 25, 39 }
[ZOLT BIND DEBUG]   BEFORE: lt_evals[1] (BE)={ 12, 15, 221, 223, 247, 191, 115, 214, 178, 16, 139, 113, 95, 55, 174, 148, 68, 80, 60, 222, 221, 217, 163, 226, 7, 228, 114, 57, 185, 85, 1, 158 }
[ZOLT BIND DEBUG]   effectiveLen=256
[ZOLT BIND DEBUG]   AFTER: lt_evals[0] (BE)={ 39, 163, 237, 212, 138, 36, 14, 243, 223, 31, 83, 28, 96, 212, 109, 159, 3, 84, 66, 137, 238, 21, 175, 64, 183, 7, 252, 151, 183, 236, 140, 54 }
[STAGE4] Round 8 -> Phase 2 (address, eq not bound)
[STAGE4 PHASE2] First round: evals[0,1,2] = [{ 98, 9, 74, 182, 21, 132, 102, 81 }, { 248, 98, 36, 182, 43, 25, 213, 4 }, { 129, 75, 118, 10, 37, 59, 49, 161 }]
[STAGE4 PHASE2] p(0)+p(1)={ 90, 108, 110, 108, 65, 157, 59, 86 }, previous_claim={ 90, 108, 110, 108, 65, 157, 59, 86 }, match=true
[ZOLT STAGE4 DEBUG] Round 8: val_eval starts/first active round
[ZOLT STAGE4 DEBUG]   val_eval_evals[0] = { 0, 0, 0, 0, 0, 0, 0, 0 }
[ZOLT STAGE4 DEBUG]   val_eval_evals[1] = { 0, 0, 0, 0, 0, 0, 0, 0 }
[ZOLT STAGE4 DEBUG]   val_eval contribution p(0)*coeff = { 0, 0, 0, 0, 0, 0, 0, 0 }
[ZOLT STAGE4 DEBUG] Round 8: val_final starts/first active round
[ZOLT STAGE4 DEBUG]   val_final_evals[0] = { 0, 0, 0, 0, 0, 0, 0, 0 }
[ZOLT STAGE4 DEBUG]   val_final_evals[1] = { 43, 130, 104, 165, 224, 174, 153, 209 }
[ZOLT STAGE4 DEBUG]   val_final contribution p(0)*coeff = { 0, 0, 0, 0, 0, 0, 0, 0 }
[ZOLT STAGE4] Round 8: c0 = { 25, 51, 220, 228, 177, 214, 137, 10, 188, 70, 215, 174, 115, 169, 64, 209 }
[ZOLT STAGE4] Round 8: c2 (actual) = { 42, 141, 134, 1, 56, 19, 214, 6, 1, 28, 195, 187, 17, 138, 191, 183 }
[ZOLT STAGE4] Round 8: c3 = { 0, 0, 0, 0, 0, 0, 0, 0, 0, 0, 0, 0, 0, 0, 0, 0 }
[ZOLT STAGE4] Round 8: batched_claim = { 12, 74, 0, 75, 123, 176, 253, 116, 1, 164, 233, 91, 3, 88, 210, 98 }
[ZOLT TRANSCRIPT] appendMessage: "UniPoly_begin" (len=13), round=514, state_before=[e3, 4c, 78, 60, b7, 4e, 83, 46]
[ZOLT TRANSCRIPT]   state_after={ 95 25 e0 b5 de 99 89 ae ... }
[ZOLT TRANSCRIPT] appendBytes: len=32, state_before={ 95 25 e0 b5 de 99 89 ae ... }
[ZOLT TRANSCRIPT]   first_8_bytes={ 19 33 dc e4 b1 d6 89 0a }
[ZOLT TRANSCRIPT]   last_8_bytes={ 90 1a 33 6a c0 4c 9c 4d }
[ZOLT TRANSCRIPT]   state_after={ 73 8a b8 3f fe 96 d8 86 ... }
[ZOLT TRANSCRIPT] appendBytes: len=32, state_before={ 73 8a b8 3f fe 96 d8 86 ... }
[ZOLT TRANSCRIPT]   first_8_bytes={ 2a 8d 86 01 38 13 d6 06 }
[ZOLT TRANSCRIPT]   last_8_bytes={ ee bc 2e ff 31 00 db 8a }
[ZOLT TRANSCRIPT]   state_after={ 4b 45 17 83 0e 34 c0 7f ... }
[ZOLT TRANSCRIPT] appendBytes: len=32, state_before={ 4b 45 17 83 0e 34 c0 7f ... }
[ZOLT TRANSCRIPT]   first_8_bytes={ 00 00 00 00 00 00 00 00 }
[ZOLT TRANSCRIPT]   last_8_bytes={ 00 00 00 00 00 00 00 00 }
[ZOLT TRANSCRIPT]   state_after={ 0b a1 e6 41 a0 fe 66 6d ... }
[ZOLT TRANSCRIPT] appendMessage: "UniPoly_end" (len=11), round=518, state_before=[0b, a1, e6, 41, a0, fe, 66, 6d]
[ZOLT TRANSCRIPT]   state_after={ cc 8f 28 12 6b be 57 56 ... }
[ZOLT TRANSCRIPT] challengeScalar128Bits: round=519
[ZOLT TRANSCRIPT]   state_before={ cc 8f 28 12 6b be 57 56 74 40 e8 4d 09 2d 7f 15 12 c3 22 89 00 3f 10 d8 ec b0 c3 19 b2 9d df 17 }
[ZOLT TRANSCRIPT]   challenge_bytes={ 8e 5c 8d 3c d3 b4 be c9 6a 40 03 81 7b c3 45 61 }
[ZOLT TRANSCRIPT]   reversed={ 61 45 c3 7b 81 03 40 6a c9 be b4 d3 3c 8d 5c 8e }
[ZOLT TRANSCRIPT]   full_value=0x6145c37b8103406ac9beb4d33c8d5c8e
[ZOLT TRANSCRIPT]   masked_value=0x145c37b8103406ac9beb4d33c8d5c8e (125-bit)
[ZOLT TRANSCRIPT]   result_limbs=[0x0, 0x0, 0xc9beb4d33c8d5c8e, 0x145c37b8103406a]
[ZOLT STAGE4] Round 8: challenge (LE) = { 48, 243, 18, 248, 179, 255, 46, 227, 2, 35, 38, 198, 241, 156, 67, 154, 104, 57, 113, 175, 187, 136, 127, 6, 204, 49, 123, 123, 187, 15, 181, 15 }
[ZOLT STAGE4] Round 8: new batched_claim (LE) = { 31, 63, 144, 129, 184, 143, 164, 252, 95, 150, 135, 69, 58, 52, 30, 229, 112, 31, 8, 118, 52, 98, 85, 28, 161, 25, 98, 39, 72, 186, 129, 15 }
[STAGE4] Round 9 -> Phase 2 (address, eq not bound)
[ZOLT STAGE4] Round 9: c0 = { 18, 49, 132, 131, 33, 46, 7, 140, 200, 122, 205, 44, 42, 216, 38, 110 }
[ZOLT STAGE4] Round 9: c2 (actual) = { 47, 9, 202, 151, 128, 165, 104, 71, 4, 112, 42, 138, 160, 199, 94, 111 }
[ZOLT STAGE4] Round 9: c3 = { 0, 0, 0, 0, 0, 0, 0, 0, 0, 0, 0, 0, 0, 0, 0, 0 }
[ZOLT STAGE4] Round 9: batched_claim = { 15, 129, 186, 72, 39, 98, 25, 161, 28, 85, 98, 52, 118, 8, 31, 112 }
[ZOLT TRANSCRIPT] appendMessage: "UniPoly_begin" (len=13), round=520, state_before=[8e, 5c, 8d, 3c, d3, b4, be, c9]
[ZOLT TRANSCRIPT]   state_after={ be 19 c4 4e 1d ad 46 c0 ... }
[ZOLT TRANSCRIPT] appendBytes: len=32, state_before={ be 19 c4 4e 1d ad 46 c0 ... }
[ZOLT TRANSCRIPT]   first_8_bytes={ 12 31 84 83 21 2e 07 8c }
[ZOLT TRANSCRIPT]   last_8_bytes={ e4 3c cb 68 b5 72 89 47 }
[ZOLT TRANSCRIPT]   state_after={ 14 4f 8c 76 ed 34 13 75 ... }
[ZOLT TRANSCRIPT] appendBytes: len=32, state_before={ 14 4f 8c 76 ed 34 13 75 ... }
[ZOLT TRANSCRIPT]   first_8_bytes={ 2f 09 ca 97 80 a5 68 47 }
[ZOLT TRANSCRIPT]   last_8_bytes={ d7 e4 f3 c8 6b ce 9b b6 }
[ZOLT TRANSCRIPT]   state_after={ 95 e6 54 a4 5b 47 6a 41 ... }
[ZOLT TRANSCRIPT] appendBytes: len=32, state_before={ 95 e6 54 a4 5b 47 6a 41 ... }
[ZOLT TRANSCRIPT]   first_8_bytes={ 00 00 00 00 00 00 00 00 }
[ZOLT TRANSCRIPT]   last_8_bytes={ 00 00 00 00 00 00 00 00 }
[ZOLT TRANSCRIPT]   state_after={ 35 ec 2e 68 07 b9 16 da ... }
[ZOLT TRANSCRIPT] appendMessage: "UniPoly_end" (len=11), round=524, state_before=[35, ec, 2e, 68, 07, b9, 16, da]
[ZOLT TRANSCRIPT]   state_after={ 9f c8 fc 03 5d b0 b0 a0 ... }
[ZOLT TRANSCRIPT] challengeScalar128Bits: round=525
[ZOLT TRANSCRIPT]   state_before={ 9f c8 fc 03 5d b0 b0 a0 56 35 1f 55 3e a8 c8 4b a5 3f d2 b6 56 89 37 2b 09 57 49 00 47 c6 4d 6d }
[ZOLT TRANSCRIPT]   challenge_bytes={ 18 92 cd 18 bb 7f f2 99 b3 d0 fc fc 83 0e f5 77 }
[ZOLT TRANSCRIPT]   reversed={ 77 f5 0e 83 fc fc d0 b3 99 f2 7f bb 18 cd 92 18 }
[ZOLT TRANSCRIPT]   full_value=0x77f50e83fcfcd0b399f27fbb18cd9218
[ZOLT TRANSCRIPT]   masked_value=0x17f50e83fcfcd0b399f27fbb18cd9218 (125-bit)
[ZOLT TRANSCRIPT]   result_limbs=[0x0, 0x0, 0x99f27fbb18cd9218, 0x17f50e83fcfcd0b3]
[ZOLT STAGE4] Round 9: challenge (LE) = { 80, 53, 157, 157, 10, 30, 50, 88, 183, 83, 73, 237, 183, 113, 186, 171, 127, 214, 167, 117, 240, 17, 249, 5, 219, 4, 19, 34, 246, 108, 27, 43 }
[ZOLT STAGE4] Round 9: new batched_claim (LE) = { 111, 129, 170, 48, 247, 59, 113, 21, 159, 12, 113, 248, 94, 180, 120, 94, 141, 55, 245, 199, 5, 229, 56, 242, 112, 118, 106, 149, 29, 223, 158, 17 }
[STAGE4] Round 10 -> Phase 2 (address, eq not bound)
[ZOLT STAGE4] Round 10: c0 = { 47, 23, 53, 94, 174, 236, 176, 118, 193, 206, 228, 184, 148, 186, 150, 132 }
[ZOLT STAGE4] Round 10: c2 (actual) = { 9, 79, 87, 238, 51, 212, 199, 241, 137, 65, 178, 69, 120, 73, 195, 235 }
[ZOLT STAGE4] Round 10: c3 = { 0, 0, 0, 0, 0, 0, 0, 0, 0, 0, 0, 0, 0, 0, 0, 0 }
[ZOLT STAGE4] Round 10: batched_claim = { 17, 158, 223, 29, 149, 106, 118, 112, 242, 56, 229, 5, 199, 245, 55, 141 }
[ZOLT TRANSCRIPT] appendMessage: "UniPoly_begin" (len=13), round=526, state_before=[18, 92, cd, 18, bb, 7f, f2, 99]
[ZOLT TRANSCRIPT]   state_after={ 2c 25 0d 2c 2d 3a 0b 3c ... }
[ZOLT TRANSCRIPT] appendBytes: len=32, state_before={ 2c 25 0d 2c 2d 3a 0b 3c ... }
[ZOLT TRANSCRIPT]   first_8_bytes={ 2f 17 35 5e ae ec b0 76 }
[ZOLT TRANSCRIPT]   last_8_bytes={ 84 72 ba f8 7f 4d b8 09 }
[ZOLT TRANSCRIPT]   state_after={ 2b 12 c1 17 ce b5 a9 0a ... }
[ZOLT TRANSCRIPT] appendBytes: len=32, state_before={ 2b 12 c1 17 ce b5 a9 0a ... }
[ZOLT TRANSCRIPT]   first_8_bytes={ 09 4f 57 ee 33 d4 c7 f1 }
[ZOLT TRANSCRIPT]   last_8_bytes={ 72 ab f9 1c cf cd 40 01 }
[ZOLT TRANSCRIPT]   state_after={ a0 54 b3 eb 4f e9 95 8b ... }
[ZOLT TRANSCRIPT] appendBytes: len=32, state_before={ a0 54 b3 eb 4f e9 95 8b ... }
[ZOLT TRANSCRIPT]   first_8_bytes={ 00 00 00 00 00 00 00 00 }
[ZOLT TRANSCRIPT]   last_8_bytes={ 00 00 00 00 00 00 00 00 }
[ZOLT TRANSCRIPT]   state_after={ b2 6d 79 fd 19 84 d1 22 ... }
[ZOLT TRANSCRIPT] appendMessage: "UniPoly_end" (len=11), round=530, state_before=[b2, 6d, 79, fd, 19, 84, d1, 22]
[ZOLT TRANSCRIPT]   state_after={ 6e 1a 2c cc f4 77 70 71 ... }
[ZOLT TRANSCRIPT] challengeScalar128Bits: round=531
[ZOLT TRANSCRIPT]   state_before={ 6e 1a 2c cc f4 77 70 71 42 26 a7 16 b7 c1 28 d0 9c 56 2f 22 81 67 60 1e e1 41 5c 9c 0b 8c ef 13 }
[ZOLT TRANSCRIPT]   challenge_bytes={ 50 ab 84 33 21 d7 91 a0 99 23 26 12 43 56 89 ca }
[ZOLT TRANSCRIPT]   reversed={ ca 89 56 43 12 26 23 99 a0 91 d7 21 33 84 ab 50 }
[ZOLT TRANSCRIPT]   full_value=0xca89564312262399a091d7213384ab50
[ZOLT TRANSCRIPT]   masked_value=0xa89564312262399a091d7213384ab50 (125-bit)
[ZOLT TRANSCRIPT]   result_limbs=[0x0, 0x0, 0xa091d7213384ab50, 0xa89564312262399]
[ZOLT STAGE4] Round 10: challenge (LE) = { 242, 188, 207, 10, 124, 90, 138, 215, 122, 252, 176, 12, 152, 134, 11, 206, 56, 142, 102, 51, 136, 56, 209, 189, 105, 189, 157, 252, 143, 220, 32, 14 }
[ZOLT STAGE4] Round 10: new batched_claim (LE) = { 43, 88, 67, 89, 139, 10, 115, 127, 180, 234, 245, 51, 206, 222, 182, 231, 2, 123, 178, 74, 199, 141, 189, 180, 80, 0, 253, 71, 116, 45, 135, 24 }
[STAGE4] Round 11 -> Phase 2 (address, eq not bound)
[ZOLT STAGE4] Round 11: c0 = { 40, 30, 237, 229, 22, 254, 83, 212, 91, 151, 133, 255, 84, 253, 114, 6 }
[ZOLT STAGE4] Round 11: c2 (actual) = { 2, 55, 195, 42, 161, 184, 94, 252, 80, 242, 71, 215, 252, 175, 128, 211 }
[ZOLT STAGE4] Round 11: c3 = { 0, 0, 0, 0, 0, 0, 0, 0, 0, 0, 0, 0, 0, 0, 0, 0 }
[ZOLT STAGE4] Round 11: batched_claim = { 24, 135, 45, 116, 71, 253, 0, 80, 180, 189, 141, 199, 74, 178, 123, 2 }
[ZOLT TRANSCRIPT] appendMessage: "UniPoly_begin" (len=13), round=532, state_before=[50, ab, 84, 33, 21, d7, 91, a0]
[ZOLT TRANSCRIPT]   state_after={ 08 29 c1 99 b5 f6 15 e3 ... }
[ZOLT TRANSCRIPT] appendBytes: len=32, state_before={ 08 29 c1 99 b5 f6 15 e3 ... }
[ZOLT TRANSCRIPT]   first_8_bytes={ 28 1e ed e5 16 fe 53 d4 }
[ZOLT TRANSCRIPT]   last_8_bytes={ b7 a6 b5 d9 93 59 93 22 }
[ZOLT TRANSCRIPT]   state_after={ 16 df 83 94 bf 1c d5 fc ... }
[ZOLT TRANSCRIPT] appendBytes: len=32, state_before={ 16 df 83 94 bf 1c d5 fc ... }
[ZOLT TRANSCRIPT]   first_8_bytes={ 02 37 c3 2a a1 b8 5e fc }
[ZOLT TRANSCRIPT]   last_8_bytes={ 31 eb 0f 23 96 3d 3f f8 }
[ZOLT TRANSCRIPT]   state_after={ bd b5 17 57 e9 4d fb 9f ... }
[ZOLT TRANSCRIPT] appendBytes: len=32, state_before={ bd b5 17 57 e9 4d fb 9f ... }
[ZOLT TRANSCRIPT]   first_8_bytes={ 00 00 00 00 00 00 00 00 }
[ZOLT TRANSCRIPT]   last_8_bytes={ 00 00 00 00 00 00 00 00 }
[ZOLT TRANSCRIPT]   state_after={ 16 d5 dd b7 47 74 7a e1 ... }
[ZOLT TRANSCRIPT] appendMessage: "UniPoly_end" (len=11), round=536, state_before=[16, d5, dd, b7, 47, 74, 7a, e1]
[ZOLT TRANSCRIPT]   state_after={ 82 33 d7 e9 d5 68 3f db ... }
[ZOLT TRANSCRIPT] challengeScalar128Bits: round=537
[ZOLT TRANSCRIPT]   state_before={ 82 33 d7 e9 d5 68 3f db 6b 66 52 15 00 7d 76 f5 bf da 48 da 74 3b 7a a4 79 7d 58 81 66 5a 71 28 }
[ZOLT TRANSCRIPT]   challenge_bytes={ d9 0e 97 d3 c4 47 83 86 28 d2 a9 c7 b7 84 04 39 }
[ZOLT TRANSCRIPT]   reversed={ 39 04 84 b7 c7 a9 d2 28 86 83 47 c4 d3 97 0e d9 }
[ZOLT TRANSCRIPT]   full_value=0x390484b7c7a9d228868347c4d3970ed9
[ZOLT TRANSCRIPT]   masked_value=0x190484b7c7a9d228868347c4d3970ed9 (125-bit)
[ZOLT TRANSCRIPT]   result_limbs=[0x0, 0x0, 0x868347c4d3970ed9, 0x190484b7c7a9d228]
[ZOLT STAGE4] Round 11: challenge (LE) = { 198, 58, 164, 237, 101, 112, 116, 24, 230, 177, 124, 67, 215, 119, 99, 249, 71, 213, 1, 123, 127, 158, 103, 223, 50, 25, 251, 11, 80, 173, 91, 42 }
[ZOLT STAGE4] Round 11: new batched_claim (LE) = { 131, 32, 82, 138, 7, 25, 215, 103, 105, 27, 210, 226, 109, 155, 105, 108, 45, 154, 255, 148, 160, 190, 108, 234, 51, 108, 49, 112, 149, 150, 150, 38 }
[STAGE4] Round 12 -> Phase 2 (address, eq not bound)
[ZOLT STAGE4] Round 12: c0 = { 33, 162, 127, 113, 143, 186, 204, 148, 49, 173, 69, 80, 207, 124, 100, 223 }
[ZOLT STAGE4] Round 12: c2 (actual) = { 24, 46, 45, 65, 8, 23, 169, 236, 127, 96, 107, 13, 25, 183, 254, 226 }
[ZOLT STAGE4] Round 12: c3 = { 0, 0, 0, 0, 0, 0, 0, 0, 0, 0, 0, 0, 0, 0, 0, 0 }
[ZOLT STAGE4] Round 12: batched_claim = { 38, 150, 150, 149, 112, 49, 108, 51, 234, 108, 190, 160, 148, 255, 154, 45 }
[ZOLT TRANSCRIPT] appendMessage: "UniPoly_begin" (len=13), round=538, state_before=[d9, 0e, 97, d3, c4, 47, 83, 86]
[ZOLT TRANSCRIPT]   state_after={ 6c 4c 57 02 92 24 22 22 ... }
[ZOLT TRANSCRIPT] appendBytes: len=32, state_before={ 6c 4c 57 02 92 24 22 22 ... }
[ZOLT TRANSCRIPT]   first_8_bytes={ 21 a2 7f 71 8f ba cc 94 }
[ZOLT TRANSCRIPT]   last_8_bytes={ cd a9 3f f7 06 ab 77 34 }
[ZOLT TRANSCRIPT]   state_after={ 90 bc 7f 4c e0 f5 7d e4 ... }
[ZOLT TRANSCRIPT] appendBytes: len=32, state_before={ 90 bc 7f 4c e0 f5 7d e4 ... }
[ZOLT TRANSCRIPT]   first_8_bytes={ 18 2e 2d 41 08 17 a9 ec }
[ZOLT TRANSCRIPT]   last_8_bytes={ e8 55 e3 01 bf 2a 0e 0d }
[ZOLT TRANSCRIPT]   state_after={ 04 d3 15 01 c8 93 86 32 ... }
[ZOLT TRANSCRIPT] appendBytes: len=32, state_before={ 04 d3 15 01 c8 93 86 32 ... }
[ZOLT TRANSCRIPT]   first_8_bytes={ 00 00 00 00 00 00 00 00 }
[ZOLT TRANSCRIPT]   last_8_bytes={ 00 00 00 00 00 00 00 00 }
[ZOLT TRANSCRIPT]   state_after={ 6a 02 b2 dd 2a 0f 55 e8 ... }
[ZOLT TRANSCRIPT] appendMessage: "UniPoly_end" (len=11), round=542, state_before=[6a, 02, b2, dd, 2a, 0f, 55, e8]
[ZOLT TRANSCRIPT]   state_after={ 22 b2 7b f7 fd 09 51 e5 ... }
[ZOLT TRANSCRIPT] challengeScalar128Bits: round=543
[ZOLT TRANSCRIPT]   state_before={ 22 b2 7b f7 fd 09 51 e5 0f 61 c6 ea 63 f8 e5 ed 86 a9 f5 8a bb 26 23 69 8d 24 8d 05 d4 42 f0 03 }
[ZOLT TRANSCRIPT]   challenge_bytes={ b5 0b 67 11 06 93 88 87 9c 3c 42 fd d4 92 ca 27 }
[ZOLT TRANSCRIPT]   reversed={ 27 ca 92 d4 fd 42 3c 9c 87 88 93 06 11 67 0b b5 }
[ZOLT TRANSCRIPT]   full_value=0x27ca92d4fd423c9c8788930611670bb5
[ZOLT TRANSCRIPT]   masked_value=0x7ca92d4fd423c9c8788930611670bb5 (125-bit)
[ZOLT TRANSCRIPT]   result_limbs=[0x0, 0x0, 0x8788930611670bb5, 0x7ca92d4fd423c9c]
[ZOLT STAGE4] Round 12: challenge (LE) = { 114, 217, 187, 74, 209, 106, 226, 185, 233, 247, 67, 144, 194, 196, 103, 67, 20, 83, 113, 72, 2, 14, 221, 115, 42, 223, 75, 111, 28, 83, 36, 42 }
[ZOLT STAGE4] Round 12: new batched_claim (LE) = { 114, 218, 33, 179, 244, 57, 29, 112, 73, 252, 150, 14, 45, 3, 184, 126, 187, 29, 110, 110, 41, 158, 149, 187, 159, 116, 15, 214, 41, 13, 109, 1 }
[STAGE4] Round 13 -> Phase 2 (address, eq not bound)
[ZOLT STAGE4] Round 13: c0 = { 1, 109, 13, 41, 214, 15, 116, 159, 187, 149, 158, 41, 110, 110, 29, 187 }
[ZOLT STAGE4] Round 13: c2 (actual) = { 24, 88, 184, 46, 153, 231, 156, 216, 177, 133, 37, 192, 171, 128, 43, 38 }
[ZOLT STAGE4] Round 13: c3 = { 0, 0, 0, 0, 0, 0, 0, 0, 0, 0, 0, 0, 0, 0, 0, 0 }
[ZOLT STAGE4] Round 13: batched_claim = { 1, 109, 13, 41, 214, 15, 116, 159, 187, 149, 158, 41, 110, 110, 29, 187 }
[ZOLT TRANSCRIPT] appendMessage: "UniPoly_begin" (len=13), round=544, state_before=[b5, 0b, 67, 11, 06, 93, 88, 87]
[ZOLT TRANSCRIPT]   state_after={ 29 04 55 82 71 95 1a ae ... }
[ZOLT TRANSCRIPT] appendBytes: len=32, state_before={ 29 04 55 82 71 95 1a ae ... }
[ZOLT TRANSCRIPT]   first_8_bytes={ 01 6d 0d 29 d6 0f 74 9f }
[ZOLT TRANSCRIPT]   last_8_bytes={ 70 1d 39 f4 b3 21 da 72 }
[ZOLT TRANSCRIPT]   state_after={ af 13 d6 43 f6 6e 0c 3d ... }
[ZOLT TRANSCRIPT] appendBytes: len=32, state_before={ af 13 d6 43 f6 6e 0c 3d ... }
[ZOLT TRANSCRIPT]   first_8_bytes={ 18 58 b8 2e 99 e7 9c d8 }
[ZOLT TRANSCRIPT]   last_8_bytes={ 4d c3 81 be 1f 4f 14 f2 }
[ZOLT TRANSCRIPT]   state_after={ ae c0 60 c0 a8 36 d4 36 ... }
[ZOLT TRANSCRIPT] appendBytes: len=32, state_before={ ae c0 60 c0 a8 36 d4 36 ... }
[ZOLT TRANSCRIPT]   first_8_bytes={ 00 00 00 00 00 00 00 00 }
[ZOLT TRANSCRIPT]   last_8_bytes={ 00 00 00 00 00 00 00 00 }
[ZOLT TRANSCRIPT]   state_after={ f2 18 5f 90 f6 31 c1 73 ... }
[ZOLT TRANSCRIPT] appendMessage: "UniPoly_end" (len=11), round=548, state_before=[f2, 18, 5f, 90, f6, 31, c1, 73]
[ZOLT TRANSCRIPT]   state_after={ 4b 1b 74 9b 9a 44 3c d8 ... }
[ZOLT TRANSCRIPT] challengeScalar128Bits: round=549
[ZOLT TRANSCRIPT]   state_before={ 4b 1b 74 9b 9a 44 3c d8 b6 73 c7 a2 ad 00 b7 54 49 68 f8 e7 85 e0 8c 76 b5 b1 7c 5c 0c 5d 5a bd }
[ZOLT TRANSCRIPT]   challenge_bytes={ f3 67 8b 65 2a cd 85 2e 18 54 02 5a 0f bd ce 94 }
[ZOLT TRANSCRIPT]   reversed={ 94 ce bd 0f 5a 02 54 18 2e 85 cd 2a 65 8b 67 f3 }
[ZOLT TRANSCRIPT]   full_value=0x94cebd0f5a0254182e85cd2a658b67f3
[ZOLT TRANSCRIPT]   masked_value=0x14cebd0f5a0254182e85cd2a658b67f3 (125-bit)
[ZOLT TRANSCRIPT]   result_limbs=[0x0, 0x0, 0x2e85cd2a658b67f3, 0x14cebd0f5a025418]
[ZOLT STAGE4] Round 13: challenge (LE) = { 13, 75, 124, 184, 148, 139, 178, 26, 237, 68, 118, 108, 18, 208, 219, 220, 210, 232, 149, 36, 84, 214, 95, 239, 116, 221, 99, 170, 107, 192, 176, 29 }
[ZOLT STAGE4] Round 13: new batched_claim (LE) = { 34, 127, 80, 230, 64, 148, 113, 57, 61, 177, 10, 134, 93, 100, 230, 160, 145, 167, 243, 145, 15, 194, 184, 81, 10, 89, 69, 13, 84, 92, 91, 20 }
[STAGE4] Round 14 -> Phase 2 (address, eq not bound)
[ZOLT STAGE4] Round 14: c0 = { 20, 91, 92, 84, 13, 69, 89, 10, 81, 184, 194, 15, 145, 243, 167, 145 }
[ZOLT STAGE4] Round 14: c2 (actual) = { 9, 199, 22, 171, 98, 93, 137, 97, 211, 131, 10, 216, 251, 233, 144, 59 }
[ZOLT STAGE4] Round 14: c3 = { 0, 0, 0, 0, 0, 0, 0, 0, 0, 0, 0, 0, 0, 0, 0, 0 }
[ZOLT STAGE4] Round 14: batched_claim = { 20, 91, 92, 84, 13, 69, 89, 10, 81, 184, 194, 15, 145, 243, 167, 145 }
[ZOLT TRANSCRIPT] appendMessage: "UniPoly_begin" (len=13), round=550, state_before=[f3, 67, 8b, 65, 2a, cd, 85, 2e]
[ZOLT TRANSCRIPT]   state_after={ 24 1a f7 59 26 9c 2d 23 ... }
[ZOLT TRANSCRIPT] appendBytes: len=32, state_before={ 24 1a f7 59 26 9c 2d 23 ... }
[ZOLT TRANSCRIPT]   first_8_bytes={ 14 5b 5c 54 0d 45 59 0a }
[ZOLT TRANSCRIPT]   last_8_bytes={ 39 71 94 40 e6 50 7f 22 }
[ZOLT TRANSCRIPT]   state_after={ 31 40 ac fe d0 60 30 1b ... }
[ZOLT TRANSCRIPT] appendBytes: len=32, state_before={ 31 40 ac fe d0 60 30 1b ... }
[ZOLT TRANSCRIPT]   first_8_bytes={ 09 c7 16 ab 62 5d 89 61 }
[ZOLT TRANSCRIPT]   last_8_bytes={ 30 5d 07 36 06 ef 5e ce }
[ZOLT TRANSCRIPT]   state_after={ aa 6b 78 22 22 99 20 ba ... }
[ZOLT TRANSCRIPT] appendBytes: len=32, state_before={ aa 6b 78 22 22 99 20 ba ... }
[ZOLT TRANSCRIPT]   first_8_bytes={ 00 00 00 00 00 00 00 00 }
[ZOLT TRANSCRIPT]   last_8_bytes={ 00 00 00 00 00 00 00 00 }
[ZOLT TRANSCRIPT]   state_after={ 4a 52 c3 96 23 04 db 58 ... }
[ZOLT TRANSCRIPT] appendMessage: "UniPoly_end" (len=11), round=554, state_before=[4a, 52, c3, 96, 23, 04, db, 58]
[ZOLT TRANSCRIPT]   state_after={ 4e a6 f2 a8 cc 40 7b ce ... }
[ZOLT TRANSCRIPT] challengeScalar128Bits: round=555
[ZOLT TRANSCRIPT]   state_before={ 4e a6 f2 a8 cc 40 7b ce 7a 96 a2 d0 ee 30 d2 0f ec 89 7f 7d 33 d0 a7 f9 bc 05 6d a4 be 91 d8 e9 }
[ZOLT TRANSCRIPT]   challenge_bytes={ e9 82 30 0f df a8 50 fa 58 df fe 1b c1 e7 39 c2 }
[ZOLT TRANSCRIPT]   reversed={ c2 39 e7 c1 1b fe df 58 fa 50 a8 df 0f 30 82 e9 }
[ZOLT TRANSCRIPT]   full_value=0xc239e7c11bfedf58fa50a8df0f3082e9
[ZOLT TRANSCRIPT]   masked_value=0x239e7c11bfedf58fa50a8df0f3082e9 (125-bit)
[ZOLT TRANSCRIPT]   result_limbs=[0x0, 0x0, 0xfa50a8df0f3082e9, 0x239e7c11bfedf58]
[ZOLT STAGE4] Round 14: challenge (LE) = { 108, 14, 119, 123, 3, 62, 73, 151, 86, 102, 253, 215, 4, 155, 100, 9, 122, 15, 34, 192, 220, 216, 0, 202, 17, 189, 97, 115, 234, 115, 75, 44 }
[ZOLT STAGE4] Round 14: new batched_claim (LE) = { 161, 185, 211, 133, 99, 49, 209, 90, 68, 52, 69, 73, 84, 228, 53, 183, 157, 153, 133, 40, 248, 106, 95, 230, 84, 65, 57, 234, 199, 23, 66, 0 }

[ZOLT STAGE4 FINAL BIND] After round 14, merged_eq[0] = { 237, 246, 81, 191, 47, 233, 205, 202, 90, 18, 237, 231, 56, 10, 173, 166, 215, 121, 181, 125, 172, 149, 197, 39, 18, 182, 36, 212, 227, 153, 58, 12 }
[ZOLT STAGE4 FINAL BIND] This should match Jolt's eq_eval
[ZOLT STAGE4 FINAL BIND] eq_scalar = { 237, 246, 81, 191, 47, 233, 205, 202, 90, 18, 237, 231, 56, 10, 173, 166, 215, 121, 181, 125, 172, 149, 197, 39, 18, 182, 36, 212, 227, 153, 58, 12 }
[ZOLT STAGE4 FINAL BIND] combined (ra*val + wa*(val+inc)) = { 206, 55, 26, 244, 53, 213, 181, 116, 113, 157, 111, 88, 71, 123, 238, 22, 68, 118, 151, 222, 166, 11, 119, 134, 174, 4, 245, 42, 160, 241, 75, 47 }
[ZOLT STAGE4 FINAL BIND] expected (eq * combined) = { 155, 226, 192, 104, 220, 170, 32, 76, 114, 245, 96, 42, 211, 198, 7, 62, 112, 157, 181, 187, 179, 67, 198, 234, 212, 103, 154, 169, 198, 231, 151, 47 }
[ZOLT BIND DEBUG] Round 14: binding var 7 with challenge (BE)={ 44, 75, 115, 234, 115, 97, 189, 17, 202, 0, 216, 220, 192, 34, 15, 122, 9, 100, 155, 4, 215, 253, 102, 86, 151, 73, 62, 3, 123, 119, 14, 108 }
[ZOLT BIND DEBUG]   BEFORE: lt_evals[0] (BE)={ 26, 6, 3, 140, 231, 84, 207, 220, 33, 48, 70, 103, 110, 248, 253, 85, 253, 18, 53, 225, 100, 240, 51, 129, 30, 89, 22, 77, 162, 234, 201, 174 }
[ZOLT BIND DEBUG]   BEFORE: lt_evals[1] (BE)={ 33, 216, 86, 172, 84, 123, 92, 251, 146, 61, 54, 92, 241, 128, 25, 27, 167, 96, 241, 107, 224, 31, 42, 144, 220, 15, 211, 44, 178, 153, 157, 126 }
[ZOLT BIND DEBUG]   effectiveLen=2
[ZOLT BIND DEBUG]   AFTER: lt_evals[0] (BE)={ 28, 21, 26, 217, 17, 212, 85, 43, 122, 133, 42, 117, 162, 206, 66, 196, 38, 113, 52, 127, 86, 202, 212, 83, 215, 86, 86, 209, 196, 140, 14, 49 }
[ZOLT STAGE4] Final batched_claim = { 0, 66, 23, 199, 234, 57, 65, 84, 230, 95, 106, 248, 40, 133, 153, 157, 183, 53, 228, 84, 73, 69, 52, 68, 90, 209, 49, 99, 133, 211, 185, 161 }
[ZOLT STAGE4 FINAL DEBUG] regs_current_claim (poly_0 final) = { 155, 226, 192, 104, 220, 170, 32, 76, 114, 245, 96, 42, 211, 198, 7, 62, 112, 157, 181, 187, 179, 67, 198, 234, 212, 103, 154, 169, 198, 231, 151, 47 }
[ZOLT STAGE4 FINAL DEBUG] val_eval_current_claim (poly_1 final) = { 0, 0, 0, 0, 0, 0, 0, 0, 0, 0, 0, 0, 0, 0, 0, 0, 0, 0, 0, 0, 0, 0, 0, 0, 0, 0, 0, 0, 0, 0, 0, 0 }
[ZOLT STAGE4 FINAL DEBUG] val_final_current_claim (poly_2 final) = { 0, 137, 203, 82, 69, 247, 39, 30, 62, 193, 149, 213, 30, 222, 9, 118, 184, 123, 222, 227, 26, 8, 39, 119, 94, 184, 121, 98, 231, 109, 79, 15 }
[ZOLT STAGE4 FINAL DEBUG] coeff[0] * regs_current = { 251, 230, 109, 226, 57, 12, 75, 233, 163, 1, 155, 191, 69, 186, 115, 145, 178, 0, 196, 119, 206, 162, 20, 188, 225, 23, 32, 171, 238, 169, 18, 41 }
[ZOLT STAGE4 FINAL DEBUG] coeff[1] * val_eval_current = { 0, 0, 0, 0, 0, 0, 0, 0, 0, 0, 0, 0, 0, 0, 0, 0, 0, 0, 0, 0, 0, 0, 0, 0, 0, 0, 0, 0, 0, 0, 0, 0 }
[ZOLT STAGE4 FINAL DEBUG] coeff[2] * val_final_current = { 167, 210, 101, 147, 189, 26, 104, 181, 49, 163, 99, 3, 87, 18, 246, 77, 72, 241, 66, 50, 224, 13, 155, 226, 156, 201, 74, 32, 76, 188, 147, 7 }
[ZOLT STAGE4 FINAL DEBUG] prover_expected (sum) = { 161, 185, 211, 133, 99, 49, 209, 90, 68, 52, 69, 73, 84, 228, 53, 183, 157, 153, 133, 40, 248, 106, 95, 230, 84, 65, 57, 234, 199, 23, 66, 0 }
[ZOLT STAGE4 FINAL DEBUG] batched_claim = { 161, 185, 211, 133, 99, 49, 209, 90, 68, 52, 69, 73, 84, 228, 53, 183, 157, 153, 133, 40, 248, 106, 95, 230, 84, 65, 57, 234, 199, 23, 66, 0 }
[ZOLT STAGE4 FINAL DEBUG] Match? true
[ZOLT LT FINAL] val_eval_openings.lt_eval (from prover binding) = { 28, 21, 26, 217, 17, 212, 85, 43, 122, 133, 42, 117, 162, 206, 66, 196, 38, 113, 52, 127, 86, 202, 212, 83, 215, 86, 86, 209, 196, 140, 14, 49 }
[ZOLT LT FINAL] val_eval_openings.inc_eval = { 0, 0, 0, 0, 0, 0, 0, 0, 0, 0, 0, 0, 0, 0, 0, 0, 0, 0, 0, 0, 0, 0, 0, 0, 0, 0, 0, 0, 0, 0, 0, 0 }
[ZOLT LT FINAL] val_eval_openings.wa_eval = { 32, 251, 147, 22, 160, 235, 105, 96, 120, 85, 139, 40, 163, 93, 169, 133, 167, 95, 65, 92, 98, 249, 193, 130, 31, 19, 230, 115, 54, 62, 179, 140 }
[ZOLT STAGE4 FIX] normalize_opening_point reconstruction:
[ZOLT STAGE4 FIX]   regs_phase1_rounds = 8
[ZOLT STAGE4 FIX]   regs_phase2_rounds = 7
[ZOLT STAGE4 FIX]   regs_phase3_cycle_len = 0
[ZOLT STAGE4 FIX]   n_cycle_vars = 8
[ZOLT STAGE4 FIX] r_cycle construction:
[ZOLT STAGE4 FIX]   r_cycle_sumcheck_be[0] (should be round 14 challenge reversed) = { 158, 183, 28, 123, 126, 172, 174, 107 }
[ZOLT STAGE4 FIX]   r_cycle_sumcheck_be[0] (should be round 7 challenge reversed) = { 158, 183, 28, 123, 126, 172, 174, 107 }

[ZOLT STAGE4 CHALLENGE DEBUG] r_cycle_sumcheck_be[0] RAW LIMBS:
  limbs[0] = 0x0
  limbs[1] = 0x0
  limbs[2] = 0x46834eb760784ce3 (this is 'low' in Jolt's Challenge)
  limbs[3] = 0x8ade51ca48051cf (this is 'high' in Jolt's Challenge)
  Jolt's r_cycle[0] should have: low=0x..., high=0x... (read from bytes 16-31)
[STAGE4 ZOLT CHECK] r_cycle_sumcheck_be.len = 8
[STAGE4 ZOLT CHECK]   r_cycle_sumcheck_be[0] (FULL 32 bytes) = { 158, 183, 28, 123, 126, 172, 174, 107, 170, 224, 54, 175, 42, 214, 168, 247, 97, 207, 135, 83, 223, 218, 84, 247, 186, 198, 133, 124, 122, 27, 21, 41 }
[STAGE4 ZOLT CHECK]   r_cycle_sumcheck_be[1] (FULL 32 bytes) = { 119, 165, 60, 73, 13, 254, 127, 215, 3, 198, 240, 255, 16, 141, 20, 77, 58, 169, 178, 85, 212, 11, 125, 202, 162, 205, 139, 244, 51, 158, 118, 26 }
[STAGE4 ZOLT CHECK]   r_cycle_sumcheck_be[2] (FULL 32 bytes) = { 20, 83, 52, 111, 66, 131, 78, 233, 136, 38, 231, 148, 183, 51, 15, 71, 159, 41, 129, 27, 48, 186, 242, 11, 205, 4, 133, 134, 173, 85, 213, 44 }
[STAGE4 ZOLT CHECK]   r_cycle_sumcheck_be[3] (FULL 32 bytes) = { 192, 170, 178, 118, 60, 244, 159, 73, 3, 52, 94, 52, 133, 43, 5, 13, 121, 128, 204, 42, 108, 207, 12, 28, 183, 255, 4, 178, 97, 255, 246, 5 }
[STAGE4 ZOLT CHECK]   r_cycle_sumcheck_be[4] (FULL 32 bytes) = { 92, 147, 1, 178, 84, 93, 83, 170, 161, 166, 47, 43, 73, 37, 121, 30, 143, 2, 208, 148, 118, 113, 169, 244, 101, 143, 140, 13, 195, 35, 39, 22 }
[STAGE4 ZOLT CHECK]   r_cycle_sumcheck_be[5] (FULL 32 bytes) = { 216, 207, 235, 252, 156, 43, 221, 106, 99, 203, 211, 250, 118, 96, 138, 229, 207, 188, 5, 142, 25, 212, 75, 232, 150, 185, 176, 111, 155, 96, 113, 3 }
[STAGE4 ZOLT CHECK]   r_cycle_sumcheck_be[6] (FULL 32 bytes) = { 202, 180, 144, 6, 61, 102, 58, 204, 7, 254, 116, 102, 66, 52, 247, 249, 9, 187, 38, 37, 234, 169, 236, 128, 176, 98, 38, 28, 186, 221, 77, 31 }
[STAGE4 ZOLT CHECK]   r_cycle_sumcheck_be[7] (FULL 32 bytes) = { 102, 244, 91, 128, 156, 83, 204, 144, 27, 3, 210, 56, 243, 140, 115, 176, 21, 16, 122, 105, 92, 130, 187, 106, 165, 137, 31, 248, 245, 196, 248, 13 }
[STAGE4 ZOLT CHECK] stage3_r_cycle_le (original from Stage 3).len = 8
[STAGE4 ZOLT CHECK]   stage3_r_cycle_le[0] = { 220, 177, 241, 22, 24, 75, 138, 194 }
[STAGE4 ZOLT CHECK]   stage3_r_cycle_le[1] = { 222, 216, 69, 73, 78, 119, 181, 102 }
[STAGE4 ZOLT CHECK]   stage3_r_cycle_le[2] = { 176, 255, 126, 22, 233, 195, 234, 29 }
[STAGE4 ZOLT CHECK]   stage3_r_cycle_le[3] = { 107, 184, 1, 115, 185, 92, 150, 246 }
[STAGE4 ZOLT CHECK]   stage3_r_cycle_le[4] = { 61, 119, 112, 200, 77, 236, 220, 3 }
[STAGE4 ZOLT CHECK]   stage3_r_cycle_le[5] = { 199, 89, 250, 71, 118, 206, 17, 33 }
[STAGE4 ZOLT CHECK]   stage3_r_cycle_le[6] = { 63, 212, 155, 210, 72, 134, 155, 252 }
[STAGE4 ZOLT CHECK]   stage3_r_cycle_le[7] = { 206, 191, 229, 10, 111, 209, 231, 11 }
[STAGE4 ZOLT CHECK] eq_val_be (BIG_ENDIAN) = { 237, 246, 81, 191, 47, 233, 205, 202, 90, 18, 237, 231, 56, 10, 173, 166, 215, 121, 181, 125, 172, 149, 197, 39, 18, 182, 36, 212, 227, 153, 58, 12 }
[STAGE4 ZOLT CHECK] regs_output_claim = { 155, 226, 192, 104, 220, 170, 32, 76, 114, 245, 96, 42, 211, 198, 7, 62, 112, 157, 181, 187, 179, 67, 198, 234, 212, 103, 154, 169, 198, 231, 151, 47 }
[STAGE4 ZOLT CHECK] combined = { 206, 55, 26, 244, 53, 213, 181, 116, 113, 157, 111, 88, 71, 123, 238, 22, 68, 118, 151, 222, 166, 11, 119, 134, 174, 4, 245, 42, 160, 241, 75, 47 }
[STAGE4 ZOLT CHECK] eq_val_be = { 237, 246, 81, 191, 47, 233, 205, 202, 90, 18, 237, 231, 56, 10, 173, 166, 215, 121, 181, 125, 172, 149, 197, 39, 18, 182, 36, 212, 227, 153, 58, 12 }
[ZOLT STAGE4 CLAIMS] val_claim bytes = { 105, 97, 89, 31, 112, 92, 95, 154, 77, 82, 143, 125, 244, 65, 156, 60, 191, 158, 174, 182, 102, 11, 16, 51, 51, 160, 200, 100, 159, 161, 188, 17 }
[ZOLT STAGE4 CLAIMS] rs1_ra_claim bytes = { 129, 136, 121, 12, 41, 193, 250, 241, 6, 26, 204, 252, 195, 110, 127, 84, 143, 13, 68, 154, 174, 236, 233, 29, 37, 87, 174, 152, 150, 151, 255, 24 }
[ZOLT STAGE4 CLAIMS] rs2_ra_claim bytes = { 149, 231, 141, 23, 215, 114, 223, 129, 233, 191, 26, 105, 180, 184, 247, 71, 86, 112, 49, 246, 138, 246, 125, 163, 82, 253, 109, 103, 64, 164, 79, 22 }
[ZOLT STAGE4 CLAIMS] rd_wa_claim bytes = { 74, 233, 223, 50, 69, 96, 127, 66, 207, 57, 49, 127, 212, 58, 42, 224, 36, 145, 144, 191, 65, 165, 196, 45, 31, 118, 158, 167, 31, 158, 54, 31 }
[ZOLT STAGE4 CLAIMS] inc_claim bytes = { 68, 151, 62, 205, 97, 225, 236, 50, 18, 153, 70, 99, 247, 161, 138, 207, 70, 143, 163, 100, 190, 128, 181, 186, 202, 119, 185, 17, 246, 179, 7, 39 }
[ZOLT STAGE4 CLAIMS] rd_write_value_claim (rd_wa*(inc+val)) bytes = { 40, 145, 212, 18, 242, 252, 18, 244, 41, 13, 220, 168, 115, 151, 137, 70, 217, 223, 250, 11, 236, 217, 249, 181, 159, 131, 172, 255, 2, 0, 188, 16 }
[ZOLT STAGE4 CLAIMS] rs1_value_claim (rs1_ra*val) bytes = { 222, 164, 70, 77, 232, 142, 44, 12, 88, 69, 216, 74, 68, 18, 122, 183, 25, 205, 67, 101, 31, 115, 168, 3, 203, 241, 48, 138, 255, 54, 100, 25 }
[ZOLT STAGE4 CLAIMS] rs2_value_claim (rs2_ra*val) bytes = { 91, 238, 198, 153, 68, 182, 157, 98, 211, 190, 49, 6, 45, 26, 76, 83, 195, 191, 122, 113, 148, 31, 13, 135, 161, 106, 58, 175, 120, 51, 95, 13 }
[ZOLT STAGE4 CLAIMS] expected_output = eq_be * combined = { 155, 226, 192, 104, 220, 170, 32, 76, 114, 245, 96, 42, 211, 198, 7, 62, 112, 157, 181, 187, 179, 67, 198, 234, 212, 103, 154, 169, 198, 231, 151, 47 }
[ZOLT STAGE4 CLAIMS] expected_output (BE bytes) = { 47, 151, 231, 198, 169, 154, 103, 212, 234, 198, 67, 179, 187, 181, 157, 112, 62, 7, 198, 211, 42, 96, 245, 114, 76, 32, 170, 220, 104, 192, 226, 155 }

[ZOLT STAGE4 VALEVAL DEBUG]
  val_eval_openings.inc_eval = { 0, 0, 0, 0, 0, 0, 0, 0, 0, 0, 0, 0, 0, 0, 0, 0, 0, 0, 0, 0, 0, 0, 0, 0, 0, 0, 0, 0, 0, 0, 0, 0 }
  val_eval_openings.wa_eval = { 32, 251, 147, 22, 160, 235, 105, 96, 120, 85, 139, 40, 163, 93, 169, 133, 167, 95, 65, 92, 98, 249, 193, 130, 31, 19, 230, 115, 54, 62, 179, 140 }
  val_eval_openings.lt_eval (from prover) = { 28, 21, 26, 217, 17, 212, 85, 43, 122, 133, 42, 117, 162, 206, 66, 196, 38, 113, 52, 127, 86, 202, 212, 83, 215, 86, 86, 209, 196, 140, 14, 49 }

[ZOLT LT DEBUG] Computing LT(r, r_cycle):
  [0] x={ 108, 14, 119, 123, 3, 62, 73, 151 }, y={ 118, 202, 103, 155, 160, 103, 201, 92 }, contrib={ 29, 39, 90, 39, 74, 16, 234, 49 }
  [1] x={ 13, 75, 124, 184, 148, 139, 178, 26 }, y={ 50, 162, 207, 71, 94, 82, 194, 68 }, contrib={ 65, 211, 239, 249, 58, 229, 26, 53 }
  [2] x={ 114, 217, 187, 74, 209, 106, 226, 185 }, y={ 60, 239, 132, 166, 89, 79, 201, 133 }, contrib={ 166, 22, 4, 89, 201, 163, 150, 221 }
  [3] x={ 198, 58, 164, 237, 101, 112, 116, 24 }, y={ 78, 192, 43, 81, 185, 207, 133, 29 }, contrib={ 41, 12, 168, 194, 147, 241, 82, 119 }
  lt_eval_computed (Jolt formula, BE) = { 28, 21, 26, 217, 17, 212, 85, 43, 122, 133, 42, 117, 162, 206, 66, 196, 38, 113, 52, 127, 86, 202, 212, 83, 215, 86, 86, 209, 196, 140, 14, 49 }
  lt_eval_prover (from binding) = { 28, 21, 26, 217, 17, 212, 85, 43, 122, 133, 42, 117, 162, 206, 66, 196, 38, 113, 52, 127, 86, 202, 212, 83, 215, 86, 86, 209, 196, 140, 14, 49 }
  Match? true
[ZOLT LT DEBUG] Computing LT using LE formulation:
  [0] s={ 158, 183, 28, 123, 126, 172, 174, 107 }, r={ 164, 190, 209, 92, 83, 48, 187, 126 }, contrib={ 71, 214, 6, 219, 94, 67, 191, 137 }
  [1] s={ 48, 243, 18, 248, 179, 255, 46, 227 }, r={ 149, 225, 200, 234, 198, 4, 157, 188 }, contrib={ 205, 192, 202, 61, 200, 206, 67, 165 }
  [2] s={ 80, 53, 157, 157, 10, 30, 50, 88 }, r={ 226, 218, 211, 182, 131, 36, 103, 185 }, contrib={ 199, 219, 211, 245, 3, 31, 211, 228 }
  lt_eval_le (LE formulation) = { 28, 21, 26, 217, 17, 212, 85, 43, 122, 133, 42, 117, 162, 206, 66, 196, 38, 113, 52, 127, 86, 202, 212, 83, 215, 86, 86, 209, 196, 140, 14, 49 }
  lt_eval_prover (from binding) = { 28, 21, 26, 217, 17, 212, 85, 43, 122, 133, 42, 117, 162, 206, 66, 196, 38, 113, 52, 127, 86, 202, 212, 83, 215, 86, 86, 209, 196, 140, 14, 49 }
  Match LE? true


[ZOLT STAGE4 VALFINAL DEBUG]
  val_final_openings.inc_eval = { 31, 225, 12, 235, 94, 85, 171, 108, 187, 233, 106, 3, 89, 83, 183, 24, 164, 102, 23, 98, 177, 59, 140, 210, 80, 218, 87, 252, 15, 164, 38, 236 }
  val_final_openings.wa_eval = { 32, 251, 147, 22, 160, 235, 105, 96, 120, 85, 139, 40, 163, 93, 169, 133, 167, 95, 65, 92, 98, 249, 193, 130, 31, 19, 230, 115, 54, 62, 179, 140 }

[ZOLT STAGE4 VERIFY CHECK]
  batched_claim (sumcheck output) = { 0, 66, 23, 199, 234, 57, 65, 84, 230, 95, 106, 248, 40, 133, 153, 157, 183, 53, 228, 84, 73, 69, 52, 68, 90, 209, 49, 99, 133, 211, 185, 161 }
  Instance 0: expected={ 47, 151, 231, 198, 169, 154, 103, 212 }, coeff={ 0, 0, 0, 0, 0, 0, 0, 0 }, weighted={ 41, 18, 169, 238, 171, 32, 23, 225 }
  Instance 1 (ValEval): inc*wa*lt={ 0, 0, 0, 0, 0, 0, 0, 0 }, coeff={ 0, 0, 0, 0, 0, 0, 0, 0 }, weighted={ 0, 0, 0, 0, 0, 0, 0, 0 }
  Instance 2 (ValFinal): inc*wa={ 15, 79, 109, 231, 98, 121, 184, 94 }, coeff={ 0, 0, 0, 0, 0, 0, 0, 0 }, weighted={ 7, 147, 188, 76, 32, 74, 201, 156 }
  total_expected = { 0, 66, 23, 199, 234, 57, 65, 84, 230, 95, 106, 248, 40, 133, 153, 157, 183, 53, 228, 84, 73, 69, 52, 68, 90, 209, 49, 99, 133, 211, 185, 161 }
  Do they match? true
[END VERIFY CHECK]

[STAGE4 INSERT] RegistersVal@RegistersReadWriteChecking:
  val_claim LE bytes = { 105, 97, 89, 31, 112, 92, 95, 154, 77, 82, 143, 125, 244, 65, 156, 60, 191, 158, 174, 182, 102, 11, 16, 51, 51, 160, 200, 100, 159, 161, 188, 17 }
  val_claim BE bytes = { 17, 188, 161, 159, 100, 200, 160, 51, 51, 16, 11, 102, 182, 174, 158, 191, 60, 156, 65, 244, 125, 143, 82, 77, 154, 95, 92, 112, 31, 89, 97, 105 }
[STAGE4 VERIFY] After insert, get returns:
  LE bytes = { 105, 97, 89, 31, 112, 92, 95, 154, 77, 82, 143, 125, 244, 65, 156, 60, 191, 158, 174, 182, 102, 11, 16, 51, 51, 160, 200, 100, 159, 161, 188, 17 }
  Match? true
[ZOLT TRANSCRIPT] appendBytes: len=32, state_before={ e9 82 30 0f df a8 50 fa ... }
[ZOLT TRANSCRIPT]   first_8_bytes={ 11 bc a1 9f 64 c8 a0 33 }
[ZOLT TRANSCRIPT]   last_8_bytes={ 9a 5f 5c 70 1f 59 61 69 }
[ZOLT TRANSCRIPT]   state_after={ c4 a8 08 c2 c1 b9 68 f3 ... }
[ZOLT TRANSCRIPT] appendBytes: len=32, state_before={ c4 a8 08 c2 c1 b9 68 f3 ... }
[ZOLT TRANSCRIPT]   first_8_bytes={ 18 ff 97 96 98 ae 57 25 }
[ZOLT TRANSCRIPT]   last_8_bytes={ f1 fa c1 29 0c 79 88 81 }
[ZOLT TRANSCRIPT]   state_after={ 70 e2 e0 5b 07 37 25 16 ... }
[ZOLT TRANSCRIPT] appendBytes: len=32, state_before={ 70 e2 e0 5b 07 37 25 16 ... }
[ZOLT TRANSCRIPT]   first_8_bytes={ 16 4f a4 40 67 6d fd 52 }
[ZOLT TRANSCRIPT]   last_8_bytes={ 81 df 72 d7 17 8d e7 95 }
[ZOLT TRANSCRIPT]   state_after={ f6 8a 45 11 f4 aa 1f 9b ... }
[ZOLT TRANSCRIPT] appendBytes: len=32, state_before={ f6 8a 45 11 f4 aa 1f 9b ... }
[ZOLT TRANSCRIPT]   first_8_bytes={ 1f 36 9e 1f a7 9e 76 1f }
[ZOLT TRANSCRIPT]   last_8_bytes={ 42 7f 60 45 32 df e9 4a }
[ZOLT TRANSCRIPT]   state_after={ 52 fa 38 63 a0 7a 83 c5 ... }
[ZOLT TRANSCRIPT] appendBytes: len=32, state_before={ 52 fa 38 63 a0 7a 83 c5 ... }
[ZOLT TRANSCRIPT]   first_8_bytes={ 27 07 b3 f6 11 b9 77 ca }
[ZOLT TRANSCRIPT]   last_8_bytes={ 32 ec e1 61 cd 3e 97 44 }
[ZOLT TRANSCRIPT]   state_after={ c9 b5 b7 ac a9 e7 ee 6b ... }
[ZOLT TRANSCRIPT] appendBytes: len=32, state_before={ c9 b5 b7 ac a9 e7 ee 6b ... }
[ZOLT TRANSCRIPT]   first_8_bytes={ 20 fb 93 16 a0 eb 69 60 }
[ZOLT TRANSCRIPT]   last_8_bytes={ 1f 13 e6 73 36 3e b3 8c }
[ZOLT TRANSCRIPT]   state_after={ 7c 7b 7b c0 4d 76 6e 79 ... }
[ZOLT TRANSCRIPT] appendBytes: len=32, state_before={ 7c 7b 7b c0 4d 76 6e 79 ... }
[ZOLT TRANSCRIPT]   first_8_bytes={ 00 00 00 00 00 00 00 00 }
[ZOLT TRANSCRIPT]   last_8_bytes={ 00 00 00 00 00 00 00 00 }
[ZOLT TRANSCRIPT]   state_after={ 13 5a 5c ab 14 e5 56 5d ... }
[ZOLT TRANSCRIPT] appendBytes: len=32, state_before={ 13 5a 5c ab 14 e5 56 5d ... }
[ZOLT TRANSCRIPT]   first_8_bytes={ 1f e1 0c eb 5e 55 ab 6c }
[ZOLT TRANSCRIPT]   last_8_bytes={ 50 da 57 fc 0f a4 26 ec }
[ZOLT TRANSCRIPT]   state_after={ 16 1d ab aa 88 a0 40 d6 ... }
[ZOLT TRANSCRIPT] appendBytes: len=32, state_before={ 16 1d ab aa 88 a0 40 d6 ... }
[ZOLT TRANSCRIPT]   first_8_bytes={ 20 fb 93 16 a0 eb 69 60 }
[ZOLT TRANSCRIPT]   last_8_bytes={ 1f 13 e6 73 36 3e b3 8c }
[ZOLT TRANSCRIPT]   state_after={ 91 d9 11 db f2 c9 53 b8 ... }
[STAGE4 -> STAGE5] Saved opening point for RegistersValEvaluation:
  r_address[0] = { 44, 75, 115, 234, 115, 97, 189, 17 }
  r_cycle[0] = { 41, 21, 27, 122, 124, 133, 198, 186 }
[STAGE4 -> STAGE5] Saved r_cycle_val for RamRaClaimReduction
[ZOLT TRANSCRIPT] challengeScalarFull: round=565
[ZOLT TRANSCRIPT]   standard_limbs=[0xbd57cf62c7f456fd, 0x4ea148754d493652, 0, 0]
[ZOLT TRANSCRIPT]   mont_result=[0x9ea0ad6f383c6b9b, 0x7a49ee3d804ba38d, 0xe1b6bf61892204b4, 0xe1d991a08c6b369]
[ZOLT TRANSCRIPT]   canonical_value=0x4ea148754d493652bd57cf62c7f456fd
[ZOLT TRANSCRIPT] challengeScalarFull: round=566
[ZOLT TRANSCRIPT]   standard_limbs=[0x2074c4f212a0b95a, 0xcbacc00f8d6c4780, 0, 0]
[ZOLT TRANSCRIPT]   mont_result=[0xf84a049a81af038d, 0x471c35a3a6618795, 0x7a5a682c38970609, 0x5f6b924394aafca]
[ZOLT TRANSCRIPT]   canonical_value=0xcbacc00f8d6c47802074c4f212a0b95a
[STAGE5] gamma_ram_ra = { 0, 0, 0, 0, 0, 0, 0, 0, 0, 0, 0, 0, 0, 0, 0, 0, 78, 161, 72, 117, 77, 73, 54, 82, 189, 87, 207, 98, 199, 244, 86, 253 }
[STAGE5] gamma_lookups_raf = { 0, 0, 0, 0, 0, 0, 0, 0, 0, 0, 0, 0, 0, 0, 0, 0, 203, 172, 192, 15, 141, 108, 71, 128, 32, 116, 196, 242, 18, 160, 185, 90 }
[STAGE5] Checking conditions: execution_trace=true, r_address=true, r_cycle=true
[STAGE5] Using trace-aware prover
[STAGE5] Configuration with trace: regs=8, ram_ra=24, lookups=136, max=136
[STAGE5] RamRaClaimReduction opening points:
  r_address_raf.len = 16, r_address_rw.len = 16
  r_cycle_raf.len = 8, r_cycle_rw.len = 8, r_cycle_val.len = 8
[STAGE5 GET] RegistersVal@RegistersReadWriteChecking (trace-aware path):
  LE bytes = { 105, 97, 89, 31, 112, 92, 95, 154, 77, 82, 143, 125, 244, 65, 156, 60, 191, 158, 174, 182, 102, 11, 16, 51, 51, 160, 200, 100, 159, 161, 188, 17 }
  BE bytes = { 17, 188, 161, 159, 100, 200, 160, 51, 51, 16, 11, 102, 182, 174, 158, 191, 60, 156, 65, 244, 125, 143, 82, 77, 154, 95, 92, 112, 31, 89, 97, 105 }
[STAGE5] RamRaClaimReduction input components:
  claim_raf (RamRafEvaluation) = { 0, 0, 0, 0, 0, 0, 0, 0, 0, 0, 0, 0, 0, 0, 0, 0 }
  claim_val_final (RamValFinalEvaluation) = { 167, 95, 65, 92, 98, 249, 193, 130, 31, 19, 230, 115, 54, 62, 179, 140 }
  claim_rw (RamReadWriteChecking) = { 0, 0, 0, 0, 0, 0, 0, 0, 0, 0, 0, 0, 0, 0, 0, 0 }
  claim_val_eval (RamValEvaluation) = { 167, 95, 65, 92, 98, 249, 193, 130, 31, 19, 230, 115, 54, 62, 179, 140 }
  gamma = { 78, 161, 72, 117, 77, 73, 54, 82, 189, 87, 207, 98, 199, 244, 86, 253 }
[STAGE5] Input claims (with trace):
  regs_val_input = { 17, 188, 161, 159, 100, 200, 160, 51, 51, 16, 11, 102, 182, 174, 158, 191, 60, 156, 65, 244, 125, 143, 82, 77, 154, 95, 92, 112, 31, 89, 97, 105 }
  ram_ra_input = { 6, 101, 18, 240, 237, 236, 16, 26, 61, 179, 145, 14, 126, 103, 99, 86, 160, 0, 63, 129, 92, 94, 167, 93, 159, 51, 85, 61, 138, 73, 231, 70 }
  lookups_input = { 9, 171, 24, 96, 190, 147, 21, 227, 130, 73, 65, 199, 168, 52, 215, 100, 202, 29, 232, 176, 147, 54, 168, 33, 142, 19, 226, 206, 79, 181, 177, 195 }
[STAGE5] Transcript state BEFORE appending input claims: { 203, 172, 192, 15, 141, 108, 71, 128 }
[ZOLT TRANSCRIPT] appendBytes: len=32, state_before={ cb ac c0 0f 8d 6c 47 80 ... }
[ZOLT TRANSCRIPT]   first_8_bytes={ 11 bc a1 9f 64 c8 a0 33 }
[ZOLT TRANSCRIPT]   last_8_bytes={ 9a 5f 5c 70 1f 59 61 69 }
[ZOLT TRANSCRIPT]   state_after={ 23 c3 df c8 cb 76 4e 55 ... }
[ZOLT TRANSCRIPT] appendBytes: len=32, state_before={ 23 c3 df c8 cb 76 4e 55 ... }
[ZOLT TRANSCRIPT]   first_8_bytes={ 06 65 12 f0 ed ec 10 1a }
[ZOLT TRANSCRIPT]   last_8_bytes={ 9f 33 55 3d 8a 49 e7 46 }
[ZOLT TRANSCRIPT]   state_after={ 5f 62 4a 13 57 8b 0d d5 ... }
[ZOLT TRANSCRIPT] appendBytes: len=32, state_before={ 5f 62 4a 13 57 8b 0d d5 ... }
[ZOLT TRANSCRIPT]   first_8_bytes={ 09 ab 18 60 be 93 15 e3 }
[ZOLT TRANSCRIPT]   last_8_bytes={ 8e 13 e2 ce 4f b5 b1 c3 }
[ZOLT TRANSCRIPT]   state_after={ a3 30 22 0f 32 02 97 01 ... }
[STAGE5] Transcript state AFTER appending input claims: { 163, 48, 34, 15, 50, 2, 151, 1 }
[ZOLT TRANSCRIPT] challengeScalarFull: round=570
[ZOLT TRANSCRIPT]   standard_limbs=[0xde56bfc5643d9704, 0xd123dc2a0dee8c5a, 0, 0]
[ZOLT TRANSCRIPT]   mont_result=[0x70699932a127ba8, 0x811674d4a9a43940, 0x522d41ecc06eaefd, 0x2b18c9413421cde5]
[ZOLT TRANSCRIPT]   canonical_value=0xd123dc2a0dee8c5ade56bfc5643d9704
[ZOLT TRANSCRIPT] challengeScalarFull: round=571
[ZOLT TRANSCRIPT]   standard_limbs=[0x3f2da6a0192a50, 0x149a2e91d4267f14, 0, 0]
[ZOLT TRANSCRIPT]   mont_result=[0x5c17424b098db6dc, 0x9826262f21c8ba27, 0x43ea430a774c5174, 0x1a842b6431222f43]
[ZOLT TRANSCRIPT]   canonical_value=0x149a2e91d4267f14003f2da6a0192a50
[ZOLT TRANSCRIPT] challengeScalarFull: round=572
[ZOLT TRANSCRIPT]   standard_limbs=[0x4d58c99ee2755045, 0x313aa709c6314e25, 0, 0]
[ZOLT TRANSCRIPT]   mont_result=[0x682bee16025f52e, 0x9d2280c1f54c9341, 0x82e440567dba6ef, 0x1b040cf06ae669fa]
[ZOLT TRANSCRIPT]   canonical_value=0x313aa709c6314e254d58c99ee2755045
[STAGE5] Batching coefficients:
  batch0 = d123dc2a0dee8c5ade56bfc5643d9704
  batch1 = 149a2e91d4267f14003f2da6a0192a50
  batch2 = 313aa709c6314e254d58c99ee2755045
[STAGE5] r_address_regs (len=7):
  r_address[0] = { 44, 75, 115, 234, 115, 97, 189, 17 }
  r_address[1] = { 29, 176, 192, 107, 170, 99, 221, 116 }
  r_address[2] = { 42, 36, 83, 28, 111, 75, 223, 42 }
  r_address[3] = { 42, 91, 173, 80, 11, 251, 25, 50 }
  r_address[4] = { 14, 32, 220, 143, 252, 157, 189, 105 }
  r_address[5] = { 43, 27, 108, 246, 34, 19, 4, 219 }
  r_address[6] = { 15, 181, 15, 187, 123, 123, 49, 204 }
[STAGE5] r_cycle_regs (len=8):
  r_cycle[0] = { 41, 21, 27, 122, 124, 133, 198, 186 }
  r_cycle[1] = { 26, 118, 158, 51, 244, 139, 205, 162 }
  r_cycle[2] = { 44, 213, 85, 173, 134, 133, 4, 205 }
  r_cycle[3] = { 5, 246, 255, 97, 178, 4, 255, 183 }
  r_cycle[4] = { 22, 39, 35, 195, 13, 140, 143, 101 }
  r_cycle[5] = { 3, 113, 96, 155, 111, 176, 185, 150 }
  r_cycle[6] = { 31, 77, 221, 186, 28, 38, 98, 176 }
  r_cycle[7] = { 13, 248, 196, 245, 248, 31, 137, 165 }
[STAGE5 EQ DEBUG] T=256, n_vars=8, First 5 eq_evals:
  eq_evals[0] = 175464c2c844d3c0cdd00f2dbe2ef517
  eq_evals[1] = 7c7e529b437af9b71a8aa5c140ae9e3f
  eq_evals[2] = 1e2791c64b95578fa5f976c20b97554c
  eq_evals[3] = 8ee740901fe51081ca8326d4abc7df31
  eq_evals[4] = a2201a08d0f7d8fd8de4aa199d133890
[STAGE5 EQ DEBUG] Sum of all eq_evals = 00000000000000000000000000000001 (should be 1)
[STAGE5 EQ DEBUG] r_reduction (ALL 8 elements, used for eq):
  r_reduction[0] = a270af2a26b8579a3819e34d5f35020d
  r_reduction[1] = b944793d53702ad50fb95852f7c7979c
  r_reduction[2] = 3c09a34147a33503ff947a0b5c9bfc19
  r_reduction[3] = 68ccffe8d706be0a5db9ee20dc95aeff
  r_reduction[4] = c01c8e938075ec4ff19233dfb6e1caac
  r_reduction[5] = cc63d14e191ab8b221ff75c7df2633c3
  r_reduction[6] = e9ddd20e85f461e0c887e4145e472150
  r_reduction[7] = dd23db3a8af02e853dca9a14ea6514e5
[STAGE5] First 10 polynomial values:
  j=0: rd=2, pre=0, post=32768, inc=0000000000008000, wa=61c57facc1ac034e, lt=5de7a347240aa8ea
  j=1: rd=2, pre=32768, post=32769, inc=0000000000000001, wa=61c57facc1ac034e, lt=0636ae58e9013966
  j=2: rd=2, pre=32769, post=2147549184, inc=0000000080007fff, wa=61c57facc1ac034e, lt=39a28f28684cd15c
  j=3: rd=1, pre=0, post=2147483664, inc=0000000080000010, wa=f30496c417a02031, lt=27dbe9c3b379e5b3
  j=4: rd=15, pre=0, post=9, inc=0000000000000009, wa=32f9e2340c3f66f0, lt=9be6c4bfe566ddf8
  j=5: rd=10, pre=0, post=1, inc=0000000000000001, wa=00a6675f0b06d0b9, lt=761654b300c09861
  j=6: rd=14, pre=0, post=0, inc=0000000000000000, wa=2db879e774ea4f0f, lt=097968d54b16b0c9
  j=7: rd=13, pre=0, post=1, inc=0000000000000001, wa=800e79fbcc1e335b, lt=a47f2fb466067998
  j=8: rd=15, pre=9, post=8, inc=43e1f593f0000000, wa=32f9e2340c3f66f0, lt=393b0914bcea1bcb
  j=9: rd=10, pre=1, post=1, inc=0000000000000000, wa=00a6675f0b06d0b9, lt=9b907191f835fa56
[STAGE5] Non-zero term at j=0: inc*wa*lt = 1f4741ba73c4b7db
[STAGE5] Non-zero term at j=1: inc*wa*lt = e0255af602dd13cd
[STAGE5] Non-zero term at j=2: inc*wa*lt = b12121814a1220bd
[STAGE5] Non-zero term at j=3: inc*wa*lt = 329cc95433daffd4
[STAGE5] Non-zero term at j=4: inc*wa*lt = abebb7ba34812861
[STAGE5] Total non-zero terms: 39
[STAGE5] Built polynomial tables: T=256, trace_len=256
[STAGE5] Sum check: computed_sum = { 17, 188, 161, 159, 100, 200, 160, 51, 51, 16, 11, 102, 182, 174, 158, 191 }
[STAGE5] Sum check: regs_val_input = { 17, 188, 161, 159, 100, 200, 160, 51, 51, 16, 11, 102, 182, 174, 158, 191 }
[STAGE5] Sum check: match = true
[STAGE5 COMBINED] j=0: opcode=0x37, left_op=0x0, right_op=0x8000, output=0x8000
[STAGE5 TRACE DEBUG] j=0: opcode=0x37, output={ 0, 0, 0, 0, 0, 0, 0, 0 }, left={ 0, 0, 0, 0, 0, 0, 0, 0 }, right={ 0, 0, 0, 0, 0, 0, 0, 0 }
[STAGE5 LOOKUPS] j=0: opcode=0x37, funct3=0, funct7=0, pc=0x80000000
  left_op={ 0, 0, 0, 0, 0, 0, 0, 0 }, right_op={ 0, 0, 0, 0, 0, 0, 128, 0 }, output={ 0, 0, 0, 0, 0, 0, 128, 0 }
  eq=cdd00f2dbe2ef517, combined=f28788cb79d0d362
  lookup_index: lo=0x0000000040000000, hi=0x0000000000000000
[STAGE5 COMBINED] j=1: opcode=0x1b, left_op=0x8000, right_op=0x1, output=0x8001
[STAGE5 TRACE DEBUG] j=1: opcode=0x1b, output={ 0, 0, 0, 0, 0, 0, 0, 0 }, left={ 0, 0, 0, 0, 0, 0, 0, 0 }, right={ 0, 0, 0, 0, 0, 0, 0, 0 }
[STAGE5 LOOKUPS] j=1: opcode=0x1b, funct3=0, funct7=0, pc=0x80000004
  left_op={ 0, 0, 0, 0, 0, 0, 128, 0 }, right_op={ 0, 0, 0, 0, 0, 0, 0, 1 }, output={ 0, 0, 0, 0, 0, 0, 128, 1 }
  eq=1a8aa5c140ae9e3f, combined=656e65b56b60b3a2
  lookup_index: lo=0x0000000040000001, hi=0x0000000000000000
[STAGE5 COMBINED] j=2: opcode=0x13, left_op=0x0, right_op=0x8011, output=0x80010000
[STAGE5 TRACE DEBUG] j=2: opcode=0x13, output={ 0, 0, 0, 0, 0, 0, 0, 0 }, left={ 0, 0, 0, 0, 0, 0, 0, 0 }, right={ 0, 0, 0, 0, 0, 0, 0, 0 }
[STAGE5 LOOKUPS] j=2: opcode=0x13, funct3=1, funct7=0, pc=0x80000008
  left_op={ 0, 0, 0, 0, 0, 0, 0, 0 }, right_op={ 0, 0, 0, 0, 0, 0, 128, 17 }, output={ 0, 0, 0, 0, 128, 1, 0, 0 }
  eq=a5f976c20b97554c, combined=8d86ea0a53b7c10d
  lookup_index: lo=0x0000000080000002, hi=0x0000000000000000
[STAGE5 COMBINED] j=3: opcode=0x6f, left_op=0x0, right_op=0x80000044, output=0x80000044
[STAGE5 TRACE DEBUG] j=3: opcode=0x6f, output={ 0, 0, 0, 0, 0, 0, 0, 0 }, left={ 0, 0, 0, 0, 0, 0, 0, 0 }, right={ 0, 0, 0, 0, 0, 0, 0, 0 }
[STAGE5 COMBINED] j=4: opcode=0x13, left_op=0x0, right_op=0x9, output=0x9
[STAGE5 TRACE DEBUG] j=4: opcode=0x13, output={ 0, 0, 0, 0, 0, 0, 0, 0 }, left={ 0, 0, 0, 0, 0, 0, 0, 0 }, right={ 0, 0, 0, 0, 0, 0, 0, 0 }
[STAGE5 LOOKUPS] First 5 right_op values (computed in loop):
  j=0: opcode=0x37, right_is_rs2=false, right_is_imm=true, imm=0x8000, rs2=0x0, right_input=0x8000
  j=1: opcode=0x1b, right_is_rs2=false, right_is_imm=true, imm=0x1, rs2=0x0, right_input=0x1
  j=2: opcode=0x13, right_is_rs2=false, right_is_imm=true, imm=0x10, rs2=0x0, right_input=0x10
  j=3: opcode=0x6f, right_is_rs2=false, right_is_imm=true, imm=0x38, rs2=0x0, right_input=0x38
  j=4: opcode=0x13, right_is_rs2=false, right_is_imm=true, imm=0x9, rs2=0x0, right_input=0x9
[STAGE5 LOOKUPS] Individual sum verification:
  output_sum (Σ eq*output) = { 43, 250, 182, 193, 169, 163, 223, 150, 44, 20, 164, 239, 171, 181, 211, 131 }
  rv_claim (from Stage 2)  = { 43, 250, 182, 193, 169, 163, 223, 150, 44, 20, 164, 239, 171, 181, 211, 131 }
  output match = true
  left_sum (Σ eq*left)     = { 41, 161, 13, 67, 197, 176, 200, 177, 0, 2, 6, 194, 175, 89, 22, 6 }
  left_op_claim (Stage 2)  = { 41, 161, 13, 67, 197, 176, 200, 177, 0, 2, 6, 194, 175, 89, 22, 6 }
  left match = true
  right_sum (Σ eq*right)   = { 2, 223, 74, 141, 71, 125, 158, 137, 21, 5, 168, 104, 207, 214, 46, 161 }
  right_op_claim (Stage 2) = { 2, 223, 74, 141, 71, 125, 158, 137, 21, 5, 168, 104, 207, 214, 46, 161 }
  right match = true
[STAGE5 LOOKUPS] Sum verification:
  computed_sum = { 9, 171, 24, 96, 190, 147, 21, 227 }
  lookups_input = { 9, 171, 24, 96, 190, 147, 21, 227 }
  rv_claim = { 43, 250, 182, 193, 169, 163, 223, 150 }
  left_op_claim = { 41, 161, 13, 67, 197, 176, 200, 177 }
  right_op_claim = { 2, 223, 74, 141, 71, 125, 158, 137 }
  match = true
[STAGE5] Initial batched claim = { 0, 251, 96, 23, 188, 72, 27, 46, 232, 170, 126, 83, 219, 192, 218, 178, 28, 10, 144, 45, 71, 14, 200, 162, 160, 102, 108, 233, 208, 120, 5, 153 }
[STAGE5 RAM_RA] Initializing with 1 RAM accesses
[STAGE5 RAM_RA] Access 0: raw_addr=0x7fffc008, remapped_addr=2049, cycle=54
  eq_raf_c={ 120, 57, 30, 8, 217, 226, 216, 62, 33, 118, 78, 187, 167, 191, 7, 213 }, eq_rw_c={ 118, 142, 82, 49, 139, 112, 145, 133, 229, 176, 198, 239, 64, 80, 243, 253 }, eq_val_c={ 164, 102, 23, 98, 177, 59, 140, 210, 80, 218, 87, 252, 15, 164, 38, 236 }
  G_A={ 2, 152, 47, 80, 119, 7, 231, 91, 173, 237, 217, 221, 122, 41, 188, 116 }, G_B={ 216, 185, 123, 48, 174, 220, 48, 18, 46, 70, 92, 125, 34, 187, 168, 155 }
[STAGE5 RAM_RA] B_1/B_2 eq polynomials (first 4 and last 4 of 65536):
  B_1[0]={ 132, 210, 84, 58, 230, 28, 157, 137, 108, 133, 230, 188, 106, 131, 17, 69 }, B_2[0]={ 132, 210, 84, 58, 230, 28, 157, 137, 108, 133, 230, 188, 106, 131, 17, 69 }
  B_1[1]={ 89, 59, 101, 155, 4, 249, 90, 220, 170, 238, 195, 98, 29, 121, 106, 77 }, B_2[1]={ 89, 59, 101, 155, 4, 249, 90, 220, 170, 238, 195, 98, 29, 121, 106, 77 }
  B_1[2]={ 248, 178, 96, 65, 215, 178, 164, 203, 8, 246, 157, 2, 180, 160, 65, 95 }, B_2[2]={ 248, 178, 96, 65, 215, 178, 164, 203, 8, 246, 157, 2, 180, 160, 65, 95 }
  B_1[3]={ 84, 199, 154, 196, 39, 224, 129, 155, 46, 103, 232, 30, 81, 189, 228, 158 }, B_2[3]={ 84, 199, 154, 196, 39, 224, 129, 155, 46, 103, 232, 30, 81, 189, 228, 158 }
  B_1[65532]={ 103, 84, 17, 251, 104, 236, 50, 120, 190, 46, 198, 61, 38, 203, 254, 177 }, B_2[65532]={ 103, 84, 17, 251, 104, 236, 50, 120, 190, 46, 198, 61, 38, 203, 254, 177 }
  B_1[65533]={ 91, 99, 102, 244, 214, 129, 67, 214, 64, 121, 153, 219, 171, 252, 155, 113 }, B_2[65533]={ 91, 99, 102, 244, 214, 129, 67, 214, 64, 121, 153, 219, 171, 252, 155, 113 }
  B_1[65534]={ 128, 209, 107, 133, 93, 202, 231, 99, 23, 28, 41, 240, 99, 177, 18, 115 }, B_2[65534]={ 128, 209, 107, 133, 93, 202, 231, 99, 23, 28, 41, 240, 99, 177, 18, 115 }
  B_1[65535]={ 94, 180, 205, 95, 214, 34, 14, 32, 186, 85, 242, 94, 140, 69, 78, 216 }, B_2[65535]={ 94, 180, 205, 95, 214, 34, 14, 32, 186, 85, 242, 94, 140, 69, 78, 216 }
